wavelength_nm,mean_of_treatments_absorptance_fraction_model,mean_of_treatments_transmittance_fraction_model,mean_of_treatments_reflectance_fraction_model,mean_of_treatments_absorptance_fraction_raw_digitized,mean_of_treatments_absorptance_fraction_implied_from_rt_raw,mean_of_treatments_absorptance_fraction_implied_from_rt,mean_of_treatments_absorptance_basis,mean_of_treatments_rt_model_adjustment,o_plus_fr_absorptance_fraction_model,o_plus_fr_transmittance_fraction_model,o_plus_fr_reflectance_fraction_model,o_plus_fr_absorptance_fraction_raw_digitized,o_plus_fr_absorptance_fraction_implied_from_rt_raw,o_plus_fr_absorptance_fraction_implied_from_rt,o_plus_fr_absorptance_basis,o_plus_fr_rt_model_adjustment,orange_absorptance_fraction_model,orange_transmittance_fraction_model,orange_reflectance_fraction_model,orange_absorptance_fraction_raw_digitized,orange_absorptance_fraction_implied_from_rt_raw,orange_absorptance_fraction_implied_from_rt,orange_absorptance_basis,orange_rt_model_adjustment,r_plus_fr_absorptance_fraction_model,r_plus_fr_transmittance_fraction_model,r_plus_fr_reflectance_fraction_model,r_plus_fr_absorptance_fraction_raw_digitized,r_plus_fr_absorptance_fraction_implied_from_rt_raw,r_plus_fr_absorptance_fraction_implied_from_rt,r_plus_fr_absorptance_basis,r_plus_fr_rt_model_adjustment,red_absorptance_fraction_model,red_transmittance_fraction_model,red_reflectance_fraction_model,red_absorptance_fraction_raw_digitized,red_absorptance_fraction_implied_from_rt_raw,red_absorptance_fraction_implied_from_rt,red_absorptance_basis,red_rt_model_adjustment
404,0.8868904738536102,0.022016351274734836,0.09109317487165496,0.8868904738536102,0.8835291865810837,0.8835291865810837,mean_of_treatment_models,mean_of_treatment_models,0.8717857044642966,0.027842210212782624,0.10037208532292077,0.8717857044642966,0.8757011079901027,0.8757011079901027,raw_digitized,rt_scaled_minor_digitization_residual_le_1pct,0.8999123005971359,0.01476856807563964,0.08531913132722446,0.8999123005971359,0.9099932446837782,0.9099932446837782,raw_digitized,rt_scaled_to_preserve_absorptance_and_unit_budget,0.8611179011022602,0.03194114727562528,0.10694095162211455,0.8611179011022602,0.8470677276056564,0.8470677276056564,raw_digitized,rt_scaled_to_preserve_absorptance_and_unit_budget,0.9147459892507481,0.013513479534891794,0.07174053121436008,0.9147459892507481,0.9013546660447974,0.9013546660447974,raw_digitized,rt_scaled_to_preserve_absorptance_and_unit_budget
405,0.8806742165081016,0.022161631178935035,0.09716415231296324,0.8806742165081016,0.878773098761563,0.878773098761563,mean_of_treatment_models,mean_of_treatment_models,0.8694681409818298,0.026968906416981585,0.10356295260118863,0.8694681409818298,0.8712588979469239,0.8712588979469239,raw_digitized,rt_scaled_minor_digitization_residual_le_1pct,0.89619643501874,0.014047788236268312,0.08975577674499166,0.89619643501874,0.9018397381990397,0.9018397381990397,raw_digitized,rt_scaled_minor_digitization_residual_le_1pct,0.8557987813476811,0.03211825191404023,0.1120829667382787,0.8557987813476811,0.8415724261749788,0.8415724261749788,raw_digitized,rt_scaled_to_preserve_absorptance_and_unit_budget,0.901233508684156,0.015511578148450013,0.08325491316739402,0.901233508684156,0.9004213327253091,0.9004213327253091,raw_digitized,rt_scaled_minor_digitization_residual_le_1pct
406,0.8749609261642739,0.022418174025300375,0.10262089981042576,0.8749609261642739,0.8750708617761551,0.8750708617761551,mean_of_treatment_models,mean_of_treatment_models,0.8671505774993631,0.02617225555301306,0.10667716694762387,0.8671505774993631,0.8667766427682602,0.8667766427682602,raw_digitized,rt_scaled_minor_digitization_residual_le_1pct,0.8944924374470665,0.013736153858471148,0.09177140869446233,0.8944924374470665,0.8979416801862383,0.8979416801862383,raw_digitized,rt_scaled_minor_digitization_residual_le_1pct,0.850479661593102,0.03229090694025713,0.11722943146664093,0.850479661593102,0.8360771247443015,0.8360771247443015,raw_digitized,rt_scaled_to_preserve_absorptance_and_unit_budget,0.8877210281175639,0.017473379749460158,0.0948055921329759,0.8877210281175639,0.8994879994058207,0.8994879994058207,raw_digitized,rt_scaled_to_preserve_absorptance_and_unit_budget
407,0.8705529097010907,0.02210193518256448,0.10734515511634488,0.8705529097010907,0.8688063666153992,0.8688063666153992,mean_of_treatment_models,mean_of_treatment_models,0.8648330140168964,0.02562789275748783,0.1095390932256158,0.8648330140168964,0.8620274866052584,0.8620274866052584,raw_digitized,rt_scaled_minor_digitization_residual_le_1pct,0.8978492217349271,0.01378367852442535,0.08836709974064756,0.8978492217349271,0.9015070664417403,0.9015070664417403,raw_digitized,rt_scaled_minor_digitization_residual_le_1pct,0.8453208555015672,0.032487580887206574,0.12219156361122621,0.8453208555015672,0.8309032811805243,0.8309032811805243,raw_digitized,rt_scaled_to_preserve_absorptance_and_unit_budget,0.8742085475509719,0.016508588561138165,0.10928286388788995,0.8742085475509719,0.8807876322340739,0.8807876322340739,raw_digitized,rt_scaled_minor_digitization_residual_le_1pct
408,0.8786398470817448,0.022202153282957323,0.0991579996352979,0.8786398470817448,0.8749344984988472,0.8749344984988472,mean_of_treatment_models,mean_of_treatment_models,0.866927128625801,0.028826691320014593,0.10424618005418439,0.866927128625801,0.879635654466627,0.879635654466627,raw_digitized,rt_scaled_to_preserve_absorptance_and_unit_budget,0.9012060060227877,0.01383455987245747,0.08495943410475486,0.9012060060227877,0.9050724526972422,0.9050724526972422,raw_digitized,rt_scaled_minor_digitization_residual_le_1pct,0.8421020511248899,0.033434316743396794,0.1244636321317133,0.8421020511248899,0.8327949122400076,0.8327949122400076,raw_digitized,rt_scaled_minor_digitization_residual_le_1pct,0.9043242025535005,0.012713045195960431,0.08296275225053902,0.9043242025535005,0.8822349745915118,0.8822349745915118,raw_digitized,rt_scaled_to_preserve_absorptance_and_unit_budget
409,0.8795708473839975,0.0218526533410357,0.09857649927496687,0.8795708473839975,0.8765242588415916,0.8765242588415916,mean_of_treatment_models,mean_of_treatment_models,0.8709590033217349,0.02698723561648524,0.10205376106177984,0.8709590033217349,0.8757386734749012,0.8757386734749012,raw_digitized,rt_scaled_minor_digitization_residual_le_1pct,0.9045627903106482,0.013453526248039737,0.08198368344131203,0.9045627903106482,0.9091233412006786,0.9091233412006786,raw_digitized,rt_scaled_minor_digitization_residual_le_1pct,0.8388832467482125,0.03379964895840681,0.12731710429338072,0.8388832467482125,0.8354639972220956,0.8354639972220956,raw_digitized,rt_scaled_minor_digitization_residual_le_1pct,0.9038783491553941,0.013170202541211012,0.08295144830339488,0.9038783491553941,0.8857710234686909,0.8857710234686909,raw_digitized,rt_scaled_to_preserve_absorptance_and_unit_budget
410,0.8858697869758927,0.020808803370068074,0.09332140965403926,0.8858697869758927,0.8793118224581324,0.8793118224581324,mean_of_treatment_models,mean_of_treatment_models,0.8744847023984325,0.025176902412113834,0.10033839518945371,0.8744847023984325,0.870872178768197,0.870872178768197,raw_digitized,rt_scaled_minor_digitization_residual_le_1pct,0.9216834227756369,0.01186497321471671,0.06645160400964642,0.9216834227756369,0.9190707191909732,0.9190707191909732,raw_digitized,rt_scaled_minor_digitization_residual_le_1pct,0.8438785269722135,0.0324351821730538,0.12368629085473264,0.8438785269722135,0.8381330822041837,0.8381330822041837,raw_digitized,rt_scaled_minor_digitization_residual_le_1pct,0.9034324957572878,0.013758155680387959,0.08280934856232425,0.9034324957572878,0.8891713096691761,0.8891713096691761,raw_digitized,rt_scaled_to_preserve_absorptance_and_unit_budget
411,0.8853125373348814,0.019740787055178947,0.09494667560993969,0.8853125373348814,0.8738645773087853,0.8738645773087853,mean_of_treatment_models,mean_of_treatment_models,0.8756699418261844,0.022581652580695902,0.1017484055931197,0.8756699418261844,0.8574297911650139,0.8574297911650139,raw_digitized,rt_scaled_to_preserve_absorptance_and_unit_budget,0.9287695679931235,0.012259269538874532,0.05897116246800198,0.9287695679931235,0.9319554361490605,0.9319554361490605,raw_digitized,rt_scaled_minor_digitization_residual_le_1pct,0.8338239971610361,0.029548151988925714,0.13662785085003823,0.8338239971610361,0.8140372307916767,0.8140372307916767,raw_digitized,rt_scaled_to_preserve_absorptance_and_unit_budget,0.9029866423591815,0.014574074112219651,0.08243928352859888,0.9029866423591815,0.8920358511293903,0.8920358511293903,raw_digitized,rt_scaled_to_preserve_absorptance_and_unit_budget
412,0.8903894234026829,0.022926487287423997,0.08668408930989302,0.8903894234026829,0.8946831671623876,0.8946831671623876,mean_of_treatment_models,mean_of_treatment_models,0.8768551812539365,0.029777378370639672,0.09336744037542387,0.8768551812539365,0.8923737362003883,0.8923737362003883,raw_digitized,rt_scaled_to_preserve_absorptance_and_unit_budget,0.9351014631233862,0.012487046066313756,0.05241149081030009,0.9351014631233862,0.9419926614483808,0.9419926614483808,raw_digitized,rt_scaled_minor_digitization_residual_le_1pct,0.8472226218592397,0.034633935810664374,0.11814344233009595,0.8472226218592397,0.8541236689707719,0.8541236689707719,raw_digitized,rt_scaled_minor_digitization_residual_le_1pct,0.9023784273741696,0.014807588902078181,0.0828139837237522,0.9023784273741696,0.8902426020300098,0.8902426020300098,raw_digitized,rt_scaled_to_preserve_absorptance_and_unit_budget
413,0.8995674562425047,0.020778797876094292,0.07965374588140096,0.8995674562425047,0.8930773832664252,0.8930773832664252,mean_of_treatment_models,mean_of_treatment_models,0.8780404206816884,0.03120704854088156,0.09075253077743003,0.8780404206816884,0.8977834732091153,0.8977834732091153,raw_digitized,rt_scaled_to_preserve_absorptance_and_unit_budget,0.9414333582536489,0.009478764925924477,0.04908787682042659,0.9414333582536489,0.9344358653101341,0.9344358653101341,raw_digitized,rt_scaled_minor_digitization_residual_le_1pct,0.8773486421131709,0.027341682065218278,0.09530967582161086,0.8773486421131709,0.8516408416158218,0.8516408416158218,raw_digitized,rt_scaled_to_preserve_absorptance_and_unit_budget,0.9014474039215108,0.015087695972352847,0.08346490010613636,0.9014474039215108,0.8884493529306293,0.8884493529306293,raw_digitized,rt_scaled_to_preserve_absorptance_and_unit_budget
414,0.8909068376348367,0.021349220386780166,0.08774394197838314,0.8909068376348367,0.8870480072380964,0.8870480072380964,mean_of_treatment_models,mean_of_treatment_models,0.8792256601094405,0.029300588519770056,0.09147375137078947,0.8792256601094405,0.8916432967289581,0.8916432967289581,raw_digitized,rt_scaled_to_preserve_absorptance_and_unit_budget,0.9199222468688443,0.011320506480515125,0.06875724665064059,0.9199222468688443,0.9234295325918009,0.9234295325918009,raw_digitized,rt_scaled_minor_digitization_residual_le_1pct,0.86396306309221,0.029326959508094576,0.10670997739969539,0.86396306309221,0.8465748229694323,0.8465748229694323,raw_digitized,rt_scaled_to_preserve_absorptance_and_unit_budget,0.900516380468852,0.015448827038740903,0.08403479249240714,0.900516380468852,0.8865443766621941,0.8865443766621941,raw_digitized,rt_scaled_to_preserve_absorptance_and_unit_budget
415,0.8826412374649941,0.02199458361852608,0.09536417891647975,0.8826412374649941,0.881226042426499,0.881226042426499,mean_of_treatment_models,mean_of_treatment_models,0.8804108995371924,0.02766000037891101,0.09192910008389656,0.8804108995371924,0.8854232292669474,0.8854232292669474,raw_digitized,rt_scaled_minor_digitization_residual_le_1pct,0.901240152584393,0.013023899935395954,0.08573594748021099,0.901240152584393,0.9133889033452411,0.9133889033452411,raw_digitized,rt_scaled_to_preserve_absorptance_and_unit_budget,0.8493285407221982,0.03144649714922621,0.11922496212857557,0.8493285407221982,0.8415088043230429,0.8415088043230429,raw_digitized,rt_scaled_minor_digitization_residual_le_1pct,0.899585357016193,0.01584793701057114,0.08456670597323585,0.899585357016193,0.8845832327707644,0.8845832327707644,raw_digitized,rt_scaled_to_preserve_absorptance_and_unit_budget
416,0.8881488369513917,0.021431168727788302,0.0904199943208201,0.8881488369513917,0.8812686668870031,0.8812686668870031,mean_of_treatment_models,mean_of_treatment_models,0.8815961389649445,0.02741649399575097,0.09098736703930453,0.8815961389649445,0.8846326710790771,0.8846326710790771,raw_digitized,rt_scaled_minor_digitization_residual_le_1pct,0.9168681629211438,0.011723220115353086,0.0714086169635031,0.9168681629211438,0.9147714687391606,0.9147714687391606,raw_digitized,rt_scaled_minor_digitization_residual_le_1pct,0.8578310374268405,0.02996066451282823,0.11220829806033125,0.8578310374268405,0.8430217917470495,0.8430217917470495,raw_digitized,rt_scaled_to_preserve_absorptance_and_unit_budget,0.8963000084926376,0.016624296287220917,0.0870756952201415,0.8963000084926376,0.8826487359827253,0.8826487359827253,raw_digitized,rt_scaled_to_preserve_absorptance_and_unit_budget
417,0.8903235652942729,0.02204496558146667,0.08763146912426038,0.8903235652942729,0.8852262841987344,0.8852262841987344,mean_of_treatment_models,mean_of_treatment_models,0.8825895590733082,0.027518240898709252,0.08989220002798258,0.8825895590733082,0.8851161087779692,0.8851161087779692,raw_digitized,rt_scaled_minor_digitization_residual_le_1pct,0.9196603523105029,0.012116448187008527,0.06822319950248856,0.9196603523105029,0.9163480100813886,0.9163480100813886,raw_digitized,rt_scaled_minor_digitization_residual_le_1pct,0.8636092755661107,0.03059625883834472,0.1057944655955446,0.8636092755661107,0.8525169491643864,0.8525169491643864,raw_digitized,rt_scaled_to_preserve_absorptance_and_unit_budget,0.8954350742271701,0.01794891440180418,0.08661601137102576,0.8954350742271701,0.8869240687711933,0.8869240687711933,raw_digitized,rt_scaled_minor_digitization_residual_le_1pct
418,0.8932733057918065,0.022398614203534506,0.08432808000465902,0.8932733057918065,0.8893918045236369,0.8893918045236369,mean_of_treatment_models,mean_of_treatment_models,0.883472170771814,0.027643440429005305,0.08888438879918074,0.883472170771814,0.8855995464768615,0.8855995464768615,raw_digitized,rt_scaled_minor_digitization_residual_le_1pct,0.9224525416998621,0.012225870382281097,0.06532158791785678,0.9224525416998621,0.9182490829563715,0.9182490829563715,raw_digitized,rt_scaled_minor_digitization_residual_le_1pct,0.8693875137053809,0.03131907303075185,0.09929341326386724,0.8693875137053809,0.8620121065817232,0.8620121065817232,raw_digitized,rt_scaled_minor_digitization_residual_le_1pct,0.8977809969901689,0.01840607297209977,0.08381293003773133,0.8977809969901689,0.8917064820795912,0.8917064820795912,raw_digitized,rt_scaled_minor_digitization_residual_le_1pct
419,0.8968355219997568,0.022446903469469905,0.08071757453077327,0.8968355219997568,0.8926911794001087,0.8926911794001087,mean_of_treatment_models,mean_of_treatment_models,0.8843547824703197,0.027782814837290403,0.08786240269238987,0.8843547824703197,0.8861502617472959,0.8861502617472959,raw_digitized,rt_scaled_minor_digitization_residual_le_1pct,0.9252447310892213,0.012273535678123025,0.062481733232655635,0.9252447310892213,0.9201776643658407,0.9201776643658407,raw_digitized,rt_scaled_minor_digitization_residual_le_1pct,0.8776156546863185,0.030897989088918658,0.09148635622476282,0.8776156546863185,0.8678608873550651,0.8678608873550651,raw_digitized,rt_scaled_minor_digitization_residual_le_1pct,0.9001269197531677,0.018833274273547543,0.08103980597328475,0.9001269197531677,0.896575904132233,0.896575904132233,raw_digitized,rt_scaled_minor_digitization_residual_le_1pct
420,0.8998221232420933,0.022478470408456196,0.07769940634945056,0.8998221232420933,0.8940720910722373,0.8940720910722373,mean_of_treatment_models,mean_of_treatment_models,0.8852373941688255,0.02834290608511401,0.08641969974606048,0.8852373941688255,0.8866524685605697,0.8866524685605697,raw_digitized,rt_scaled_minor_digitization_residual_le_1pct,0.9248111127820687,0.012463135840858354,0.06272575137707291,0.9248111127820687,0.9196275625461041,0.9196275625461041,raw_digitized,rt_scaled_minor_digitization_residual_le_1pct,0.8867671435013122,0.030583132636413612,0.08264972386227414,0.8867671435013122,0.8727012490943065,0.8727012490943065,raw_digitized,rt_scaled_to_preserve_absorptance_and_unit_budget,0.9024728425161664,0.018524707071438808,0.07900245041239476,0.9024728425161664,0.8973070840879692,0.8973070840879692,raw_digitized,rt_scaled_minor_digitization_residual_le_1pct
421,0.9002409571959678,0.02301112732347385,0.07674791548055832,0.9002409571959678,0.8942030971229908,0.8942030971229908,mean_of_treatment_models,mean_of_treatment_models,0.8861200058673313,0.02908743729881961,0.08479255683384908,0.8861200058673313,0.8869024854697178,0.8869024854697178,raw_digitized,rt_scaled_minor_digitization_residual_le_1pct,0.9234274315504712,0.01281143865214696,0.06376112979738181,0.9234274315504712,0.9190774607263674,0.9190774607263674,raw_digitized,rt_scaled_minor_digitization_residual_le_1pct,0.8890377028459773,0.031922277748670104,0.07904001940535263,0.8890377028459773,0.8769363915558668,0.8769363915558668,raw_digitized,rt_scaled_to_preserve_absorptance_and_unit_budget,0.9023786885200915,0.018223355594258736,0.07939795588564975,0.9023786885200915,0.8938960507400118,0.8938960507400118,raw_digitized,rt_scaled_minor_digitization_residual_le_1pct
422,0.9001437647896627,0.023320524346065172,0.07653571086427209,0.9001437647896627,0.8924613830668897,0.8924613830668897,mean_of_treatment_models,mean_of_treatment_models,0.8870026175658371,0.029821280787985783,0.08317610164617711,0.8870026175658371,0.887152502378866,0.887152502378866,raw_digitized,rt_scaled_minor_digitization_residual_le_1pct,0.9220437503188738,0.013479918348064472,0.06447633133306177,0.9220437503188738,0.9181261472884908,0.9181261472884908,raw_digitized,rt_scaled_minor_digitization_residual_le_1pct,0.8897845035311849,0.03189753854121028,0.07831795792760485,0.8897845035311849,0.874140403722133,0.874140403722133,raw_digitized,rt_scaled_to_preserve_absorptance_and_unit_budget,0.9017441877427552,0.01808335970700015,0.08017245255024463,0.9017441877427552,0.8904264788780691,0.8904264788780691,raw_digitized,rt_scaled_to_preserve_absorptance_and_unit_budget
423,0.8993388684530035,0.02384362625684027,0.07681750529015619,0.8993388684530035,0.8918111984846435,0.8918111984846435,mean_of_treatment_models,mean_of_treatment_models,0.8850544135429265,0.03131558817803674,0.08362999827903679,0.8850544135429265,0.8874025192880142,0.8874025192880142,raw_digitized,rt_scaled_minor_digitization_residual_le_1pct,0.9206600690872764,0.01481636257070118,0.06452356834202244,0.9206600690872764,0.9205939902793266,0.9205939902793266,raw_digitized,rt_scaled_minor_digitization_residual_le_1pct,0.8905313042163925,0.03128656148200883,0.07818213430159868,0.8905313042163925,0.8722913773551069,0.8722913773551069,raw_digitized,rt_scaled_to_preserve_absorptance_and_unit_budget,0.9011096869654188,0.017955992796614337,0.08093432023796684,0.9011096869654188,0.8869569070161266,0.8869569070161266,raw_digitized,rt_scaled_to_preserve_absorptance_and_unit_budget
424,0.8943646188308343,0.024929047316020043,0.0807063338531457,0.8943646188308343,0.8900953448524389,0.8900953448524389,mean_of_treatment_models,mean_of_treatment_models,0.8767271261588071,0.03312872116524537,0.09014415267594753,0.8767271261588071,0.8877054135139935,0.8877054135139935,raw_digitized,rt_scaled_to_preserve_absorptance_and_unit_budget,0.9184493450637992,0.01592557017320869,0.06562508476299216,0.9184493450637992,0.9206282267549357,0.9206282267549357,raw_digitized,rt_scaled_minor_digitization_residual_le_1pct,0.8837303708856203,0.03277682550634732,0.08349280360803234,0.8837303708856203,0.8705138282599565,0.8705138282599565,raw_digitized,rt_scaled_to_preserve_absorptance_and_unit_budget,0.8985516332151104,0.017885072419278784,0.08356329436561077,0.8985516332151104,0.8815339108808699,0.8815339108808699,raw_digitized,rt_scaled_to_preserve_absorptance_and_unit_budget
425,0.8894825721387192,0.02519633283419487,0.0853210950270859,0.8894825721387192,0.8854292651243014,0.8854292651243014,mean_of_treatment_models,mean_of_treatment_models,0.8714564019884455,0.03363026911653146,0.094913328895023,0.8714564019884455,0.8877353716411469,0.8877353716411469,raw_digitized,rt_scaled_to_preserve_absorptance_and_unit_budget,0.9159672754523996,0.0157203113665253,0.06831241318107506,0.9159672754523996,0.9139440833952797,0.9139440833952797,raw_digitized,rt_scaled_minor_digitization_residual_le_1pct,0.8765931278384618,0.033582255054747004,0.08982461710679122,0.8765931278384618,0.8658504067299805,0.8658504067299805,raw_digitized,rt_scaled_to_preserve_absorptance_and_unit_budget,0.89391348327557,0.017852495798975722,0.08823402092545432,0.89391348327557,0.8741871987307985,0.8741871987307985,raw_digitized,rt_scaled_to_preserve_absorptance_and_unit_budget
426,0.8889032857581416,0.024488455306742554,0.0866082589351158,0.8889032857581416,0.8845058977172437,0.8845058977172437,mean_of_treatment_models,mean_of_treatment_models,0.8742361950826281,0.03200739001471742,0.09375641490265452,0.8742361950826281,0.8877653297683004,0.8877653297683004,raw_digitized,rt_scaled_to_preserve_absorptance_and_unit_budget,0.9134852058410001,0.01484080836064175,0.07167398579835813,0.9134852058410001,0.9082121066868252,0.9082121066868252,raw_digitized,rt_scaled_minor_digitization_residual_le_1pct,0.8776465263867498,0.03228789389432682,0.09006557971892341,0.8776465263867498,0.8616521761777538,0.8616521761777538,raw_digitized,rt_scaled_to_preserve_absorptance_and_unit_budget,0.8902452157221886,0.018817728957284226,0.09093705532052715,0.8902452157221886,0.8803939782360957,0.8803939782360957,raw_digitized,rt_scaled_minor_digitization_residual_le_1pct
427,0.8920331049992896,0.024103574229780572,0.08386332077092987,0.8920331049992896,0.8877744354658712,0.8877744354658712,mean_of_treatment_models,mean_of_treatment_models,0.8770159881768105,0.030678953927003667,0.09230505789618584,0.8770159881768105,0.8874849261935844,0.8874849261935844,raw_digitized,rt_scaled_to_preserve_absorptance_and_unit_budget,0.9163134739118924,0.014431222294082202,0.06925530379402535,0.9163134739118924,0.9107423873985013,0.9107423873985013,raw_digitized,rt_scaled_minor_digitization_residual_le_1pct,0.879091333846521,0.032487309455958756,0.0884213566975202,0.879091333846521,0.8628374537643639,0.8628374537643639,raw_digitized,rt_scaled_to_preserve_absorptance_and_unit_budget,0.8957116240619343,0.018816811242077666,0.08547156469598806,0.8957116240619343,0.8900329745070356,0.8900329745070356,raw_digitized,rt_scaled_minor_digitization_residual_le_1pct
428,0.8954691458058253,0.023910536284362148,0.08062031790981253,0.8954691458058253,0.8912405635374501,0.8912405635374501,mean_of_treatment_models,mean_of_treatment_models,0.880138466809836,0.02981537644404446,0.09004615674611956,0.880138466809836,0.8865562402808213,0.8865562402808213,raw_digitized,rt_scaled_minor_digitization_residual_le_1pct,0.920023942705493,0.014133509255960217,0.06584254803854675,0.920023942705493,0.9149030425193462,0.9149030425193462,raw_digitized,rt_scaled_minor_digitization_residual_le_1pct,0.8805361413062922,0.032805040249445055,0.08665881844426272,0.8805361413062922,0.8638310005716575,0.8638310005716575,raw_digitized,rt_scaled_to_preserve_absorptance_and_unit_budget,0.90117803240168,0.018888219187998864,0.0799337484103211,0.90117803240168,0.8996719707779753,0.8996719707779753,raw_digitized,rt_scaled_minor_digitization_residual_le_1pct
429,0.8991421884212438,0.023603283631093874,0.07725452794766233,0.8991421884212438,0.893776749414814,0.893776749414814,mean_of_treatment_models,mean_of_treatment_models,0.8844283778942184,0.029106113639183393,0.08646550846659826,0.8844283778942184,0.88734926676709,0.88734926676709,raw_digitized,rt_scaled_minor_digitization_residual_le_1pct,0.9237344114990937,0.013749815332412282,0.06251577316849397,0.9237344114990937,0.9185470032235092,0.9185470032235092,raw_digitized,rt_scaled_minor_digitization_residual_le_1pct,0.8817615235502374,0.033177517860967655,0.08506095858879496,0.8817615235502374,0.8648245473789511,0.8648245473789511,raw_digitized,rt_scaled_to_preserve_absorptance_and_unit_budget,0.9066444407414257,0.01837968769181216,0.07497587156676215,0.9066444407414257,0.9043861802897056,0.9043861802897056,raw_digitized,rt_scaled_minor_digitization_residual_le_1pct
430,0.9018593129195187,0.023605850766944884,0.07453483631353636,0.9018593129195187,0.8957523464392996,0.8957523464392996,mean_of_treatment_models,mean_of_treatment_models,0.8887182889786007,0.028672749000084423,0.08260896202131485,0.8887182889786007,0.88930320159768,0.88930320159768,raw_digitized,rt_scaled_minor_digitization_residual_le_1pct,0.9265518146946897,0.013435923516051872,0.0600122617892584,0.9265518146946897,0.9215561365635613,0.9215561365635613,raw_digitized,rt_scaled_minor_digitization_residual_le_1pct,0.8822711194520643,0.03338385324557435,0.08434502730236138,0.8822711194520643,0.8643428205920944,0.8643428205920944,raw_digitized,rt_scaled_to_preserve_absorptance_and_unit_budget,0.9098960285527203,0.018930877306068888,0.07117309414121077,0.9098960285527203,0.9078072270038626,0.9078072270038626,raw_digitized,rt_scaled_minor_digitization_residual_le_1pct
431,0.9044749834238779,0.023474440683411854,0.0720505758927102,0.9044749834238779,0.8972797415209353,0.8972797415209353,mean_of_treatment_models,mean_of_treatment_models,0.8930082000629831,0.02806398261016662,0.0789278173268503,0.8930082000629831,0.8914608667176362,0.8914608667176362,raw_digitized,rt_scaled_minor_digitization_residual_le_1pct,0.9290836818853386,0.013206622804320951,0.057709695310340425,0.9290836818853386,0.9245240391155556,0.9245240391155556,raw_digitized,rt_scaled_minor_digitization_residual_le_1pct,0.8827807153538911,0.03318172776710259,0.08403755687900628,0.8827807153538911,0.8622077559932795,0.8622077559932795,raw_digitized,rt_scaled_to_preserve_absorptance_and_unit_budget,0.9130273363932989,0.01944542955205726,0.06752723405464384,0.9130273363932989,0.9109263042572702,0.9109263042572702,raw_digitized,rt_scaled_minor_digitization_residual_le_1pct
432,0.9070237685042901,0.02295223710484949,0.07002399439086028,0.9070237685042901,0.8984091467640368,0.8984091467640368,mean_of_treatment_models,mean_of_treatment_models,0.8970305694515779,0.02743678094471817,0.07553264960370394,0.8970305694515779,0.8940786108895457,0.8940786108895457,raw_digitized,rt_scaled_minor_digitization_residual_le_1pct,0.9316155490759876,0.012979084657660145,0.05540536626635221,0.9316155490759876,0.9274919416675498,0.9274919416675498,raw_digitized,rt_scaled_minor_digitization_residual_le_1pct,0.883290311255718,0.0323772241749032,0.0843324645693788,0.883290311255718,0.8622773994829491,0.8622773994829491,raw_digitized,rt_scaled_to_preserve_absorptance_and_unit_budget,0.9161586442338774,0.019015858642116454,0.06482549712400616,0.9161586442338774,0.9097886350161029,0.9097886350161029,raw_digitized,rt_scaled_minor_digitization_residual_le_1pct
433,0.9096664433762471,0.02303798032278217,0.06729557630097059,0.9096664433762471,0.9028296671923599,0.9028296671923599,mean_of_treatment_models,mean_of_treatment_models,0.9006037254370677,0.027545164183959643,0.07185111037897268,0.9006037254370677,0.8990460122271136,0.8990460122271136,raw_digitized,rt_scaled_minor_digitization_residual_le_1pct,0.9341474162666366,0.012753534749479812,0.05309904898388363,0.9341474162666366,0.9304598442195441,0.9304598442195441,raw_digitized,rt_scaled_minor_digitization_residual_le_1pct,0.8855740478679903,0.03343878332122774,0.08098716881078194,0.8855740478679903,0.8726368686821926,0.8726368686821926,raw_digitized,rt_scaled_to_preserve_absorptance_and_unit_budget,0.9183405839332944,0.018414439036461474,0.0632449770302441,0.9183405839332944,0.9091759436405895,0.9091759436405895,raw_digitized,rt_scaled_minor_digitization_residual_le_1pct
434,0.9124847589009039,0.022645096932780943,0.0648701441663152,0.9124847589009039,0.9057395634973102,0.9057395634973102,mean_of_treatment_models,mean_of_treatment_models,0.9041768814225574,0.02768311764787536,0.06814000092956728,0.9041768814225574,0.9040134135646816,0.9040134135646816,raw_digitized,rt_scaled_minor_digitization_residual_le_1pct,0.9369797448183838,0.012356123773874253,0.050664131407741994,0.9369797448183838,0.9328099912408958,0.9328099912408958,raw_digitized,rt_scaled_minor_digitization_residual_le_1pct,0.8885979526210365,0.032877369787533375,0.07852467759143016,0.8885979526210365,0.8772300967665334,0.8772300967665334,raw_digitized,rt_scaled_to_preserve_absorptance_and_unit_budget,0.9201844567416378,0.01766377652184078,0.062151766736521376,0.9201844567416378,0.9089047524171301,0.9089047524171301,raw_digitized,rt_scaled_to_preserve_absorptance_and_unit_budget
435,0.9150220893510823,0.02217760131480992,0.06280030933410768,0.9150220893510823,0.9080477538946073,0.9080477538946073,mean_of_treatment_models,mean_of_treatment_models,0.9066077965952613,0.028193481967169247,0.0651987214375695,0.9066077965952613,0.9089904585273609,0.9089904585273609,raw_digitized,rt_scaled_minor_digitization_residual_le_1pct,0.9398303738850043,0.011901452044322584,0.04826817407067307,0.9398303738850043,0.9348849869588103,0.9348849869588103,raw_digitized,rt_scaled_minor_digitization_residual_le_1pct,0.8916218573740827,0.03152883363582807,0.07684930899008921,0.8916218573740827,0.8788472513591215,0.8788472513591215,raw_digitized,rt_scaled_to_preserve_absorptance_and_unit_budget,0.9220283295499813,0.01708663761191978,0.06088503283809896,0.9220283295499813,0.9094683187331367,0.9094683187331367,raw_digitized,rt_scaled_to_preserve_absorptance_and_unit_budget
436,0.9172335285771968,0.02164323560384401,0.06112323581895918,0.9172335285771968,0.9099707740983308,0.9099707740983308,mean_of_treatment_models,mean_of_treatment_models,0.9079496194489491,0.027796900444519768,0.06425348010653109,0.9079496194489491,0.9098935798526119,0.9098935798526119,raw_digitized,rt_scaled_minor_digitization_residual_le_1pct,0.9426810029516249,0.011610286432077632,0.045708710616297436,0.9426810029516249,0.9367298738601836,0.9367298738601836,raw_digitized,rt_scaled_minor_digitization_residual_le_1pct,0.8944312895498885,0.030181770139464475,0.07538694031064705,0.8944312895498885,0.8805808688609558,0.8805808688609558,raw_digitized,rt_scaled_to_preserve_absorptance_and_unit_budget,0.9238722023583247,0.01698398539931417,0.05914381224236114,0.9238722023583247,0.9126787738195719,0.9126787738195719,raw_digitized,rt_scaled_to_preserve_absorptance_and_unit_budget
437,0.9188160377016821,0.021123576171740557,0.06006038612657737,0.9188160377016821,0.9116485580392718,0.9116485580392718,mean_of_treatment_models,mean_of_treatment_models,0.9092914423026371,0.02703832020367854,0.06367023749368432,0.9092914423026371,0.9096026732055603,0.9096026732055603,raw_digitized,rt_scaled_minor_digitization_residual_le_1pct,0.9433387500227483,0.011880294336898,0.044780955640353746,0.9433387500227483,0.9384136000074295,0.9384136000074295,raw_digitized,rt_scaled_minor_digitization_residual_le_1pct,0.8969178833146748,0.028886917205760036,0.07419519947956515,0.8969178833146748,0.8823960532082683,0.8823960532082683,raw_digitized,rt_scaled_to_preserve_absorptance_and_unit_budget,0.9257160751666681,0.01668877294062565,0.05759515189270626,0.9257160751666681,0.9161819057358291,0.9161819057358291,raw_digitized,rt_scaled_minor_digitization_residual_le_1pct
438,0.9199821651242954,0.020521736418747046,0.059496098456957525,0.9199821651242954,0.9124326251048593,0.9124326251048593,mean_of_treatment_models,mean_of_treatment_models,0.9106332651563251,0.02629242854768329,0.06307430629599156,0.9106332651563251,0.9093117665585086,0.9093117665585086,raw_digitized,rt_scaled_minor_digitization_residual_le_1pct,0.9425608064012246,0.01188572437841058,0.04555346922036478,0.9425608064012246,0.9371266307061057,0.9371266307061057,raw_digitized,rt_scaled_minor_digitization_residual_le_1pct,0.8994044770794611,0.027459091333064553,0.07313643158747431,0.8994044770794611,0.8836070655027364,0.8836070655027364,raw_digitized,rt_scaled_to_preserve_absorptance_and_unit_budget,0.9273301118601708,0.016449701415829767,0.05622018672399946,0.9273301118601708,0.9196850376520864,0.9196850376520864,raw_digitized,rt_scaled_minor_digitization_residual_le_1pct
439,0.9211174279724852,0.019911648072908558,0.05897092395460628,0.9211174279724852,0.9130839905727839,0.9130839905727839,mean_of_treatment_models,mean_of_treatment_models,0.9119750880100131,0.02555910376092966,0.062465808229057194,0.9119750880100131,0.9090208599114571,0.9090208599114571,raw_digitized,rt_scaled_minor_digitization_residual_le_1pct,0.9417828627797011,0.011816663972132295,0.046400473248166575,0.9417828627797011,0.935423583634367,0.935423583634367,raw_digitized,rt_scaled_minor_digitization_residual_le_1pct,0.9018910708442474,0.026026488882320214,0.07208244027343243,0.9018910708442474,0.8847033491769679,0.8847033491769679,raw_digitized,rt_scaled_to_preserve_absorptance_and_unit_budget,0.928820690255979,0.016244335676252063,0.05493497406776891,0.928820690255979,0.9231881695683436,0.9231881695683436,raw_digitized,rt_scaled_minor_digitization_residual_le_1pct
440,0.9213808693983978,0.019436538773145728,0.05918259182845649,0.9213808693983978,0.9127404355572438,0.9127404355572438,mean_of_treatment_models,mean_of_treatment_models,0.9133169108637011,0.02460791857697964,0.062075170559319215,0.9133169108637011,0.9071447928207614,0.9071447928207614,raw_digitized,rt_scaled_minor_digitization_residual_le_1pct,0.9410049191581775,0.011753435261913182,0.0472416455799093,0.9410049191581775,0.9337205365626283,0.9337205365626283,raw_digitized,rt_scaled_minor_digitization_residual_le_1pct,0.9008903789199253,0.02576612400637858,0.07334349707369613,0.9008903789199253,0.8854098556394515,0.8854098556394515,raw_digitized,rt_scaled_to_preserve_absorptance_and_unit_budget,0.9303112686517871,0.015618677247311512,0.054070054100901335,0.9303112686517871,0.9246865572061345,0.9246865572061345,raw_digitized,rt_scaled_minor_digitization_residual_le_1pct
441,0.9193375394457504,0.0195364835477996,0.06112597700644998,0.9193375394457504,0.9114651694023074,0.9114651694023074,mean_of_treatment_models,mean_of_treatment_models,0.9119586069849921,0.024467133280939687,0.06357425973406822,0.9119586069849921,0.9051362553136129,0.9051362553136129,raw_digitized,rt_scaled_minor_digitization_residual_le_1pct,0.9388978758873219,0.011867643927298022,0.0492344801853801,0.9388978758873219,0.9315132947980157,0.9315132947980157,raw_digitized,rt_scaled_minor_digitization_residual_le_1pct,0.898683319554462,0.02639487699846354,0.07492180344707444,0.898683319554462,0.8852055890623468,0.8852055890623468,raw_digitized,rt_scaled_to_preserve_absorptance_and_unit_budget,0.9278103553562257,0.015416279984497157,0.056773364659277153,0.9278103553562257,0.9240055384352538,0.9240055384352538,raw_digitized,rt_scaled_minor_digitization_residual_le_1pct
442,0.9167585912249868,0.019724958766452864,0.06351645000856027,0.9167585912249868,0.9100619212061312,0.9100619212061312,mean_of_treatment_models,mean_of_treatment_models,0.9098790523699176,0.024528576280620686,0.0655923713494617,0.9098790523699176,0.9031277178064643,0.9031277178064643,raw_digitized,rt_scaled_minor_digitization_residual_le_1pct,0.9364358070210812,0.011968864707167626,0.05159532827175117,0.9364358070210812,0.9288584026917794,0.9288584026917794,raw_digitized,rt_scaled_minor_digitization_residual_le_1pct,0.8964762601889987,0.027010727898390072,0.0765130119126112,0.8964762601889987,0.8849370446619079,0.8849370446619079,raw_digitized,rt_scaled_to_preserve_absorptance_and_unit_budget,0.92424324531995,0.015391666179633067,0.060365088500417,0.92424324531995,0.9233245196643731,0.9233245196643731,raw_digitized,rt_scaled_minor_digitization_residual_le_1pct
443,0.9142861971319662,0.019823407743229264,0.06589039512480449,0.9142861971319662,0.9085477590240798,0.9085477590240798,mean_of_treatment_models,mean_of_treatment_models,0.9077994977548431,0.024693110443100522,0.06750739180205632,0.9077994977548431,0.9015414850265938,0.9015414850265938,raw_digitized,rt_scaled_minor_digitization_residual_le_1pct,0.9339737381548406,0.012002646121769935,0.05402361572338942,0.9339737381548406,0.9262942279968004,0.9262942279968004,raw_digitized,rt_scaled_minor_digitization_residual_le_1pct,0.894695417334507,0.02729037954298697,0.07801420312250607,0.894695417334507,0.8837118221794324,0.8837118221794324,raw_digitized,rt_scaled_to_preserve_absorptance_and_unit_budget,0.9206761352836742,0.015307494865059628,0.06401636985126617,0.9206761352836742,0.9226435008934923,0.9226435008934923,raw_digitized,rt_scaled_minor_digitization_residual_le_1pct
444,0.9144620788240669,0.01982338737069496,0.06571453380523808,0.9144620788240669,0.9081668508577161,0.9081668508577161,mean_of_treatment_models,mean_of_treatment_models,0.9069161210483959,0.024806439077976937,0.06827743987362715,0.9069161210483959,0.9010409530083326,0.9010409530083326,raw_digitized,rt_scaled_minor_digitization_residual_le_1pct,0.934471709256421,0.012219101007390508,0.05330918973618851,0.934471709256421,0.9281297569756783,0.9281297569756783,raw_digitized,rt_scaled_minor_digitization_residual_le_1pct,0.893541452759291,0.027406315659390095,0.07905223158131892,0.893541452759291,0.8824865996969569,0.8824865996969569,raw_digitized,rt_scaled_to_preserve_absorptance_and_unit_budget,0.92291903223216,0.014861693738022293,0.062219274029817716,0.92291903223216,0.9210100937498964,0.9210100937498964,raw_digitized,rt_scaled_minor_digitization_residual_le_1pct
445,0.9156752163278257,0.019793868356231148,0.06453091531594315,0.9156752163278257,0.9082689834389845,0.9082689834389845,mean_of_treatment_models,mean_of_treatment_models,0.9061257811316956,0.024894008690173716,0.06898021017813066,0.9061257811316956,0.9005404209900714,0.9005404209900714,raw_digitized,rt_scaled_minor_digitization_residual_le_1pct,0.9385737738361156,0.012161122081273968,0.049265104082610416,0.9385737738361156,0.9322923984716026,0.9322923984716026,raw_digitized,rt_scaled_minor_digitization_residual_le_1pct,0.8923874881840749,0.027763966704479698,0.07984854511144543,0.8923874881840749,0.8809017127169376,0.8809017127169376,raw_digitized,rt_scaled_to_preserve_absorptance_and_unit_budget,0.9256138221594167,0.014356375948997213,0.060029801891586104,0.9256138221594167,0.9193414015773269,0.9193414015773269,raw_digitized,rt_scaled_minor_digitization_residual_le_1pct
446,0.9168883538315845,0.01979009121165756,0.06332155495675798,0.9168883538315845,0.9083207193458007,0.9083207193458007,mean_of_treatment_models,mean_of_treatment_models,0.9053354412149954,0.024980749011950434,0.06968380977305415,0.9053354412149954,0.9000398889718102,0.9000398889718102,raw_digitized,rt_scaled_minor_digitization_residual_le_1pct,0.9426758384158103,0.012095157753827166,0.04522900383036257,0.9426758384158103,0.9364550399675268,0.9364550399675268,raw_digitized,rt_scaled_minor_digitization_residual_le_1pct,0.8912335236088588,0.028234989643592723,0.08053148674754851,0.8912335236088588,0.8791152390391079,0.8791152390391079,raw_digitized,rt_scaled_to_preserve_absorptance_and_unit_budget,0.9283086120866734,0.013849468437259918,0.05784191947606672,0.9283086120866734,0.9176727094047574,0.9176727094047574,raw_digitized,rt_scaled_to_preserve_absorptance_and_unit_budget
447,0.9156015774159041,0.019972994829703744,0.06442542775439208,0.9156015774159041,0.9065517536087861,0.9065517536087861,mean_of_treatment_models,mean_of_treatment_models,0.9045451012982951,0.025157383545172687,0.0702975151565322,0.9045451012982951,0.899386434344987,0.899386434344987,raw_digitized,rt_scaled_minor_digitization_residual_le_1pct,0.9415630098270663,0.011768575114364271,0.04666841505856942,0.9415630098270663,0.9335791941036816,0.9335791941036816,raw_digitized,rt_scaled_minor_digitization_residual_le_1pct,0.8900710443566038,0.028689406251943075,0.08123954939145314,0.8900710443566038,0.8772543401577599,0.8772543401577599,raw_digitized,rt_scaled_to_preserve_absorptance_and_unit_budget,0.9262271541816515,0.01427661440733494,0.05949623141101359,0.9262271541816515,0.915987045828716,0.915987045828716,raw_digitized,rt_scaled_to_preserve_absorptance_and_unit_budget
448,0.9122211083695757,0.020542316360572722,0.06723657526985154,0.9122211083695757,0.9035257259151335,0.9035257259151335,mean_of_treatment_models,mean_of_treatment_models,0.9024020047036713,0.026211958175172793,0.07138603712115595,0.9024020047036713,0.8979370536327967,0.8979370536327967,raw_digitized,rt_scaled_minor_digitization_residual_le_1pct,0.9368200226483174,0.011806338609771707,0.05137363874191086,0.9368200226483174,0.9290147650739996,0.9290147650739996,raw_digitized,rt_scaled_minor_digitization_residual_le_1pct,0.888841521410787,0.029160031238066365,0.08199844735114666,0.888841521410787,0.8753934412764119,0.8753934412764119,raw_digitized,rt_scaled_to_preserve_absorptance_and_unit_budget,0.9208208847155273,0.014990937419280021,0.06418817786519272,0.9208208847155273,0.9117576436773254,0.9117576436773254,raw_digitized,rt_scaled_minor_digitization_residual_le_1pct
449,0.9086469147360563,0.021164118407761112,0.07018896685618256,0.9086469147360563,0.9003280108437847,0.9003280108437847,mean_of_treatment_models,mean_of_treatment_models,0.8994840097602834,0.027485919611339216,0.07303007062837738,0.8994840097602834,0.8964876729206064,0.8964876729206064,raw_digitized,rt_scaled_minor_digitization_residual_le_1pct,0.9320770354695685,0.011825534821365039,0.05609742970906641,0.9320770354695685,0.9244503360443176,0.9244503360443176,raw_digitized,rt_scaled_minor_digitization_residual_le_1pct,0.8876119984649702,0.02974000837585484,0.08264799315917497,0.8876119984649702,0.8733634635401395,0.8733634635401395,raw_digitized,rt_scaled_to_preserve_absorptance_and_unit_budget,0.9154146152494032,0.015605010822485357,0.06898037392811149,0.9154146152494032,0.9070105708700753,0.9070105708700753,raw_digitized,rt_scaled_minor_digitization_residual_le_1pct
450,0.905350874718381,0.021870324149866224,0.07277880113175281,0.905350874718381,0.8973853452285343,0.8973853452285343,mean_of_treatment_models,mean_of_treatment_models,0.8965660148168956,0.028774413372275483,0.07465957181082894,0.8965660148168956,0.8950382922084161,0.8950382922084161,raw_digitized,rt_scaled_minor_digitization_residual_le_1pct,0.928029461672269,0.011987451151757696,0.059983087175973344,0.928029461672269,0.9216991871028635,0.9216991871028635,raw_digitized,rt_scaled_minor_digitization_residual_le_1pct,0.8863824755191535,0.030585517770419273,0.08303200671042724,0.8863824755191535,0.8705404035400324,0.8705404035400324,raw_digitized,rt_scaled_to_preserve_absorptance_and_unit_budget,0.9104255468652058,0.016133914305012445,0.07344053882978173,0.9104255468652058,0.9022634980628255,0.9022634980628255,raw_digitized,rt_scaled_minor_digitization_residual_le_1pct
451,0.9032308968346288,0.022533960785923464,0.0742351423794478,0.9032308968346288,0.8954447745543856,0.8954447745543856,mean_of_treatment_models,mean_of_treatment_models,0.8938269524407015,0.02999242115112202,0.07618062640817642,0.8938269524407015,0.8939291831572731,0.8939291831572731,raw_digitized,rt_scaled_minor_digitization_residual_le_1pct,0.9260533891734518,0.012142448560632164,0.061804162265916014,0.9260533891734518,0.9212554905798368,0.9212554905798368,raw_digitized,rt_scaled_minor_digitization_residual_le_1pct,0.8835072091372693,0.03167319750182239,0.08481959336090829,0.8835072091372693,0.8668950428718507,0.8668950428718507,raw_digitized,rt_scaled_to_preserve_absorptance_and_unit_budget,0.9095360365870923,0.016327775930117285,0.07413618748279047,0.9095360365870923,0.8996993816085825,0.8996993816085825,raw_digitized,rt_scaled_minor_digitization_residual_le_1pct
452,0.9012691455215438,0.023246422523963108,0.07548443195449317,0.9012691455215438,0.8942386708243237,0.8942386708243237,mean_of_treatment_models,mean_of_treatment_models,0.8922001320842534,0.030791611658370216,0.07700825625737637,0.8922001320842534,0.8933058516532316,0.8933058516532316,raw_digitized,rt_scaled_minor_digitization_residual_le_1pct,0.9240773166746348,0.012290142551374474,0.06363254077399075,0.9240773166746348,0.9208117940568101,0.9208117940568101,raw_digitized,rt_scaled_minor_digitization_residual_le_1pct,0.8801526070183081,0.032890773740115536,0.08695661924157636,0.8801526070183081,0.863249682203669,0.863249682203669,raw_digitized,rt_scaled_to_preserve_absorptance_and_unit_budget,0.9086465263089786,0.017013162145992206,0.07434031154502922,0.9086465263089786,0.8995873553835845,0.8995873553835845,raw_digitized,rt_scaled_minor_digitization_residual_le_1pct
453,0.8993073942084586,0.024156210587883246,0.07653639520365811,0.8993073942084586,0.8928342698005629,0.8928342698005629,mean_of_treatment_models,mean_of_treatment_models,0.8905733117278053,0.03159704818979924,0.07782964008239547,0.8905733117278053,0.8926825201491901,0.8926825201491901,raw_digitized,rt_scaled_minor_digitization_residual_le_1pct,0.9221012441758176,0.013234533569093323,0.06466422225508905,0.9221012441758176,0.9193781472754866,0.9193781472754866,raw_digitized,rt_scaled_minor_digitization_residual_le_1pct,0.8767980048993468,0.03408567266362833,0.0891163224370249,0.8767980048993468,0.8598010826189885,0.8598010826189885,raw_digitized,rt_scaled_to_preserve_absorptance_and_unit_budget,0.9077570160308649,0.01770758792901209,0.07453539604012302,0.9077570160308649,0.8994753291585864,0.8994753291585864,raw_digitized,rt_scaled_minor_digitization_residual_le_1pct
454,0.8980502275281635,0.025079180565748135,0.07687059190608837,0.8980502275281635,0.8916841008620787,0.8916841008620787,mean_of_treatment_models,mean_of_treatment_models,0.8889464913713572,0.03241048271567498,0.07864302591296785,0.8889464913713572,0.8920566354737697,0.8920566354737697,raw_digitized,rt_scaled_minor_digitization_residual_le_1pct,0.9225778956861445,0.013736669276343625,0.06368543503751192,0.9225778956861445,0.917304341343037,0.917304341343037,raw_digitized,rt_scaled_minor_digitization_residual_le_1pct,0.8740806688103836,0.03549243664242185,0.09042689454719455,0.8740806688103836,0.8582981797512699,0.8582981797512699,raw_digitized,rt_scaled_to_preserve_absorptance_and_unit_budget,0.9065958542447687,0.018677133628552087,0.07472701212667918,0.9065958542447687,0.8990772468802382,0.8990772468802382,raw_digitized,rt_scaled_minor_digitization_residual_le_1pct
455,0.8974099644284439,0.025869736579544007,0.0767202989920121,0.8974099644284439,0.8898127113684745,0.8898127113684745,mean_of_treatment_models,mean_of_treatment_models,0.8873524309417123,0.0330642868883348,0.07958328216995286,0.8873524309417123,0.8891922790294757,0.8891922790294757,raw_digitized,rt_scaled_minor_digitization_residual_le_1pct,0.9246915352666892,0.01384583133877516,0.06146263339453561,0.9246915352666892,0.9148921581698044,0.9148921581698044,raw_digitized,rt_scaled_minor_digitization_residual_le_1pct,0.8721870586229592,0.036677049530142856,0.09113589184689795,0.8721870586229592,0.8567952768835513,0.8567952768835513,raw_digitized,rt_scaled_to_preserve_absorptance_and_unit_budget,0.9054088328824148,0.019891778560923203,0.07469938855666199,0.9054088328824148,0.8983711313910664,0.8983711313910664,raw_digitized,rt_scaled_minor_digitization_residual_le_1pct
456,0.8953583014775168,0.026852231207756656,0.07778946731472655,0.8953583014775168,0.8877250631598297,0.8877250631598297,mean_of_treatment_models,mean_of_treatment_models,0.885793520724058,0.03343078953628384,0.08077568973965814,0.885793520724058,0.8854009302365332,0.8854009302365332,raw_digitized,rt_scaled_minor_digitization_residual_le_1pct,0.9211244252304135,0.014980818429256106,0.0638947563403304,0.9211244252304135,0.912479974996572,0.912479974996572,raw_digitized,rt_scaled_minor_digitization_residual_le_1pct,0.8702934484355348,0.03786722840580458,0.09183932315866061,0.8702934484355348,0.8552923740158327,0.8552923740158327,raw_digitized,rt_scaled_to_preserve_absorptance_and_unit_budget,0.9042218115200609,0.021130088459682096,0.07464810002025704,0.9042218115200609,0.8977269733903808,0.8977269733903808,raw_digitized,rt_scaled_minor_digitization_residual_le_1pct
457,0.8933066385265898,0.027850927549794013,0.07884243392361623,0.8933066385265898,0.8856635796034353,0.8856635796034353,mean_of_treatment_models,mean_of_treatment_models,0.8842346105064038,0.0338007184135336,0.08196467108006256,0.8842346105064038,0.8816095814435906,0.8816095814435906,raw_digitized,rt_scaled_minor_digitization_residual_le_1pct,0.9175573151941377,0.016110450716837085,0.06633223408902517,0.9175573151941377,0.9099459458059398,0.9099459458059398,raw_digitized,rt_scaled_minor_digitization_residual_le_1pct,0.8683998382481105,0.03906280163048395,0.09253736012140554,0.8683998382481105,0.853789471148114,0.853789471148114,raw_digitized,rt_scaled_to_preserve_absorptance_and_unit_budget,0.9030347901577069,0.022429739438321425,0.07453547040397164,0.9030347901577069,0.8973093200160972,0.8973093200160972,raw_digitized,rt_scaled_minor_digitization_residual_le_1pct
458,0.8919767220844977,0.0285587390237525,0.07946453889174976,0.8919767220844977,0.8836347851471977,0.8836347851471977,mean_of_treatment_models,mean_of_treatment_models,0.8826757002887496,0.03418342194649204,0.08314087776475831,0.8826757002887496,0.8778040257119774,0.8778040257119774,raw_digitized,rt_scaled_minor_digitization_residual_le_1pct,0.9139902051578621,0.016929296441421736,0.06908049840071614,0.9139902051578621,0.9074307666893252,0.9074307666893252,raw_digitized,rt_scaled_minor_digitization_residual_le_1pct,0.8680998443521938,0.03981160143504169,0.09208855421276455,0.8680998443521938,0.8522406061516192,0.8522406061516192,raw_digitized,rt_scaled_to_preserve_absorptance_and_unit_budget,0.9031411385391854,0.023310636272054517,0.07354822518876006,0.9031411385391854,0.8970637420358694,0.8970637420358694,raw_digitized,rt_scaled_minor_digitization_residual_le_1pct
459,0.8899348330653267,0.029636643539626653,0.08042852339504669,0.8899348330653267,0.8833819265429786,0.8833819265429786,mean_of_treatment_models,mean_of_treatment_models,0.8818612260032433,0.03567062971496488,0.08246814428179178,0.8818612260032433,0.8786325290922931,0.8786325290922931,raw_digitized,rt_scaled_minor_digitization_residual_le_1pct,0.9050691442252088,0.01867299147971887,0.07625786429507235,0.9050691442252088,0.9050895763062198,0.9050895763062198,raw_digitized,rt_scaled_minor_digitization_residual_le_1pct,0.8687722672663414,0.04072009741662805,0.09050763531703057,0.8687722672663414,0.8522683782155552,0.8522683782155552,raw_digitized,rt_scaled_to_preserve_absorptance_and_unit_budget,0.9040366947665132,0.023482855547194825,0.07248044968629203,0.9040366947665132,0.8975372225578463,0.8975372225578463,raw_digitized,rt_scaled_minor_digitization_residual_le_1pct
460,0.8912368106845182,0.030369497406882703,0.07839369190859904,0.8912368106845182,0.8845811937815905,0.8845811937815905,mean_of_treatment_models,mean_of_treatment_models,0.88141798235149,0.03739465174504838,0.08118736590346157,0.88141798235149,0.8804872106956095,0.8804872106956095,raw_digitized,rt_scaled_minor_digitization_residual_le_1pct,0.9091523192122531,0.018701631490976242,0.07214604929677061,0.9091523192122531,0.9071318700759036,0.9071318700759036,raw_digitized,rt_scaled_minor_digitization_residual_le_1pct,0.8694446901804889,0.04173030211923487,0.08882500770027625,0.8694446901804889,0.8526949912750257,0.8526949912750257,raw_digitized,rt_scaled_to_preserve_absorptance_and_unit_budget,0.9049322509938409,0.023651404272271335,0.07141634473388776,0.9049322509938409,0.8980107030798232,0.8980107030798232,raw_digitized,rt_scaled_minor_digitization_residual_le_1pct
461,0.8925387883037098,0.031138475475851954,0.07632273622043824,0.8925387883037098,0.8859379756217698,0.8859379756217698,mean_of_treatment_models,mean_of_treatment_models,0.8809747386997367,0.03918088231668036,0.0798443789835829,0.8809747386997367,0.882341892298926,0.882341892298926,raw_digitized,rt_scaled_minor_digitization_residual_le_1pct,0.9132354941992975,0.01882179313555912,0.06794271266514337,0.9132354941992975,0.9098042222518564,0.9098042222518564,raw_digitized,rt_scaled_minor_digitization_residual_le_1pct,0.8701171130946364,0.0427349953633873,0.08714789154197634,0.8701171130946364,0.8531216043344962,0.8531216043344962,raw_digitized,rt_scaled_to_preserve_absorptance_and_unit_budget,0.9058278072211686,0.023816231087781026,0.07035596169105035,0.9058278072211686,0.8984841836018002,0.8984841836018002,raw_digitized,rt_scaled_minor_digitization_residual_le_1pct
462,0.8937058988554294,0.03178342646820963,0.07451067467636098,0.8937058988554294,0.8875438689116493,0.8875438689116493,mean_of_treatment_models,mean_of_treatment_models,0.8805314950479834,0.04102219113699226,0.07844631381502429,0.8805314950479834,0.8841680078158509,0.8841680078158509,raw_digitized,rt_scaled_minor_digitization_residual_le_1pct,0.9173186691863419,0.018759666516152223,0.06392166429750591,0.9173186691863419,0.9126292888056908,0.9126292888056908,raw_digitized,rt_scaled_minor_digitization_residual_le_1pct,0.8706097132521545,0.043282115647636316,0.08610817110020916,0.8706097132521545,0.854420514901278,0.854420514901278,raw_digitized,rt_scaled_to_preserve_absorptance_and_unit_budget,0.9063637179352377,0.024069732572057728,0.06956654949270455,0.9063637179352377,0.8989576641237771,0.8989576641237771,raw_digitized,rt_scaled_minor_digitization_residual_le_1pct
463,0.8944704430458694,0.031986814204685646,0.07354274274944496,0.8944704430458694,0.8875974399854545,0.8875974399854545,mean_of_treatment_models,mean_of_treatment_models,0.8812290590764055,0.041321361745215446,0.07744957917837908,0.8812290590764055,0.8826811008051981,0.8826811008051981,raw_digitized,rt_scaled_minor_digitization_residual_le_1pct,0.9187807027177451,0.018780547703088953,0.0624387495791659,0.9187807027177451,0.9132931666799639,0.9132931666799639,raw_digitized,rt_scaled_minor_digitization_residual_le_1pct,0.8710590028531219,0.04350029453117562,0.0854407026157025,0.8710590028531219,0.8549843478109016,0.8549843478109016,raw_digitized,rt_scaled_to_preserve_absorptance_and_unit_budget,0.9068130075362051,0.024345052839262558,0.06884193962453236,0.9068130075362051,0.8994311446457541,0.8994311446457541,raw_digitized,rt_scaled_minor_digitization_residual_le_1pct
464,0.8951707576241644,0.032131454323820904,0.07269778805201464,0.8951707576241644,0.8877406456474972,0.8877406456474972,mean_of_treatment_models,mean_of_treatment_models,0.8821246153037332,0.041361980692592115,0.07651340400367466,0.8821246153037332,0.8814567016927588,0.8814567016927588,raw_digitized,rt_scaled_minor_digitization_residual_le_1pct,0.919787825601663,0.018901273177842,0.061310901220495054,0.919787825601663,0.913957044554237,0.913957044554237,raw_digitized,rt_scaled_minor_digitization_residual_le_1pct,0.8715082924540892,0.04371536660381686,0.0847763409420939,0.8715082924540892,0.8555369279513273,0.8555369279513273,raw_digitized,rt_scaled_to_preserve_absorptance_and_unit_budget,0.9072622971371724,0.02454719682103264,0.06819050604179493,0.9072622971371724,0.900011908391666,0.900011908391666,raw_digitized,rt_scaled_minor_digitization_residual_le_1pct
465,0.8958710722024594,0.032246618556705686,0.07188230924083483,0.8958710722024594,0.8879223540131473,0.8879223540131473,mean_of_treatment_models,mean_of_treatment_models,0.8830201715310608,0.041381694668757234,0.07559813380018195,0.8830201715310608,0.8802456218404722,0.8802456218404722,raw_digitized,rt_scaled_minor_digitization_residual_le_1pct,0.9207949484855807,0.019013662602998423,0.060191388911420826,0.9207949484855807,0.9146278537052628,0.9146278537052628,raw_digitized,rt_scaled_minor_digitization_residual_le_1pct,0.8719575820550566,0.04392174313818588,0.08412067480675754,0.8719575820550566,0.8561047976728255,0.8561047976728255,raw_digitized,rt_scaled_to_preserve_absorptance_and_unit_budget,0.9077115867381398,0.02466937381688121,0.067619039444979,0.9077115867381398,0.900711142834029,0.900711142834029,raw_digitized,rt_scaled_minor_digitization_residual_le_1pct
466,0.8972711179979791,0.03218463320820941,0.07054424879381141,0.8972711179979791,0.8885893570679523,0.8885893570679523,mean_of_treatment_models,mean_of_treatment_models,0.8839157277583886,0.04161806814010014,0.0744662041015113,0.8839157277583886,0.8796984260139645,0.8796984260139645,raw_digitized,rt_scaled_minor_digitization_residual_le_1pct,0.9218639368228638,0.01909682819546086,0.05903923498167532,0.9218639368228638,0.9158428189554877,0.9158428189554877,raw_digitized,rt_scaled_minor_digitization_residual_le_1pct,0.8737332927573978,0.043611841457508876,0.08265486578509337,0.8737332927573978,0.8574058060259651,0.8574058060259651,raw_digitized,rt_scaled_to_preserve_absorptance_and_unit_budget,0.9095715146532666,0.024411795039767783,0.06601669030696565,0.9095715146532666,0.9014103772763918,0.9014103772763918,raw_digitized,rt_scaled_minor_digitization_residual_le_1pct
467,0.8991414430452616,0.03240252767079929,0.0684560292839391,0.8991414430452616,0.8911259868311299,0.8911259868311299,mean_of_treatment_models,mean_of_treatment_models,0.8850552230877267,0.04234053994525958,0.07260423696701375,0.8850552230877267,0.8827961718550865,0.8827961718550865,raw_digitized,rt_scaled_minor_digitization_residual_le_1pct,0.924544559555633,0.019150703455594664,0.056304736988772364,0.924544559555633,0.9186658660594073,0.9186658660594073,raw_digitized,rt_scaled_minor_digitization_residual_le_1pct,0.8755213822374461,0.043928940958826004,0.08054967680372785,0.8755213822374461,0.8607469455926673,0.8607469455926673,raw_digitized,rt_scaled_to_preserve_absorptance_and_unit_budget,0.9114446073002407,0.0241899263235169,0.06436546637624242,0.9114446073002407,0.9022949638173582,0.9022949638173582,raw_digitized,rt_scaled_minor_digitization_residual_le_1pct
468,0.9017288483171257,0.03233064790666452,0.06594050377620966,0.9017288483171257,0.8939251197108092,0.8939251197108092,mean_of_treatment_models,mean_of_treatment_models,0.8888833885739937,0.04180922778320313,0.06930738364280314,0.8888833885739937,0.8863448301945167,0.8863448301945167,raw_digitized,rt_scaled_minor_digitization_residual_le_1pct,0.927225182288402,0.019203379012305056,0.05357143869929294,0.927225182288402,0.9214889131633269,0.9214889131633269,raw_digitized,rt_scaled_minor_digitization_residual_le_1pct,0.8774891224588928,0.044199668017308895,0.07831120952379833,0.8774891224588928,0.8640880851593696,0.8640880851593696,raw_digitized,rt_scaled_to_preserve_absorptance_and_unit_budget,0.9133176999472148,0.02411031681384098,0.06257198323894422,0.9133176999472148,0.9037786503260238,0.9037786503260238,raw_digitized,rt_scaled_minor_digitization_residual_le_1pct
469,0.904569905493408,0.03218656178101981,0.06324353272557226,0.904569905493408,0.8966825432965875,0.8966825432965875,mean_of_treatment_models,mean_of_treatment_models,0.8927115540602608,0.04127205776865907,0.0660163881710801,0.8927115540602608,0.8898934885339468,0.8898934885339468,raw_digitized,rt_scaled_minor_digitization_residual_le_1pct,0.929905805021171,0.019276496031268176,0.05081769894756079,0.929905805021171,0.9242795279080583,0.9242795279080583,raw_digitized,rt_scaled_minor_digitization_residual_le_1pct,0.880665596998729,0.0441174244167828,0.07521697858448817,0.880665596998729,0.8672948199096554,0.8672948199096554,raw_digitized,rt_scaled_to_preserve_absorptance_and_unit_budget,0.9149966658934708,0.0240802689073692,0.060923065199159965,0.9149966658934708,0.9052623368346894,0.9052623368346894,raw_digitized,rt_scaled_minor_digitization_residual_le_1pct
470,0.9071438228228238,0.03196617788693686,0.060889999290239374,0.9071438228228238,0.8983543333506582,0.8983543333506582,mean_of_treatment_models,mean_of_treatment_models,0.8965397195465279,0.04041668825412149,0.06304359219935063,0.8965397195465279,0.8926202068707684,0.8926202068707684,raw_digitized,rt_scaled_minor_digitization_residual_le_1pct,0.9316212527499971,0.019476629812802227,0.048902117437200694,0.9316212527499971,0.9251127725704325,0.9251127725704325,raw_digitized,rt_scaled_minor_digitization_residual_le_1pct,0.8838420715385652,0.043894968561686176,0.07226295989974864,0.8838420715385652,0.868938330618077,0.868938330618077,raw_digitized,rt_scaled_to_preserve_absorptance_and_unit_budget,0.9165722474562049,0.02407642491913755,0.059351327624657536,0.9165722474562049,0.9067460233433549,0.9067460233433549,raw_digitized,rt_scaled_minor_digitization_residual_le_1pct
471,0.9077099299370603,0.03211264694053992,0.06017742312239971,0.9077099299370603,0.8986036466889401,0.8986036466889401,mean_of_treatment_models,mean_of_treatment_models,0.8967326596239049,0.041021472336360915,0.06224586803973416,0.8967326596239049,0.894105592575052,0.894105592575052,raw_digitized,rt_scaled_minor_digitization_residual_le_1pct,0.9299507758757527,0.019994791858104252,0.05005443226614305,0.9299507758757527,0.9234962374347986,0.9234962374347986,raw_digitized,rt_scaled_minor_digitization_residual_le_1pct,0.886008455229645,0.04336441842775472,0.07062712634260028,0.886008455229645,0.8685830468938893,0.8685830468938893,raw_digitized,rt_scaled_to_preserve_absorptance_and_unit_budget,0.9181478290189389,0.024069905139939802,0.057782265841121325,0.9181478290189389,0.9082297098520205,0.9082297098520205,raw_digitized,rt_scaled_minor_digitization_residual_le_1pct
472,0.9070415261561643,0.032515120486155534,0.06044335335768012,0.9070415261561643,0.8978739847535475,0.8978739847535475,mean_of_treatment_models,mean_of_treatment_models,0.8956808705725693,0.041221192147202816,0.0630979372802279,0.8956808705725693,0.8918463017328901,0.8918463017328901,raw_digitized,rt_scaled_minor_digitization_residual_le_1pct,0.9282802990015084,0.020513179288527097,0.05120652170996446,0.9282802990015084,0.9218797022991647,0.9218797022991647,raw_digitized,rt_scaled_minor_digitization_residual_le_1pct,0.8854164560357716,0.043877665590930835,0.07070587837329759,0.8854164560357716,0.8682277631697016,0.8682277631697016,raw_digitized,rt_scaled_to_preserve_absorptance_and_unit_budget,0.9187884790148081,0.024448444917961384,0.05676307606723053,0.9187884790148081,0.9095421718124331,0.9095421718124331,raw_digitized,rt_scaled_minor_digitization_residual_le_1pct
473,0.905863077556384,0.033032471902704245,0.061104450540911855,0.905863077556384,0.8969499479880627,0.8969499479880627,mean_of_treatment_models,mean_of_treatment_models,0.8946290815212337,0.041355634317848985,0.06401528416091735,0.8946290815212337,0.8894004022155444,0.8894004022155444,raw_digitized,rt_scaled_minor_digitization_residual_le_1pct,0.9266098221272642,0.020953839137864045,0.05243633873487178,0.9266098221272642,0.920381684774725,0.920381684774725,raw_digitized,rt_scaled_minor_digitization_residual_le_1pct,0.8848244568418981,0.04441074833593899,0.07076479482216286,0.8848244568418981,0.8678380937054404,0.8678380937054404,raw_digitized,rt_scaled_to_preserve_absorptance_and_unit_budget,0.9173889497351396,0.02540966581916495,0.057201384445695426,0.9173889497351396,0.9101796112565405,0.9101796112565405,raw_digitized,rt_scaled_minor_digitization_residual_le_1pct
474,0.9050362603329062,0.033501148018986106,0.0614625916481077,0.9050362603329062,0.8964442914572646,0.8964442914572646,mean_of_treatment_models,mean_of_treatment_models,0.893577292469898,0.041356870316757714,0.06506583721334425,0.893577292469898,0.8871975329204949,0.8871975329204949,raw_digitized,rt_scaled_minor_digitization_residual_le_1pct,0.9263458707582307,0.02129916517972461,0.05235496406204467,0.9263458707582307,0.9206100073907186,0.9206100073907186,raw_digitized,rt_scaled_minor_digitization_residual_le_1pct,0.8842324576480247,0.045098386874538855,0.07066915547743642,0.8842324576480247,0.8676515159189373,0.8676515159189373,raw_digitized,rt_scaled_to_preserve_absorptance_and_unit_budget,0.9159894204554713,0.026250169704923255,0.057760409839605474,0.9159894204554713,0.9103181095989075,0.9103181095989075,raw_digitized,rt_scaled_minor_digitization_residual_le_1pct
475,0.9047898236135087,0.0340582915416755,0.061151884844815846,0.9047898236135087,0.8967357678468073,0.8967357678468073,mean_of_treatment_models,mean_of_treatment_models,0.8925255034185624,0.04198474708271629,0.0654897494987213,0.8925255034185624,0.8867257459228924,0.8867257459228924,raw_digitized,rt_scaled_minor_digitization_residual_le_1pct,0.9281339602382791,0.021375185730012278,0.050490854031708624,0.9281339602382791,0.9220536754404866,0.9220536754404866,raw_digitized,rt_scaled_minor_digitization_residual_le_1pct,0.8839099396213902,0.04577198994077066,0.07031807043783914,0.8839099396213902,0.8677215177253885,0.8677215177253885,raw_digitized,rt_scaled_to_preserve_absorptance_and_unit_budget,0.9145898911758029,0.02710124341320276,0.05830886541099432,0.9145898911758029,0.9104421322984619,0.9104421322984619,raw_digitized,rt_scaled_minor_digitization_residual_le_1pct
476,0.9049669947514764,0.03458382929763522,0.060449175950888376,0.9049669947514764,0.8972870089715336,0.8972870089715336,mean_of_treatment_models,mean_of_treatment_models,0.8914737143672268,0.04305790861381862,0.0654683770189546,0.8914737143672268,0.887423785775587,0.887423785775587,raw_digitized,rt_scaled_minor_digitization_residual_le_1pct,0.9299220497183275,0.021443520255563397,0.048634430026109114,0.9299220497183275,0.9234973434902544,0.9234973434902544,raw_digitized,rt_scaled_minor_digitization_residual_le_1pct,0.8839129625959972,0.046319327020614746,0.06976771038338808,0.8839129625959972,0.8677915195318399,0.8677915195318399,raw_digitized,rt_scaled_to_preserve_absorptance_and_unit_budget,0.9145592523243542,0.02751456130054411,0.0579261863751017,0.9145592523243542,0.9104353870884534,0.9104353870884534,raw_digitized,rt_scaled_minor_digitization_residual_le_1pct
477,0.9051525813459581,0.03515602761455765,0.059691391039484246,0.9051525813459581,0.8977644591929272,0.8977644591929272,mean_of_treatment_models,mean_of_treatment_models,0.8904219253158911,0.044152251656041766,0.06542582302806707,0.8904219253158911,0.8881218256282817,0.8881218256282817,raw_digitized,rt_scaled_minor_digitization_residual_le_1pct,0.9317101391983759,0.021672531906362136,0.046617328895261996,0.9317101391983759,0.9246692144157116,0.9246692144157116,raw_digitized,rt_scaled_minor_digitization_residual_le_1pct,0.8839159855706042,0.046867216695760446,0.06921679773363532,0.8839159855706042,0.8678615213382912,0.8678615213382912,raw_digitized,rt_scaled_to_preserve_absorptance_and_unit_budget,0.9145622752989612,0.027932110200066244,0.057505614500972586,0.9145622752989612,0.9104052753894244,0.9104052753894244,raw_digitized,rt_scaled_minor_digitization_residual_le_1pct
478,0.9050499575790794,0.03564813608280985,0.05930190633811082,0.9050499575790794,0.8976035255497437,0.8976035255497437,mean_of_treatment_models,mean_of_treatment_models,0.8902405765620803,0.04491200331538018,0.0648474201225395,0.8902405765620803,0.8888198654809764,0.8888198654809764,raw_digitized,rt_scaled_minor_digitization_residual_le_1pct,0.9316503545676236,0.022129662576225968,0.04621998285615046,0.9316503545676236,0.924087149662,0.924087149662,raw_digitized,rt_scaled_minor_digitization_residual_le_1pct,0.8837436009130453,0.04720153017265034,0.0690548689143044,0.8837436009130453,0.8671319233656027,0.8671319233656027,raw_digitized,rt_scaled_to_preserve_absorptance_and_unit_budget,0.9145652982735681,0.028349348266982946,0.057085353459448915,0.9145652982735681,0.9103751636903953,0.9103751636903953,raw_digitized,rt_scaled_minor_digitization_residual_le_1pct
479,0.9043620173107713,0.03615021565722869,0.059487767032000025,0.9043620173107713,0.8972321965561141,0.8972321965561141,mean_of_treatment_models,mean_of_treatment_models,0.8903486034487722,0.04534938563124843,0.06430201091997936,0.8903486034487722,0.8889987708879766,0.8889987708879766,raw_digitized,rt_scaled_minor_digitization_residual_le_1pct,0.9303145776631496,0.022842747497888317,0.04684267483896206,0.9303145776631496,0.9229715484414558,0.9229715484414558,raw_digitized,rt_scaled_minor_digitization_residual_le_1pct,0.8822165668829882,0.04797484188058122,0.06980859123643056,0.8822165668829882,0.8660905833030802,0.8660905833030802,raw_digitized,rt_scaled_to_preserve_absorptance_and_unit_budget,0.9145683212481751,0.02843388761919678,0.056997791132628116,0.9145683212481751,0.9108678835919435,0.9108678835919435,raw_digitized,rt_scaled_minor_digitization_residual_le_1pct
480,0.9038457686040167,0.03648610417076183,0.05966812722522151,0.9038457686040167,0.8969896503127036,0.8969896503127036,mean_of_treatment_models,mean_of_treatment_models,0.890456630335464,0.045648737292876246,0.06389463237165979,0.890456630335464,0.8891634074825995,0.8891634074825995,raw_digitized,rt_scaled_minor_digitization_residual_le_1pct,0.9289788007586757,0.02355842447673895,0.04746277476458538,0.9289788007586757,0.9218559472209116,0.9218559472209116,raw_digitized,rt_scaled_minor_digitization_residual_le_1pct,0.8806895328529312,0.04858747124388316,0.07072299590318568,0.8806895328529312,0.8653588630741718,0.8653588630741718,raw_digitized,rt_scaled_to_preserve_absorptance_and_unit_budget,0.9152581104689959,0.028149783669548973,0.05659210586145518,0.9152581104689959,0.9115803834731316,0.9115803834731316,raw_digitized,rt_scaled_minor_digitization_residual_le_1pct
481,0.9034088533130363,0.03666465339342805,0.05992649329353558,0.9034088533130363,0.896970277907522,0.896970277907522,mean_of_treatment_models,mean_of_treatment_models,0.8905646572221558,0.0459228865702405,0.06351245620760367,0.8905646572221558,0.8893725592891685,0.8893725592891685,raw_digitized,rt_scaled_minor_digitization_residual_le_1pct,0.9276430238542017,0.02388826924694305,0.04846870689885523,0.9276430238542017,0.921375347422478,0.921375347422478,raw_digitized,rt_scaled_minor_digitization_residual_le_1pct,0.8791624988228741,0.04908697428911391,0.07175052688801198,0.8791624988228741,0.864840321564122,0.864840321564122,raw_digitized,rt_scaled_to_preserve_absorptance_and_unit_budget,0.9162652333529138,0.027760483467414766,0.055974283179671465,0.9162652333529138,0.9122928833543197,0.9122928833543197,raw_digitized,rt_scaled_minor_digitization_residual_le_1pct
482,0.9038969075224015,0.03664559917476572,0.059457493302832745,0.9038969075224015,0.8975000529026977,0.8975000529026977,mean_of_treatment_models,mean_of_treatment_models,0.8906726841088477,0.04619761365157207,0.06312970223958023,0.8906726841088477,0.8895817110957376,0.8895817110957376,raw_digitized,rt_scaled_minor_digitization_residual_le_1pct,0.9283861081678955,0.023869360998170823,0.047744530833933714,0.9283861081678955,0.9224940532771413,0.9224940532771413,raw_digitized,rt_scaled_minor_digitization_residual_le_1pct,0.8792564815760314,0.04914380779330553,0.07159971063066305,0.8792564815760314,0.864919064002404,0.864919064002404,raw_digitized,rt_scaled_to_preserve_absorptance_and_unit_budget,0.9172723562368316,0.02737161425601442,0.055356029507154014,0.9172723562368316,0.9130053832355078,0.9130053832355078,raw_digitized,rt_scaled_minor_digitization_residual_le_1pct
483,0.9046533094377398,0.03654569652940357,0.058800994032856595,0.9046533094377398,0.898072092694069,0.898072092694069,mean_of_treatment_models,mean_of_treatment_models,0.8907884897750377,0.04647794671709794,0.0627335635078644,0.8907884897750377,0.8897762205371171,0.8897762205371171,raw_digitized,rt_scaled_minor_digitization_residual_le_1pct,0.9297279310215835,0.023687375343680536,0.046584693634735996,0.9297279310215835,0.9237306905396637,0.9237306905396637,raw_digitized,rt_scaled_minor_digitization_residual_le_1pct,0.8798173378335888,0.04903535601804695,0.0711473061483642,0.8798173378335888,0.8650670259147167,0.8650670259147167,raw_digitized,rt_scaled_to_preserve_absorptance_and_unit_budget,0.9182794791207494,0.026982108038788862,0.054738412840461784,0.9182794791207494,0.9137144337847778,0.9137144337847778,raw_digitized,rt_scaled_minor_digitization_residual_le_1pct
484,0.9050983658767695,0.03653411948128277,0.05836751464194767,0.9050983658767695,0.8985066764733304,0.8985066764733304,mean_of_treatment_models,mean_of_treatment_models,0.8909190175000333,0.04682870292104541,0.06225227957892126,0.8909190175000333,0.8898359275287854,0.8898359275287854,raw_digitized,rt_scaled_minor_digitization_residual_le_1pct,0.9310697538752714,0.02350383633373909,0.04542640979098956,0.9310697538752714,0.9249673278021862,0.9249673278021862,raw_digitized,rt_scaled_minor_digitization_residual_le_1pct,0.8803781940911463,0.04892604773898638,0.07069575816986735,0.8803781940911463,0.8652149878270295,0.8652149878270295,raw_digitized,rt_scaled_to_preserve_absorptance_and_unit_budget,0.9180264980406273,0.026877890931360195,0.0550956110280125,0.9180264980406273,0.9140084627353207,0.9140084627353207,raw_digitized,rt_scaled_minor_digitization_residual_le_1pct
485,0.9054958566728915,0.03667075513849112,0.05783338818861737,0.9054958566728915,0.8986838218610167,0.8986838218610167,mean_of_treatment_models,mean_of_treatment_models,0.891049545225029,0.04717892687603936,0.061771527898931644,0.891049545225029,0.8898956345204536,0.8898956345204536,raw_digitized,rt_scaled_minor_digitization_residual_le_1pct,0.9324115767289594,0.023273656226068883,0.04431476704497176,0.9324115767289594,0.9260612486062243,0.9260612486062243,raw_digitized,rt_scaled_minor_digitization_residual_le_1pct,0.8809390503487038,0.048820222099208464,0.07024072755208774,0.8809390503487038,0.8653749240727284,0.8653749240727284,raw_digitized,rt_scaled_to_preserve_absorptance_and_unit_budget,0.9175832543888739,0.02741021535264776,0.05500653025847834,0.9175832543888739,0.91340348024466,0.91340348024466,raw_digitized,rt_scaled_minor_digitization_residual_le_1pct
486,0.9054911864781754,0.036857071367702034,0.05765174215412254,0.9054911864781754,0.898562155260814,0.898562155260814,mean_of_treatment_models,mean_of_treatment_models,0.8911800729500247,0.04746922306851375,0.061350703981461585,0.8911800729500247,0.8898176509571343,0.8898176509571343,raw_digitized,rt_scaled_minor_digitization_residual_le_1pct,0.9324664844119657,0.023110633592755433,0.044422881995278905,0.9324664844119657,0.9259633699822741,0.9259633699822741,raw_digitized,rt_scaled_minor_digitization_residual_le_1pct,0.8811781778135908,0.04889918564081784,0.06992263654559139,0.8811781778135908,0.8656817106416005,0.8656817106416005,raw_digitized,rt_scaled_to_preserve_absorptance_and_unit_budget,0.9171400107371206,0.027949243168721112,0.05491074609415828,0.9171400107371206,0.9127858894622467,0.9127858894622467,raw_digitized,rt_scaled_minor_digitization_residual_le_1pct
487,0.9054732963776012,0.036964716376422235,0.057561987245976554,0.9054732963776012,0.898208746994466,0.898208746994466,mean_of_treatment_models,mean_of_treatment_models,0.8913106006750203,0.047387650762710294,0.06130174856226938,0.8913106006750203,0.8888774896142357,0.8888774896142357,raw_digitized,rt_scaled_minor_digitization_residual_le_1pct,0.9324695073865727,0.023004783232056212,0.044525709381371036,0.9324695073865727,0.9258007024733222,0.9258007024733222,raw_digitized,rt_scaled_minor_digitization_residual_le_1pct,0.881404334101378,0.04898360302528512,0.0696120628733369,0.881404334101378,0.8659884972104726,0.8659884972104726,raw_digitized,rt_scaled_to_preserve_absorptance_and_unit_budget,0.9167087433474338,0.0284828284856373,0.0548084281669289,0.9167087433474338,0.9121682986798333,0.9121682986798333,raw_digitized,rt_scaled_minor_digitization_residual_le_1pct
488,0.9052001805696539,0.037330012945630535,0.0574698064847156,0.9052001805696539,0.8975998795931921,0.8975998795931921,mean_of_treatment_models,mean_of_treatment_models,0.8902090685194097,0.04790327123710521,0.061887660243485056,0.8902090685194097,0.8878289956004215,0.8878289956004215,raw_digitized,rt_scaled_minor_digitization_residual_le_1pct,0.9324725303611799,0.023164539556925205,0.04436293008189486,0.9324725303611799,0.9251936044800804,0.9251936044800804,raw_digitized,rt_scaled_minor_digitization_residual_le_1pct,0.8816304903891652,0.04931043489852383,0.06905907471231097,0.8816304903891652,0.8658262103948468,0.8658262103948468,raw_digitized,rt_scaled_to_preserve_absorptance_and_unit_budget,0.9164886330088606,0.028941806089967888,0.05456956090117149,0.9164886330088606,0.9115507078974199,0.9115507078974199,raw_digitized,rt_scaled_minor_digitization_residual_le_1pct
489,0.9048052419700343,0.03770470686235164,0.057490051167614104,0.9048052419700343,0.8967890079121383,0.8967890079121383,mean_of_treatment_models,mean_of_treatment_models,0.8889625449402079,0.04851435551199207,0.06252309954780005,0.8889625449402079,0.8867223586944852,0.8867223586944852,raw_digitized,rt_scaled_minor_digitization_residual_le_1pct,0.9323777534091877,0.023355471145510925,0.044266775445301366,0.9323777534091877,0.9245865064868385,0.9245865064868385,raw_digitized,rt_scaled_minor_digitization_residual_le_1pct,0.881612146860454,0.04968257335138449,0.06870527978816154,0.881612146860454,0.8649158638225785,0.8649158638225785,raw_digitized,rt_scaled_to_preserve_absorptance_and_unit_budget,0.9162685226702875,0.02926642744051908,0.05446504988919345,0.9162685226702875,0.9109313026446513,0.9109313026446513,raw_digitized,rt_scaled_minor_digitization_residual_le_1pct
490,0.9039101533590911,0.03822292880427434,0.057866917836634585,0.9039101533590911,0.8959699666583358,0.8959699666583358,mean_of_treatment_models,mean_of_treatment_models,0.8877160213610059,0.04917058072946999,0.0631133979095241,0.8877160213610059,0.8857202808620915,0.8857202808620915,raw_digitized,rt_scaled_minor_digitization_residual_le_1pct,0.9317113764442542,0.023743050753697845,0.04454557280204798,0.9317113764442542,0.9239794084935966,0.9239794084935966,raw_digitized,rt_scaled_minor_digitization_residual_le_1pct,0.8801648032993898,0.050586654429729934,0.06924854227088022,0.8801648032993898,0.8638245277353408,0.8638245277353408,raw_digitized,rt_scaled_to_preserve_absorptance_and_unit_budget,0.9160484123317144,0.029391429304199582,0.05456015836408601,0.9160484123317144,0.9103556495423143,0.9103556495423143,raw_digitized,rt_scaled_minor_digitization_residual_le_1pct
491,0.9028902596583189,0.03885290944695326,0.058256830894727815,0.9028902596583189,0.8951542911746659,0.8951542911746659,mean_of_treatment_models,mean_of_treatment_models,0.8859702774224881,0.05014582044119583,0.06388390213631605,0.8859702774224881,0.8849467073058119,0.8849467073058119,raw_digitized,rt_scaled_minor_digitization_residual_le_1pct,0.9310449994793206,0.02425662153510372,0.04469837898557566,0.9310449994793206,0.9231572693047712,0.9231572693047712,raw_digitized,rt_scaled_minor_digitization_residual_le_1pct,0.8787174597383257,0.05149312759082646,0.06978941267084782,0.8787174597383257,0.8627331916481032,0.8627331916481032,raw_digitized,rt_scaled_to_preserve_absorptance_and_unit_budget,0.9158283019931412,0.029516068220687024,0.05465562978617173,0.9158283019931412,0.9097799964399773,0.9097799964399773,raw_digitized,rt_scaled_minor_digitization_residual_le_1pct
492,0.9018207213661622,0.039568145795802985,0.05861113283803486,0.9018207213661622,0.8942245956764052,0.8942245956764052,mean_of_treatment_models,mean_of_treatment_models,0.8840259551184318,0.05135518182743818,0.06461886305412996,0.8840259551184318,0.8839171027053999,0.8839171027053999,raw_digitized,rt_scaled_minor_digitization_residual_le_1pct,0.9303786225143871,0.024802244714219476,0.04481913277139345,0.9303786225143871,0.922278587647907,0.922278587647907,raw_digitized,rt_scaled_minor_digitization_residual_le_1pct,0.8772701161772616,0.052474805548213696,0.07025507827452472,0.8772701161772616,0.8614983490146738,0.8614983490146738,raw_digitized,rt_scaled_to_preserve_absorptance_and_unit_budget,0.9156081916545681,0.029640351093340588,0.05475145725209132,0.9156081916545681,0.9092043433376403,0.9092043433376403,raw_digitized,rt_scaled_minor_digitization_residual_le_1pct
493,0.9006865665968475,0.040417344751661095,0.05889608865149133,0.9006865665968475,0.8930323236508425,0.8930323236508425,mean_of_treatment_models,mean_of_treatment_models,0.8820816328143756,0.05270108626964174,0.0652172809159827,0.8820816328143756,0.8826522630268228,0.8826522630268228,raw_digitized,rt_scaled_minor_digitization_residual_le_1pct,0.9295276270432884,0.025413376789092397,0.045058996167619214,0.9295276270432884,0.9213999059910429,0.9213999059910429,raw_digitized,rt_scaled_minor_digitization_residual_le_1pct,0.8757489252137314,0.05355618513618186,0.07069488965008676,0.8757489252137314,0.8598493042296789,0.8598493042296789,raw_digitized,rt_scaled_to_preserve_absorptance_and_unit_budget,0.9153880813159949,0.029998730811728404,0.05461318787227668,0.9153880813159949,0.9082278213558257,0.9082278213558257,raw_digitized,rt_scaled_minor_digitization_residual_le_1pct
494,0.8994217866556582,0.04136795905095766,0.05921025429338417,0.8994217866556582,0.8916251743020979,0.8916251743020979,mean_of_treatment_models,mean_of_treatment_models,0.8801373105103193,0.053928463070359735,0.06593422641932097,0.8801373105103193,0.881114677902195,0.881114677902195,raw_digitized,rt_scaled_minor_digitization_residual_le_1pct,0.9283034167954044,0.026161236581294735,0.04553534662330087,0.9283034167954044,0.9205212243341788,0.9205212243341788,raw_digitized,rt_scaled_minor_digitization_residual_le_1pct,0.8740784483394871,0.05469665728062381,0.07122489437988906,0.8740784483394871,0.8581842735114682,0.8581842735114682,raw_digitized,rt_scaled_to_preserve_absorptance_and_unit_budget,0.9151679709774219,0.030685479271552338,0.05414654975102579,0.9151679709774219,0.9066805214605493,0.9066805214605493,raw_digitized,rt_scaled_minor_digitization_residual_le_1pct
495,0.8980034911510782,0.042340549111264884,0.05965595973765686,0.8980034911510782,0.8901474662822542,0.8901474662822542,mean_of_treatment_models,mean_of_treatment_models,0.8781929882062629,0.05502919486655462,0.06677781692718246,0.8781929882062629,0.8792948580931713,0.8792948580931713,raw_digitized,rt_scaled_minor_digitization_residual_le_1pct,0.9270792065475204,0.026912744580737943,0.04600804887174165,0.9270792065475204,0.9196425426773147,0.9196425426773147,raw_digitized,rt_scaled_minor_digitization_residual_le_1pct,0.8724079714652428,0.05583839706859329,0.07175363146616387,0.8724079714652428,0.8565192427932575,0.8565192427932575,raw_digitized,rt_scaled_to_preserve_absorptance_and_unit_budget,0.9143337983852868,0.031581859929173686,0.054084341685539467,0.9143337983852868,0.9051332215652729,0.9051332215652729,raw_digitized,rt_scaled_minor_digitization_residual_le_1pct
496,0.8963951710255467,0.04347081846382965,0.06013401051062367,0.8963951710255467,0.8885068616002474,0.8885068616002474,mean_of_treatment_models,mean_of_treatment_models,0.8763248717005091,0.05641265384415179,0.0672624744553391,0.8763248717005091,0.8768977789660166,0.8768977789660166,raw_digitized,rt_scaled_minor_digitization_residual_le_1pct,0.9258549962996364,0.027667782406139145,0.04647722129422444,0.9258549962996364,0.9187638610204507,0.9187638610204507,raw_digitized,rt_scaled_minor_digitization_residual_le_1pct,0.8707374945909986,0.057018356194227154,0.07224414921477425,0.8707374945909986,0.8547798847445258,0.8547798847445258,raw_digitized,rt_scaled_to_preserve_absorptance_and_unit_budget,0.9126633215110426,0.0327844814108005,0.05455219707815692,0.9126633215110426,0.9035859216699964,0.9035859216699964,raw_digitized,rt_scaled_minor_digitization_residual_le_1pct
497,0.8945089855696533,0.04479000873558662,0.060701005694760043,0.8945089855696533,0.8863656026392105,0.8863656026392105,mean_of_treatment_models,mean_of_treatment_models,0.8745428281696749,0.05787929420012436,0.06757787763020076,0.8745428281696749,0.8742640568650749,0.8742640568650749,raw_digitized,rt_scaled_minor_digitization_residual_le_1pct,0.9241704067341562,0.02847679320128266,0.047352800064561155,0.9241704067341562,0.917530269283039,0.917530269283039,raw_digitized,rt_scaled_minor_digitization_residual_le_1pct,0.868329862737984,0.058926663976395434,0.0727434732856206,0.868329862737984,0.8519573036953086,0.8519573036953086,raw_digitized,rt_scaled_to_preserve_absorptance_and_unit_budget,0.9109928446367983,0.033877283564544024,0.05512987179865768,0.9109928446367983,0.9017107807134193,0.9017107807134193,raw_digitized,rt_scaled_minor_digitization_residual_le_1pct
498,0.8923417714386866,0.04613466442078488,0.061523564140528564,0.8923417714386866,0.8836288792007561,0.8836288792007561,mean_of_treatment_models,mean_of_treatment_models,0.8727607846388405,0.05916692507093516,0.0680722902902243,0.8727607846388405,0.8712606867985977,0.8712606867985977,raw_digitized,rt_scaled_minor_digitization_residual_le_1pct,0.9220536632335515,0.029676049282426262,0.04827028748402221,0.9220536632335515,0.91558452266464,0.91558452266464,raw_digitized,rt_scaled_minor_digitization_residual_le_1pct,0.8652302701198001,0.06074008630263344,0.0740296435775664,0.8652302701198001,0.848122469200751,0.848122469200751,raw_digitized,rt_scaled_to_preserve_absorptance_and_unit_budget,0.909322367762554,0.034955597027144646,0.055722035210301314,0.909322367762554,0.899547838139035,0.899547838139035,raw_digitized,rt_scaled_minor_digitization_residual_le_1pct
499,0.889937049857705,0.04765357694597362,0.06240937319632128,0.889937049857705,0.880657394198275,0.880657394198275,mean_of_treatment_models,mean_of_treatment_models,0.8709787411080062,0.06036144597415397,0.0686598129178398,0.8709787411080062,0.8680726113329039,0.8680726113329039,raw_digitized,rt_scaled_minor_digitization_residual_le_1pct,0.919936919732947,0.031038922125552204,0.04902415814150079,0.919936919732947,0.9133562664864967,0.9133562664864967,raw_digitized,rt_scaled_minor_digitization_residual_le_1pct,0.8621306775016163,0.06255163744021085,0.07531768505817284,0.8621306775016163,0.8442876347061934,0.8442876347061934,raw_digitized,rt_scaled_to_preserve_absorptance_and_unit_budget,0.9067018610882508,0.036662302243977485,0.05663583666777171,0.9067018610882508,0.896913064267506,0.896913064267506,raw_digitized,rt_scaled_minor_digitization_residual_le_1pct
500,0.8869214619257336,0.0494804935462336,0.06359804452803278,0.8869214619257336,0.8776207255201842,0.8776207255201842,mean_of_treatment_models,mean_of_treatment_models,0.8676946706098697,0.06239025437989315,0.06991507501023714,0.8676946706098697,0.8646238011647699,0.8646238011647699,raw_digitized,rt_scaled_minor_digitization_residual_le_1pct,0.9178201762323425,0.03240257798595304,0.04977724578170449,0.9178201762323425,0.9111280103083536,0.9111280103083536,raw_digitized,rt_scaled_minor_digitization_residual_le_1pct,0.8587015498389771,0.06451190643517092,0.07678654372585202,0.8587015498389771,0.8404528002116358,0.8404528002116358,raw_digitized,rt_scaled_to_preserve_absorptance_and_unit_budget,0.9034694510217453,0.038617235383917314,0.057913313594337434,0.9034694510217453,0.8942782903959772,0.8942782903959772,raw_digitized,rt_scaled_minor_digitization_residual_le_1pct
501,0.8831696752441505,0.051630773097525916,0.06519955165832356,0.8831696752441505,0.8742376717063367,0.8742376717063367,mean_of_treatment_models,mean_of_treatment_models,0.8636175415720393,0.0648427931627654,0.07153966526519533,0.8636175415720393,0.8610826669363671,0.8610826669363671,raw_digitized,rt_scaled_minor_digitization_residual_le_1pct,0.9150780637064095,0.03388304336982875,0.051038892923761695,0.9150780637064095,0.9085383374676381,0.9085383374676381,raw_digitized,rt_scaled_minor_digitization_residual_le_1pct,0.8537460547429135,0.06739213228230667,0.07886181297477979,0.8537460547429135,0.8361648261394092,0.8361648261394092,raw_digitized,rt_scaled_to_preserve_absorptance_and_unit_budget,0.9002370409552397,0.04040512357520285,0.059357835469557446,0.9002370409552397,0.891164856281932,0.891164856281932,raw_digitized,rt_scaled_minor_digitization_residual_le_1pct
502,0.8793510975057193,0.05390423561755997,0.0667446668767207,0.8793510975057193,0.8705861912706663,0.8705861912706663,mean_of_treatment_models,mean_of_treatment_models,0.8595404125342089,0.06719454326229013,0.073265044203501,0.8595404125342089,0.8573182023618557,0.8573182023618557,raw_digitized,rt_scaled_minor_digitization_residual_le_1pct,0.9120687869530842,0.03580292403879303,0.05212828900812273,0.9120687869530842,0.9052173789292803,0.9052173789292803,raw_digitized,rt_scaled_minor_digitization_residual_le_1pct,0.84879055964685,0.07033562168485363,0.08087381866829634,0.84879055964685,0.8319484782662744,0.8319484782662744,raw_digitized,rt_scaled_to_preserve_absorptance_and_unit_budget,0.8970046308887342,0.042283853484303094,0.060711515626962746,0.8970046308887342,0.8878607055252551,0.8878607055252551,raw_digitized,rt_scaled_minor_digitization_residual_le_1pct
503,0.8754146499548323,0.056381781414034236,0.06820356863113353,0.8754146499548323,0.8666425453529827,0.8666425453529827,mean_of_treatment_models,mean_of_treatment_models,0.8547778897210774,0.07020828366968981,0.0750138266092328,0.8547778897210774,0.852827021985844,0.852827021985844,raw_digitized,rt_scaled_minor_digitization_residual_le_1pct,0.9090595101997591,0.03779241101793843,0.05314807878230251,0.9090595101997591,0.901765847809822,0.901765847809822,raw_digitized,rt_scaled_minor_digitization_residual_le_1pct,0.8439604960913645,0.07323083266665084,0.08280867124198467,0.8439604960913645,0.8277337614860968,0.8277337614860968,raw_digitized,rt_scaled_to_preserve_absorptance_and_unit_budget,0.893860703807128,0.04429559830185785,0.06184369789101414,0.893860703807128,0.8842435501301683,0.8842435501301683,raw_digitized,rt_scaled_minor_digitization_residual_le_1pct
504,0.8711812390528104,0.05915649723014927,0.06966226371704039,0.8711812390528104,0.8624024725732998,0.8624024725732998,mean_of_treatment_models,mean_of_treatment_models,0.84853317992664,0.07446334230189731,0.07700347777146266,0.84853317992664,0.8473226225602153,0.8473226225602153,raw_digitized,rt_scaled_minor_digitization_residual_le_1pct,0.9060502334464338,0.03977887830149603,0.054170888252070205,0.9060502334464338,0.8983143166903637,0.8983143166903637,raw_digitized,rt_scaled_minor_digitization_residual_le_1pct,0.8394016824409548,0.07608848157328893,0.08450983598575626,0.8394016824409548,0.8233465563075391,0.8233465563075391,raw_digitized,rt_scaled_to_preserve_absorptance_and_unit_budget,0.8907398603972128,0.04629528674391482,0.06296485285887243,0.8907398603972128,0.8806263947350816,0.8806263947350816,raw_digitized,rt_scaled_to_preserve_absorptance_and_unit_budget
505,0.867157972432139,0.06204607407763638,0.07079595349022452,0.867157972432139,0.8580709116009653,0.8580709116009653,mean_of_treatment_models,mean_of_treatment_models,0.8427573904724163,0.07849666194897799,0.07874594757860573,0.8427573904724163,0.8418182231345865,0.8418182231345865,raw_digitized,rt_scaled_minor_digitization_residual_le_1pct,0.9034126134782975,0.041909679648149185,0.05467770687355332,0.9034126134782975,0.8956279955539388,0.8956279955539388,raw_digitized,rt_scaled_minor_digitization_residual_le_1pct,0.8348428687905451,0.07948581237854427,0.08567131883091056,0.8348428687905451,0.8178294130635961,0.8178294130635961,raw_digitized,rt_scaled_to_preserve_absorptance_and_unit_budget,0.8876190169872974,0.04829214233487411,0.0640888406778285,0.8876190169872974,0.8770080146517398,0.8770080146517398,raw_digitized,rt_scaled_to_preserve_absorptance_and_unit_budget
506,0.8632126268395179,0.06488459179127443,0.07190278136920762,0.8632126268395179,0.8536508237503752,0.8536508237503752,mean_of_treatment_models,mean_of_treatment_models,0.8376602234314764,0.08218237410774942,0.08015740246077416,0.8376602234314764,0.8362742309427444,0.8362742309427444,raw_digitized,rt_scaled_minor_digitization_residual_le_1pct,0.9008230398616683,0.04408208160408358,0.055094878534248076,0.9008230398616683,0.8928415182779061,0.8928415182779061,raw_digitized,rt_scaled_minor_digitization_residual_le_1pct,0.829869070487545,0.08300929191178508,0.08712163760066992,0.829869070487545,0.8121538727846196,0.8121538727846196,raw_digitized,rt_scaled_to_preserve_absorptance_and_unit_budget,0.884498173577382,0.050264619541479615,0.06523720688113835,0.884498173577382,0.8733336729962305,0.8733336729962305,raw_digitized,rt_scaled_to_preserve_absorptance_and_unit_budget
507,0.8589974599809725,0.06774272617128008,0.07325981384774741,0.8589974599809725,0.8488931046589483,0.8488931046589483,mean_of_treatment_models,mean_of_treatment_models,0.8325630563905366,0.08569552421828272,0.08174141939118068,0.8325630563905366,0.8300909152626688,0.8300909152626688,raw_digitized,rt_scaled_minor_digitization_residual_le_1pct,0.8982334662450391,0.04625470293914704,0.055511830815813866,0.8982334662450391,0.8900550410018733,0.8900550410018733,raw_digitized,rt_scaled_minor_digitization_residual_le_1pct,0.8243978895121318,0.08649176747927054,0.0891103430085977,0.8243978895121318,0.805841447546342,0.805841447546342,raw_digitized,rt_scaled_to_preserve_absorptance_and_unit_budget,0.8807954277761826,0.052528910048420044,0.06667566217539739,0.8807954277761826,0.8695850148249089,0.8695850148249089,raw_digitized,rt_scaled_to_preserve_absorptance_and_unit_budget
508,0.8543279796014932,0.07086140226240496,0.07481061813610193,0.8543279796014932,0.8439360376231761,0.8439360376231761,mean_of_treatment_models,mean_of_treatment_models,0.827322311776862,0.08927219257704308,0.08340549564609491,0.827322311776862,0.823907599582593,0.823907599582593,raw_digitized,rt_scaled_minor_digitization_residual_le_1pct,0.8941319985063743,0.04903358108955329,0.056834420404072446,0.8941319985063743,0.887048873378782,0.887048873378782,raw_digitized,rt_scaled_minor_digitization_residual_le_1pct,0.8187780459249495,0.09004776004271663,0.09117419403233387,0.8187780459249495,0.7995251017410283,0.7995251017410283,raw_digitized,rt_scaled_to_preserve_absorptance_and_unit_budget,0.8770795621977867,0.055092075340306836,0.06782836246190646,0.8770795621977867,0.865262575790301,0.865262575790301,raw_digitized,rt_scaled_to_preserve_absorptance_and_unit_budget
509,0.8483070698723341,0.07469537396135045,0.07699755616631548,0.8483070698723341,0.83823848060902,0.83823848060902,mean_of_treatment_models,mean_of_treatment_models,0.8201850687297035,0.09383025035715707,0.08598468091313939,0.8201850687297035,0.8177242839025172,0.8177242839025172,raw_digitized,rt_scaled_minor_digitization_residual_le_1pct,0.8887798219646572,0.05205996464973481,0.05916021338560798,0.8887798219646572,0.8826675064807462,0.8826675064807462,raw_digitized,rt_scaled_minor_digitization_residual_le_1pct,0.8111945362514307,0.09510513053853735,0.09370033321003196,0.8111945362514307,0.7916219952971233,0.7916219952971233,raw_digitized,rt_scaled_to_preserve_absorptance_and_unit_budget,0.8730688525435448,0.057786150299972576,0.0691449971564826,0.8730688525435448,0.860940136755693,0.860940136755693,raw_digitized,rt_scaled_to_preserve_absorptance_and_unit_budget
510,0.8416441068340121,0.078861790205348,0.07949410296063991,0.8416441068340121,0.8318240810153731,0.8318240810153731,mean_of_treatment_models,mean_of_treatment_models,0.8127862676070577,0.09866491261073519,0.08854881978220706,0.8127862676070577,0.8108445247034051,0.8108445247034051,raw_digitized,rt_scaled_minor_digitization_residual_le_1pct,0.8834276454229403,0.055600253544200715,0.06097210103285901,0.8834276454229403,0.8772829868531127,0.8772829868531127,raw_digitized,rt_scaled_minor_digitization_residual_le_1pct,0.8035383715569431,0.09969820673565885,0.09676342170739807,0.8035383715569431,0.7826192112025256,0.7826192112025256,raw_digitized,rt_scaled_to_preserve_absorptance_and_unit_budget,0.8668241427491072,0.06148378793079729,0.07169206932009549,0.8668241427491072,0.8565496013024492,0.8565496013024492,raw_digitized,rt_scaled_to_preserve_absorptance_and_unit_budget
511,0.8345923038082741,0.08305589386688383,0.0823518023248421,0.8345923038082741,0.8250594867521139,0.8250594867521139,mean_of_treatment_models,mean_of_treatment_models,0.8040424647050021,0.10394298780017538,0.09201454749482255,0.8040424647050021,0.8030979835288627,0.8030979835288627,raw_digitized,rt_scaled_minor_digitization_residual_le_1pct,0.8782387223163604,0.0590653858573569,0.06269589182628275,0.8782387223163604,0.8718984672254793,0.8718984672254793,raw_digitized,rt_scaled_minor_digitization_residual_le_1pct,0.7955085952570642,0.10435937854441736,0.10013202619851845,0.7955085952570642,0.7738862196613125,0.7738862196613125,raw_digitized,rt_scaled_to_preserve_absorptance_and_unit_budget,0.8605794329546697,0.06485582326558571,0.07456474377974463,0.8605794329546697,0.8513552765928017,0.8513552765928017,raw_digitized,rt_scaled_minor_digitization_residual_le_1pct
512,0.8276541083471846,0.08711064903227604,0.08523524262053936,0.8276541083471846,0.8184129789389943,0.8184129789389943,mean_of_treatment_models,mean_of_treatment_models,0.7952986618029464,0.10922786818983801,0.09547347000721558,0.7952986618029464,0.7953514423543205,0.7953514423543205,raw_digitized,rt_scaled_minor_digitization_residual_le_1pct,0.8731245546420356,0.06242512459636478,0.06445032076159955,0.8731245546420356,0.8663649520555271,0.8663649520555271,raw_digitized,rt_scaled_minor_digitization_residual_le_1pct,0.7878584937835242,0.1085524402670632,0.10358906594941256,0.7878584937835242,0.7657745694629754,0.7657745694629754,raw_digitized,rt_scaled_to_preserve_absorptance_and_unit_budget,0.8543347231602321,0.06823716307583817,0.07742811376392976,0.8543347231602321,0.8461609518831543,0.8461609518831543,raw_digitized,rt_scaled_minor_digitization_residual_le_1pct
513,0.8207058938905585,0.09154204976656997,0.08775205634287164,0.8207058938905585,0.8107963539508025,0.8107963539508025,mean_of_treatment_models,mean_of_treatment_models,0.7865548589008907,0.11490393281917231,0.09854120827993698,0.7865548589008907,0.7867748081071723,0.7867748081071723,raw_digitized,rt_scaled_minor_digitization_residual_le_1pct,0.8674005350361749,0.06625923517606029,0.06634022978776483,0.8674005350361749,0.8598831137021496,0.8598831137021496,raw_digitized,rt_scaled_minor_digitization_residual_le_1pct,0.7813162729048464,0.11212739312666124,0.10655633396849237,0.7813162729048464,0.7575535618384276,0.7575535618384276,raw_digitized,rt_scaled_to_preserve_absorptance_and_unit_budget,0.8475519087203216,0.07287763794438602,0.07957045333529238,0.8475519087203216,0.8389739321554606,0.8389739321554606,raw_digitized,rt_scaled_minor_digitization_residual_le_1pct
514,0.8119887191147706,0.09696825506935355,0.09104302581587598,0.8119887191147706,0.8023765659317508,0.8023765659317508,mean_of_treatment_models,mean_of_treatment_models,0.777811055998835,0.12047217469152541,0.10171676930963955,0.777811055998835,0.7777748603843336,0.7777748603843336,raw_digitized,rt_scaled_minor_digitization_residual_le_1pct,0.8602632919890161,0.07084803799623536,0.06888867001474858,0.8602632919890161,0.8533062777780311,0.8533062777780311,raw_digitized,rt_scaled_minor_digitization_residual_le_1pct,0.7703583960507887,0.11856525466898525,0.11107634928022607,0.7703583960507887,0.7475291781674127,0.7475291781674127,raw_digitized,rt_scaled_to_preserve_absorptance_and_unit_budget,0.8395221324204422,0.07798755292066815,0.0824903146588897,0.8395221324204422,0.8308959473972259,0.8308959473972259,raw_digitized,rt_scaled_minor_digitization_residual_le_1pct
515,0.8029458420997909,0.10261374376332832,0.09444041413688074,0.8029458420997909,0.7931510587705508,0.7931510587705508,mean_of_treatment_models,mean_of_treatment_models,0.7688211700731578,0.12586410174683593,0.1053147281800063,0.7688211700731578,0.7684219907885887,0.7684219907885887,raw_digitized,rt_scaled_minor_digitization_residual_le_1pct,0.8533018225301587,0.07536405133452471,0.07133412613531655,0.8533018225301587,0.8467180784162105,0.8467180784162105,raw_digitized,rt_scaled_minor_digitization_residual_le_1pct,0.7579922460869831,0.1266189794357375,0.1153887744772794,0.7579922460869831,0.7355222511573222,0.7355222511573222,raw_digitized,rt_scaled_to_preserve_absorptance_and_unit_budget,0.8316681297088642,0.08260784253621513,0.08572402775492072,0.8316681297088642,0.821941914720082,0.821941914720082,raw_digitized,rt_scaled_minor_digitization_residual_le_1pct
516,0.7937632103484813,0.10818613713626339,0.09805065251525541,0.7937632103484813,0.783938771373355,0.783938771373355,mean_of_treatment_models,mean_of_treatment_models,0.7594525938941978,0.13140668332185185,0.10914072278395032,0.7594525938941978,0.7591901169258393,0.7591901169258393,raw_digitized,rt_scaled_minor_digitization_residual_le_1pct,0.8466108461093609,0.07992018140451451,0.07346897248612462,0.8466108461093609,0.8389760260717409,0.8389760260717409,raw_digitized,rt_scaled_minor_digitization_residual_le_1pct,0.7449047813550205,0.1343016057103234,0.1207936129346561,0.7449047813550205,0.7246587842509884,0.7246587842509884,raw_digitized,rt_scaled_to_preserve_absorptance_and_unit_budget,0.8240846200353455,0.08711607810836383,0.0887993018562906,0.8240846200353455,0.8129301582448514,0.8129301582448514,raw_digitized,rt_scaled_to_preserve_absorptance_and_unit_budget
517,0.7851614753816947,0.11334461856057002,0.10149390605773538,0.7851614753816947,0.7746110158679763,0.7746110158679763,mean_of_treatment_models,mean_of_treatment_models,0.7496499756847695,0.13724588601931048,0.11310413829592,0.7496499756847695,0.7498294596771081,0.7498294596771081,raw_digitized,rt_scaled_minor_digitization_residual_le_1pct,0.8392688066428604,0.08462793157624926,0.07610326178089034,0.8392688066428604,0.8308702379700041,0.8308702379700041,raw_digitized,rt_scaled_minor_digitization_residual_le_1pct,0.7361730536694262,0.13898516001002445,0.12484178632054936,0.7361730536694262,0.7146749286598509,0.7146749286598509,raw_digitized,rt_scaled_to_preserve_absorptance_and_unit_budget,0.8155540655297223,0.09251949663669584,0.09192643783358183,0.8155540655297223,0.8030694371649421,0.8030694371649421,raw_digitized,rt_scaled_to_preserve_absorptance_and_unit_budget
518,0.7760646935085436,0.11908795144116087,0.10484735505029558,0.7760646935085436,0.7649154745705252,0.7649154745705252,mean_of_treatment_models,mean_of_treatment_models,0.739388866253089,0.14385753084379743,0.11675360290311358,0.739388866253089,0.7394852889161345,0.7394852889161345,raw_digitized,rt_scaled_minor_digitization_residual_le_1pct,0.8312390303429814,0.08969743323622227,0.07906353642079632,0.8312390303429814,0.8227644498682671,0.8227644498682671,raw_digitized,rt_scaled_minor_digitization_residual_le_1pct,0.7276077574179147,0.1440700484187865,0.1283221941632988,0.7276077574179147,0.703564862257445,0.703564862257445,raw_digitized,rt_scaled_to_preserve_absorptance_and_unit_budget,0.8060231200201892,0.09872679326583723,0.09525008671397361,0.8060231200201892,0.7938472972402542,0.7938472972402542,raw_digitized,rt_scaled_to_preserve_absorptance_and_unit_budget
519,0.7669229639757342,0.12489231124401742,0.10818472478024832,0.7669229639757342,0.7550694492320944,0.7550694492320944,mean_of_treatment_models,mean_of_treatment_models,0.7299025621479094,0.1500717447484583,0.12002569310363231,0.7299025621479094,0.7292017673208102,0.7292017673208102,raw_digitized,rt_scaled_minor_digitization_residual_le_1pct,0.8221761802744336,0.09525128794195994,0.08257253178360642,0.8221761802744336,0.8145177746072555,0.8145177746072555,raw_digitized,rt_scaled_minor_digitization_residual_le_1pct,0.7191802043355588,0.14934300036768494,0.13147679529675618,0.7191802043355588,0.691772749941139,0.691772749941139,raw_digitized,rt_scaled_to_preserve_absorptance_and_unit_budget,0.7964329091450352,0.10490321191796649,0.09866387893699832,0.7964329091450352,0.7847855050591728,0.7847855050591728,raw_digitized,rt_scaled_to_preserve_absorptance_and_unit_budget
520,0.7573599118393812,0.13066283513108617,0.11197725302953263,0.7573599118393812,0.7452527537307221,0.7452527537307221,mean_of_treatment_models,mean_of_treatment_models,0.7202754984706504,0.15620765204431755,0.12351684948503205,0.7202754984706504,0.7192632639002624,0.7192632639002624,raw_digitized,rt_scaled_minor_digitization_residual_le_1pct,0.8123613374691128,0.10081208051121784,0.0868265820196694,0.8123613374691128,0.8054872520381972,0.8054872520381972,raw_digitized,rt_scaled_minor_digitization_residual_le_1pct,0.7100307038060041,0.15479116335088614,0.13517813284310976,0.7100307038060041,0.6799050148310462,0.6799050148310462,raw_digitized,rt_scaled_to_preserve_absorptance_and_unit_budget,0.7867721076117576,0.1108404446179231,0.10238744777031926,0.7867721076117576,0.7763554841533831,0.7763554841533831,raw_digitized,rt_scaled_to_preserve_absorptance_and_unit_budget
521,0.745873841445824,0.13734582703202527,0.11678033152215075,0.745873841445824,0.7354057928598443,0.7354057928598443,mean_of_treatment_models,mean_of_treatment_models,0.7065930115702073,0.16447903831431326,0.1289279501154795,0.7065930115702073,0.7093126364591228,0.7093126364591228,raw_digitized,rt_scaled_minor_digitization_residual_le_1pct,0.803744558140193,0.10578302990283771,0.09047241195696934,0.803744558140193,0.7963393095208592,0.7963393095208592,raw_digitized,rt_scaled_minor_digitization_residual_le_1pct,0.696149876182734,0.1625398497239089,0.14131027409335709,0.696149876182734,0.6685723523998868,0.6685723523998868,raw_digitized,rt_scaled_to_preserve_absorptance_and_unit_budget,0.7770079198901616,0.11658139018704126,0.10641068992279712,0.7770079198901616,0.7673988730595083,0.7673988730595083,raw_digitized,rt_scaled_minor_digitization_residual_le_1pct
522,0.7350012589791566,0.1435966060062726,0.12140213501457078,0.7350012589791566,0.7253717666913951,0.7253717666913951,mean_of_treatment_models,mean_of_treatment_models,0.6947246489709752,0.17138287364192015,0.13389247738710464,0.6947246489709752,0.6988722721573177,0.6988722721573177,raw_digitized,rt_scaled_minor_digitization_residual_le_1pct,0.795714781840314,0.11055870625207694,0.0937265119076091,0.795714781840314,0.7869127274423516,0.7869127274423516,raw_digitized,rt_scaled_minor_digitization_residual_le_1pct,0.682372528020496,0.17028188567294078,0.14734558630656322,0.682372528020496,0.6573227890775074,0.6573227890775074,raw_digitized,rt_scaled_to_preserve_absorptance_and_unit_budget,0.7671930770848413,0.12216295845815255,0.11064396445700615,0.7671930770848413,0.7583792780884039,0.7583792780884039,raw_digitized,rt_scaled_minor_digitization_residual_le_1pct
523,0.7249896095204982,0.14942634407438632,0.12558404640511547,0.7249896095204982,0.7157058571534987,0.7157058571534987,mean_of_treatment_models,mean_of_treatment_models,0.683571006286574,0.17781754650419343,0.13861144720923257,0.683571006286574,0.6885879177692714,0.6885879177692714,raw_digitized,rt_scaled_minor_digitization_residual_le_1pct,0.7880257688364682,0.11542238641297971,0.09655184475055205,0.7880257688364682,0.7780207976081368,0.7780207976081368,raw_digitized,rt_scaled_to_preserve_absorptance_and_unit_budget,0.6686359481956459,0.1780977772613575,0.15326627454299666,0.6686359481956459,0.6465359189320531,0.6465359189320531,raw_digitized,rt_scaled_to_preserve_absorptance_and_unit_budget,0.7597257147633049,0.12636766611901454,0.11390661911768056,0.7597257147633049,0.7496787943045334,0.7496787943045334,raw_digitized,rt_scaled_to_preserve_absorptance_and_unit_budget
524,0.7170901890881292,0.15404278430717244,0.12886702660469845,0.7170901890881292,0.7060623100121046,0.7060623100121046,mean_of_treatment_models,mean_of_treatment_models,0.6756698466876693,0.18242356408308683,0.14190658922924387,0.6756698466876693,0.6783035633812251,0.6783035633812251,raw_digitized,rt_scaled_minor_digitization_residual_le_1pct,0.7804422591629496,0.12018298669011675,0.09937475414693363,0.7804422591629496,0.7695265100081703,0.7695265100081703,raw_digitized,rt_scaled_to_preserve_absorptance_and_unit_budget,0.6607161383032791,0.18277928105125948,0.15650458064546136,0.6607161383032791,0.6357727526486883,0.6357727526486883,raw_digitized,rt_scaled_to_preserve_absorptance_and_unit_budget,0.7515325121986183,0.13078530540422673,0.11768218239715503,0.7515325121986183,0.740646414010335,0.740646414010335,raw_digitized,rt_scaled_to_preserve_absorptance_and_unit_budget
525,0.70702179179518,0.15974778899845835,0.1332304192063618,0.70702179179518,0.6963920943423851,0.6963920943423851,mean_of_treatment_models,mean_of_treatment_models,0.6667279181309728,0.18798275369125994,0.14528932817776732,0.6667279181309728,0.6678623737916989,0.6678623737916989,raw_digitized,rt_scaled_minor_digitization_residual_le_1pct,0.7713307065975662,0.12563720568750145,0.10303208771493237,0.7713307065975662,0.7613663780778868,0.7613663780778868,raw_digitized,rt_scaled_minor_digitization_residual_le_1pct,0.6496000877572568,0.18896414169726033,0.16143577054548292,0.6496000877572568,0.6253726522228158,0.6253726522228158,raw_digitized,rt_scaled_to_preserve_absorptance_and_unit_budget,0.7404284546949238,0.13640705491781166,0.12316449038726453,0.7404284546949238,0.7309669732771391,0.7309669732771391,raw_digitized,rt_scaled_minor_digitization_residual_le_1pct
526,0.6963285047043144,0.16583004961380537,0.13784144568188023,0.6963285047043144,0.6865639198724283,0.6865639198724283,mean_of_treatment_models,mean_of_treatment_models,0.65483049773597,0.1952491604787977,0.14992034178523228,0.65483049773597,0.6574594877948772,0.6574594877948772,raw_digitized,rt_scaled_minor_digitization_residual_le_1pct,0.7619621304186057,0.13113988183787753,0.10689798774351675,0.7619621304186057,0.7530211632593664,0.7530211632593664,raw_digitized,rt_scaled_minor_digitization_residual_le_1pct,0.6363338152568216,0.19621937119825558,0.1674468135449228,0.6363338152568216,0.6149002857554622,0.6149002857554622,raw_digitized,rt_scaled_to_preserve_absorptance_and_unit_budget,0.7321875754058603,0.14071178494029066,0.12710063965384905,0.7321875754058603,0.7208747426800075,0.7208747426800075,raw_digitized,rt_scaled_to_preserve_absorptance_and_unit_budget
527,0.6581841290912367,0.18514961107313666,0.15666625983562665,0.6581841290912367,0.6727189417458442,0.6727189417458442,mean_of_treatment_models,mean_of_treatment_models,0.5289355489681385,0.2666990298213547,0.2043654212105068,0.5289355489681385,0.6478815712378047,0.6478815712378047,raw_digitized,rt_scaled_to_preserve_absorptance_and_unit_budget,0.7530168123895449,0.13610950633415833,0.11087368127629676,0.7530168123895449,0.744849908586295,0.744849908586295,raw_digitized,rt_scaled_minor_digitization_residual_le_1pct,0.6276495145716139,0.2006984838426631,0.17165200158572308,0.6276495145716139,0.6051296241735797,0.6051296241735797,raw_digitized,rt_scaled_to_preserve_absorptance_and_unit_budget,0.7231346404356495,0.13709142429437046,0.13977393526998005,0.7231346404356495,0.6930146629856975,0.6930146629856975,raw_digitized,rt_scaled_to_preserve_absorptance_and_unit_budget
528,0.6497788294718799,0.1857726425297367,0.16444852799838341,0.6497788294718799,0.6540497897710911,0.6540497897710911,mean_of_treatment_models,mean_of_treatment_models,0.5231566729889667,0.2698534236988484,0.20698990331218486,0.5231566729889667,0.6389048911412327,0.6389048911412327,raw_digitized,rt_scaled_to_preserve_absorptance_and_unit_budget,0.7441771860790838,0.14089112120578193,0.11493169271513427,0.7441771860790838,0.7369766920056183,0.7369766920056183,raw_digitized,rt_scaled_minor_digitization_residual_le_1pct,0.6188886102944247,0.2054490719330873,0.175662317772488,0.6188886102944247,0.5958112749045309,0.5958112749045309,raw_digitized,rt_scaled_to_preserve_absorptance_and_unit_budget,0.7128928485250444,0.12689695328122907,0.16021019819372653,0.7128928485250444,0.6445063010329822,0.6445063010329822,raw_digitized,rt_scaled_to_preserve_absorptance_and_unit_budget
529,0.6489696116277959,0.18276011048917848,0.16827027788302565,0.6489696116277959,0.635969586309342,0.635969586309342,mean_of_treatment_models,mean_of_treatment_models,0.5460024547766767,0.2568945216296121,0.19710302359371115,0.5460024547766767,0.6300380416170499,0.6300380416170499,raw_digitized,rt_scaled_to_preserve_absorptance_and_unit_budget,0.7372779518993178,0.14464732253108767,0.11807472556959453,0.7372779518993178,0.7291847488257619,0.7291847488257619,raw_digitized,rt_scaled_minor_digitization_residual_le_1pct,0.6083299897785039,0.21132109407653724,0.18034891614495885,0.6083299897785039,0.5873306918809243,0.5873306918809243,raw_digitized,rt_scaled_to_preserve_absorptance_and_unit_budget,0.704268050056685,0.11817750371947698,0.17755444622383804,0.704268050056685,0.5973248629136317,0.5973248629136317,raw_digitized,rt_scaled_to_preserve_absorptance_and_unit_budget
530,0.6351157943346017,0.18750041702745984,0.17738378863793847,0.6351157943346017,0.6186441035212094,0.6186441035212094,mean_of_treatment_models,mean_of_treatment_models,0.515975831031558,0.27346955558902836,0.21055461337941375,0.515975831031558,0.6218637779316479,0.6218637779316479,raw_digitized,rt_scaled_to_preserve_absorptance_and_unit_budget,0.7303787177195517,0.14876999418720216,0.12085128809324618,0.7303787177195517,0.7225252019108258,0.7225252019108258,raw_digitized,rt_scaled_minor_digitization_residual_le_1pct,0.5982670890742892,0.2164023127447736,0.1853305981809373,0.5982670890742892,0.5800440094480821,0.5800440094480821,raw_digitized,rt_scaled_to_preserve_absorptance_and_unit_budget,0.6958415395130081,0.11135980558883529,0.1927986548981566,0.6958415395130081,0.5501434247942812,0.5501434247942812,raw_digitized,rt_scaled_to_preserve_absorptance_and_unit_budget
531,0.6535568732062674,0.17428844495396167,0.1721546818397708,0.6535568732062674,0.6018130977009493,0.6018130977009493,mean_of_treatment_models,mean_of_treatment_models,0.6102257803116397,0.21944441266348455,0.17032980702487577,0.6102257803116397,0.6147197872735687,0.6147197872735687,raw_digitized,rt_scaled_minor_digitization_residual_le_1pct,0.7238700589362095,0.15234366149040554,0.12378627957338495,0.7238700589362095,0.7166324273590967,0.7166324273590967,raw_digitized,rt_scaled_minor_digitization_residual_le_1pct,0.5914273571113711,0.21983779298789818,0.18873484990073075,0.5914273571113711,0.5729381894962009,0.5729381894962009,raw_digitized,rt_scaled_to_preserve_absorptance_and_unit_budget,0.6887042964658497,0.10552791267405842,0.2057677908600918,0.6887042964658497,0.5029619866749309,0.5029619866749309,raw_digitized,rt_scaled_to_preserve_absorptance_and_unit_budget
532,0.6466727651331838,0.1768302766951174,0.1764969581716987,0.6466727651331838,0.5907510828488489,0.5907510828488489,mean_of_treatment_models,mean_of_treatment_models,0.6021960040117602,0.22336257848677193,0.1744414175014678,0.6021960040117602,0.6078556029771882,0.6078556029771882,raw_digitized,rt_scaled_minor_digitization_residual_le_1pct,0.7175658469249235,0.15580445005617197,0.1266297030189045,0.7175658469249235,0.7107396528073675,0.7107396528073675,raw_digitized,rt_scaled_minor_digitization_residual_le_1pct,0.5848786339165396,0.22338712683829973,0.19173423924516064,0.5848786339165396,0.5663577406287488,0.5663577406287488,raw_digitized,rt_scaled_to_preserve_absorptance_and_unit_budget,0.6820505756795123,0.10476695139922591,0.21318247292126177,0.6820505756795123,0.4780513349820912,0.4780513349820912,raw_digitized,rt_scaled_to_preserve_absorptance_and_unit_budget
533,0.6406975855900046,0.18272284818395423,0.1765795662260412,0.6406975855900046,0.5967431503626345,0.5967431503626345,mean_of_treatment_models,mean_of_treatment_models,0.594603114775976,0.22783090842791784,0.17756597679610608,0.594603114775976,0.6023889993688236,0.6023889993688236,raw_digitized,rt_scaled_minor_digitization_residual_le_1pct,0.7118036984931633,0.15910143287320516,0.12909486863363157,0.7118036984931633,0.7050977973057617,0.7050977973057617,raw_digitized,rt_scaled_minor_digitization_residual_le_1pct,0.5793281166519955,0.22637509217067597,0.19429679117732856,0.5793281166519955,0.5598320759030478,0.5598320759030478,raw_digitized,rt_scaled_to_preserve_absorptance_and_unit_budget,0.6770554124388835,0.11758395926401795,0.20536062829709859,0.6770554124388835,0.5196537288729045,0.5196537288729045,raw_digitized,rt_scaled_to_preserve_absorptance_and_unit_budget
534,0.6353697549115754,0.18999748964155683,0.1746327554468678,0.6353697549115754,0.6066744212821333,0.6066744212821333,mean_of_treatment_models,mean_of_treatment_models,0.5881798983309944,0.23152415547073232,0.1802959461982733,0.5881798983309944,0.5971888220691257,0.5971888220691257,raw_digitized,rt_scaled_minor_digitization_residual_le_1pct,0.7074928107462871,0.16178879399398954,0.13071839525972337,0.7074928107462871,0.7006809867599628,0.7006809867599628,raw_digitized,rt_scaled_minor_digitization_residual_le_1pct,0.5737460613707656,0.2293413225156039,0.19691261611363048,0.5737460613707656,0.5533942084589973,0.5533942084589973,raw_digitized,rt_scaled_to_preserve_absorptance_and_unit_budget,0.6720602491982546,0.13733568658590148,0.19060406421584394,0.6720602491982546,0.5754336678404477,0.5754336678404477,raw_digitized,rt_scaled_to_preserve_absorptance_and_unit_budget
535,0.6303670489936368,0.1986082958472459,0.17102465515911727,0.6303670489936368,0.6169500543162582,0.6169500543162582,mean_of_treatment_models,mean_of_treatment_models,0.5817566818860126,0.23513478380648,0.1831085343075074,0.5817566818860126,0.5921737263015332,0.5921737263015332,raw_digitized,rt_scaled_to_preserve_absorptance_and_unit_budget,0.7031819229994108,0.16419952517507092,0.13261855182551824,0.7031819229994108,0.696897715182014,0.696897715182014,raw_digitized,rt_scaled_minor_digitization_residual_le_1pct,0.5681558759616564,0.23259893444580138,0.19924518959254225,0.5681558759616564,0.5475151689734946,0.5475151689734946,raw_digitized,rt_scaled_to_preserve_absorptance_and_unit_budget,0.6683737151274675,0.16249993996163134,0.1691263449109012,0.6683737151274675,0.6312136068079909,0.6312136068079909,raw_digitized,rt_scaled_to_preserve_absorptance_and_unit_budget
536,0.6015054548948501,0.2022843431190211,0.19621020198612885,0.6015054548948501,0.5694269786029248,0.5694269786029248,mean_of_treatment_models,mean_of_treatment_models,0.47750720863175494,0.2945803796307786,0.2279124117374665,0.47750720863175494,0.5883324007693576,0.5883324007693576,raw_digitized,rt_scaled_to_preserve_absorptance_and_unit_budget,0.7000009453114574,0.16598519944493167,0.13401385524361095,0.7000009453114574,0.6931144436040654,0.6931144436040654,raw_digitized,rt_scaled_minor_digitization_residual_le_1pct,0.5635795557946076,0.2361165579174447,0.2003038862879477,0.5635795557946076,0.5432021304349198,0.5432021304349198,raw_digitized,rt_scaled_to_preserve_absorptance_and_unit_budget,0.6649341098415804,0.11245523548292943,0.22261065467549015,0.6649341098415804,0.4530589396033565,0.4530589396033565,raw_digitized,rt_scaled_to_preserve_absorptance_and_unit_budget
537,0.5981624145238764,0.20868935905593292,0.1931482264201906,0.5981624145238764,0.5832851633451863,0.5832851633451863,mean_of_treatment_models,mean_of_treatment_models,0.47225440606131713,0.29856255991417596,0.22918303402450685,0.47225440606131713,0.58475679769666,0.58475679769666,raw_digitized,rt_scaled_to_preserve_absorptance_and_unit_budget,0.6984420350938032,0.1672275042529308,0.13433046065326604,0.6984420350938032,0.6899894191888586,0.6899894191888586,raw_digitized,rt_scaled_minor_digitization_residual_le_1pct,0.5604587123846922,0.23853206084559284,0.2010092267697149,0.5604587123846922,0.5396080169360574,0.5396080169360574,raw_digitized,rt_scaled_to_preserve_absorptance_and_unit_budget,0.6614945045556933,0.13043531121103205,0.20807018423327467,0.6614945045556933,0.5187864195591696,0.5187864195591696,raw_digitized,rt_scaled_to_preserve_absorptance_and_unit_budget
538,0.59459194313446,0.21648941932290827,0.18891863754263177,0.59459194313446,0.5978658097252655,0.5978658097252655,mean_of_treatment_models,mean_of_treatment_models,0.4655387062073066,0.30296295969572856,0.23149833409696485,0.4655387062073066,0.58193179231389,0.58193179231389,raw_digitized,rt_scaled_to_preserve_absorptance_and_unit_budget,0.6968831248761491,0.16874088694422718,0.1343759881796237,0.6968831248761491,0.6882417853583478,0.6882417853583478,raw_digitized,rt_scaled_minor_digitization_residual_le_1pct,0.5573378689747768,0.2403683166399364,0.20229381438528685,0.5573378689747768,0.5367757617138412,0.5367757617138412,raw_digitized,rt_scaled_to_preserve_absorptance_and_unit_budget,0.6586080724796074,0.15388551401174086,0.18750641350865174,0.6586080724796074,0.5845138995149827,0.5845138995149827,raw_digitized,rt_scaled_to_preserve_absorptance_and_unit_budget
539,0.6117297451170287,0.21308236024395677,0.17518789463901457,0.6117297451170287,0.6095675027070836,0.6095675027070836,mean_of_treatment_models,mean_of_treatment_models,0.5411095445789356,0.2604167659122843,0.19847368950878014,0.5411095445789356,0.5795681313401069,0.5795681313401069,raw_digitized,rt_scaled_to_preserve_absorptance_and_unit_budget,0.6953242146584949,0.17012628368013671,0.13454950166136834,0.6953242146584949,0.6867909723792073,0.6867909723792073,raw_digitized,rt_scaled_minor_digitization_residual_le_1pct,0.5542170255648614,0.24218522196144915,0.20359775247368941,0.5542170255648614,0.5339057581773793,0.5339057581773793,raw_digitized,rt_scaled_to_preserve_absorptance_and_unit_budget,0.6562681956658227,0.17960116942195686,0.16413063491222038,0.6562681956658227,0.6380051489316407,0.6380051489316407,raw_digitized,rt_scaled_to_preserve_absorptance_and_unit_budget
540,0.6173402974757348,0.1971725329518015,0.18548716957246364,0.6173402974757348,0.5705901237725339,0.5705901237725339,mean_of_treatment_models,mean_of_treatment_models,0.5701595130114067,0.2442464466092635,0.1855940403793298,0.5701595130114067,0.5772826903361594,0.5772826903361594,raw_digitized,rt_scaled_minor_digitization_residual_le_1pct,0.6934331500507537,0.17169820862618457,0.13486864132306173,0.6934331500507537,0.6853401594000668,0.6853401594000668,raw_digitized,rt_scaled_minor_digitization_residual_le_1pct,0.5518402079887411,0.2435979158870211,0.2045618761242378,0.5518402079887411,0.5310357546409175,0.5310357546409175,raw_digitized,rt_scaled_to_preserve_absorptance_and_unit_budget,0.653928318852038,0.12914756068473687,0.2169241204632252,0.653928318852038,0.48870189071299186,0.48870189071299186,raw_digitized,rt_scaled_to_preserve_absorptance_and_unit_budget
541,0.6151187783324197,0.20207388481514785,0.18280733685243253,0.6151187783324197,0.5809154280648858,0.5809154280648858,mean_of_treatment_models,mean_of_treatment_models,0.5676013536086414,0.24605686537695923,0.18634178101439938,0.5676013536086414,0.575071572207488,0.575071572207488,raw_digitized,rt_scaled_minor_digitization_residual_le_1pct,0.691316406550149,0.17314236253263027,0.13554123091722073,0.691316406550149,0.6834216991439624,0.6834216991439624,raw_digitized,rt_scaled_minor_digitization_residual_le_1pct,0.5499689111326348,0.24473550095633878,0.20529558791102645,0.5499689111326348,0.5281657511044556,0.5281657511044556,raw_digitized,rt_scaled_to_preserve_absorptance_and_unit_budget,0.6515884420382533,0.14436081039466314,0.20405074756708358,0.6515884420382533,0.5370026898036374,0.5370026898036374,raw_digitized,rt_scaled_to_preserve_absorptance_and_unit_budget
542,0.6129317934197422,0.207790305046833,0.17927790153342488,0.6129317934197422,0.5912155917399959,0.5912155917399959,mean_of_treatment_models,mean_of_treatment_models,0.5650431942058761,0.24786779010313104,0.18708901569099284,0.5650431942058761,0.5728604540788164,0.5728604540788164,raw_digitized,rt_scaled_minor_digitization_residual_le_1pct,0.6891996630495445,0.17434053713302974,0.1364597998174258,0.6891996630495445,0.6813737932752039,0.6813737932752039,raw_digitized,rt_scaled_minor_digitization_residual_le_1pct,0.5480976142765284,0.24588758616621773,0.20601479955725388,0.5480976142765284,0.5253246307116808,0.5253246307116808,raw_digitized,rt_scaled_to_preserve_absorptance_and_unit_budget,0.6493867021470197,0.16306530678495346,0.18754799106802691,0.6493867021470197,0.585303488894283,0.585303488894283,raw_digitized,rt_scaled_to_preserve_absorptance_and_unit_budget
543,0.6107604792718924,0.21465691703489886,0.17458260369320874,0.6107604792718924,0.6018541718631464,0.6018541718631464,mean_of_treatment_models,mean_of_treatment_models,0.5624850348031107,0.24941234494463277,0.1881026202522565,0.5624850348031107,0.571258471347186,0.571258471347186,raw_digitized,rt_scaled_minor_digitization_residual_le_1pct,0.6870829195489399,0.17552033722694949,0.13739674322411072,0.6870829195489399,0.6793687915279439,0.6793687915279439,raw_digitized,rt_scaled_minor_digitization_residual_le_1pct,0.5462263174204219,0.24701445111993528,0.20675923145964278,0.5462263174204219,0.5231851365925271,0.5231851365925271,raw_digitized,rt_scaled_to_preserve_absorptance_and_unit_budget,0.647247645315097,0.18668053484807798,0.16607181983682504,0.647247645315097,0.6336042879849285,0.6336042879849285,raw_digitized,rt_scaled_to_preserve_absorptance_and_unit_budget
544,0.5835585794850225,0.2192128725162271,0.19722854799875034,0.5835585794850225,0.5720958708090823,0.5720958708090823,mean_of_treatment_models,mean_of_treatment_models,0.45971747825278114,0.3079539264769886,0.23232859527023028,0.45971747825278114,0.5696303119720356,0.5696303119720356,raw_digitized,rt_scaled_to_preserve_absorptance_and_unit_budget,0.6850532306398192,0.17665130135814283,0.13829546800203807,0.6850532306398192,0.677363789780684,0.677363789780684,raw_digitized,rt_scaled_minor_digitization_residual_le_1pct,0.5443550205643156,0.24806386730865024,0.20758111212703415,0.5443550205643156,0.5212241596199806,0.5212241596199806,raw_digitized,rt_scaled_to_preserve_absorptance_and_unit_budget,0.6451085884831744,0.1441823949211267,0.21070901659569888,0.6451085884831744,0.5201652218636291,0.5201652218636291,raw_digitized,rt_scaled_to_preserve_absorptance_and_unit_budget
545,0.5834660254707386,0.2157434375941047,0.20079053693515675,0.5834660254707386,0.5574344255614926,0.5574344255614926,mean_of_treatment_models,mean_of_treatment_models,0.46536279272768843,0.3046128137549304,0.23002439351738121,0.46536279272768843,0.5678866719967672,0.5678866719967672,raw_digitized,rt_scaled_to_preserve_absorptance_and_unit_budget,0.6830480537958047,0.17791020574779257,0.13904174045640272,0.6830480537958047,0.6756173397173271,0.6756173397173271,raw_digitized,rt_scaled_minor_digitization_residual_le_1pct,0.5424837237082092,0.24911328417780992,0.2084029921139809,0.5424837237082092,0.5192631826474342,0.5192631826474342,raw_digitized,rt_scaled_to_preserve_absorptance_and_unit_budget,0.6429695316512519,0.13133744669588587,0.2256930216528622,0.6429695316512519,0.46697050788444194,0.46697050788444194,raw_digitized,rt_scaled_to_preserve_absorptance_and_unit_budget
546,0.5861051682927241,0.21400871221832712,0.19988611948894877,0.5861051682927241,0.5549460119310166,0.5549460119310166,mean_of_treatment_models,mean_of_treatment_models,0.4819348945476742,0.2950521842762213,0.2230129211761044,0.4819348945476742,0.566143032021499,0.566143032021499,raw_digitized,rt_scaled_to_preserve_absorptance_and_unit_budget,0.6810428769517901,0.17911506237205735,0.13984206067615254,0.6810428769517901,0.6741669567196737,0.6741669567196737,raw_digitized,rt_scaled_minor_digitization_residual_le_1pct,0.5406124268521028,0.2501627017191213,0.20922487142877597,0.5406124268521028,0.5173022056748877,0.5173022056748877,raw_digitized,rt_scaled_to_preserve_absorptance_and_unit_budget,0.6408304748193293,0.13170490050590852,0.22746462467476214,0.6408304748193293,0.4621718533080059,0.4621718533080059,raw_digitized,rt_scaled_to_preserve_absorptance_and_unit_budget
547,0.5890581187369487,0.2187830565792302,0.19215882468382106,0.5890581187369487,0.5753755227073408,0.5753755227073408,mean_of_treatment_models,mean_of_treatment_models,0.49850699636765994,0.28547226579801377,0.21602073783432632,0.49850699636765994,0.5644554376640453,0.5644554376640453,raw_digitized,rt_scaled_to_preserve_absorptance_and_unit_budget,0.6790377001077756,0.180319778153554,0.14064252173867037,0.6790377001077756,0.6727175760074835,0.6727175760074835,raw_digitized,rt_scaled_minor_digitization_residual_le_1pct,0.5387411299959964,0.25108873071567267,0.2101701392883309,0.5387411299959964,0.5156257679927849,0.5156257679927849,raw_digitized,rt_scaled_to_preserve_absorptance_and_unit_budget,0.6399466484763628,0.15825145164968044,0.20180189987395675,0.6399466484763628,0.5487033091650496,0.5487033091650496,raw_digitized,rt_scaled_to_preserve_absorptance_and_unit_budget
548,0.5923302265749497,0.2184958982401718,0.18917387518487855,0.5923302265749497,0.5781064965346656,0.5781064965346656,mean_of_treatment_models,mean_of_treatment_models,0.5150790981876456,0.27646775057869527,0.20845315123365904,0.5150790981876456,0.5637367293881177,0.5637367293881177,raw_digitized,rt_scaled_to_preserve_absorptance_and_unit_budget,0.6781984193932241,0.18086948368643144,0.14093209692034445,0.6781984193932241,0.6712681952952932,0.6712681952952932,raw_digitized,rt_scaled_minor_digitization_residual_le_1pct,0.53686983313989,0.25229113094033817,0.21083903591977177,0.53686983313989,0.5148824455731676,0.5148824455731676,raw_digitized,rt_scaled_to_preserve_absorptance_and_unit_budget,0.6391735555790388,0.16435522775522238,0.19647121666573888,0.6391735555790388,0.5625386158820841,0.5625386158820841,raw_digitized,rt_scaled_to_preserve_absorptance_and_unit_budget
549,0.5956360783994463,0.20951570939729713,0.19484821220325654,0.5956360783994463,0.5533033299988983,0.5533033299988983,mean_of_treatment_models,mean_of_treatment_models,0.5316512000076314,0.2675218304983115,0.200826969494057,0.5316512000076314,0.563163862993233,0.563163862993233,raw_digitized,rt_scaled_to_preserve_absorptance_and_unit_budget,0.6774012401412539,0.18178575110607717,0.14081300875266892,0.6774012401412539,0.6706006969271778,0.6706006969271778,raw_digitized,rt_scaled_minor_digitization_residual_le_1pct,0.5350914107671851,0.2535201168938037,0.21138847233901117,0.5350914107671851,0.5142853406274499,0.5142853406274499,raw_digitized,rt_scaled_to_preserve_absorptance_and_unit_budget,0.6384004626817147,0.13523513909099613,0.22636439822728915,0.6384004626817147,0.46516341944773243,0.46516341944773243,raw_digitized,rt_scaled_to_preserve_absorptance_and_unit_budget
550,0.5993654010376767,0.21235065043444867,0.18828394852787467,0.5993654010376767,0.5687760969032437,0.5687760969032437,mean_of_treatment_models,mean_of_treatment_models,0.5482233018276171,0.2585390925373248,0.193237605635058,0.5482233018276171,0.5625909965983483,0.5625909965983483,raw_digitized,rt_scaled_to_preserve_absorptance_and_unit_budget,0.6766040608892838,0.1826450798690514,0.14075085924166478,0.6766040608892838,0.6701515991289961,0.6701515991289961,raw_digitized,rt_scaled_minor_digitization_residual_le_1pct,0.5348332044970935,0.2539206116625892,0.21124618384031732,0.5348332044970935,0.5136882356817322,0.5136882356817322,raw_digitized,rt_scaled_to_preserve_absorptance_and_unit_budget,0.6378010369367121,0.15429781766882936,0.20790114539445853,0.6378010369367121,0.5286735562038984,0.5286735562038984,raw_digitized,rt_scaled_to_preserve_absorptance_and_unit_budget
551,0.5870978971596492,0.22990561444390187,0.18299648839644878,0.5870978971596492,0.5928066187226321,0.5928066187226321,mean_of_treatment_models,mean_of_treatment_models,0.5003208144439589,0.28640132222693376,0.21327786332910728,0.5003208144439589,0.5621540598090684,0.5621540598090684,raw_digitized,rt_scaled_to_preserve_absorptance_and_unit_budget,0.6758068816373136,0.18350531252305488,0.14068780583963147,0.6758068816373136,0.6697025013308142,0.6697025013308142,raw_digitized,rt_scaled_minor_digitization_residual_le_1pct,0.5345749982270017,0.2543356026270208,0.21108939914597738,0.5345749982270017,0.5131195508568648,0.5131195508568648,raw_digitized,rt_scaled_to_preserve_absorptance_and_unit_budget,0.6376888943303229,0.19538022039859806,0.16693088527107902,0.6376888943303229,0.6262503628937808,0.6262503628937808,raw_digitized,rt_scaled_to_preserve_absorptance_and_unit_budget
552,0.5750263579741584,0.22980388327594048,0.1951697587499012,0.5750263579741584,0.5764356281868304,0.5764356281868304,mean_of_treatment_models,mean_of_treatment_models,0.45293064926127374,0.3135948096178215,0.2334745411209048,0.45293064926127374,0.5617630151292452,0.5617630151292452,raw_digitized,rt_scaled_to_preserve_absorptance_and_unit_budget,0.6752812389545159,0.18417966501132418,0.14053909603415998,0.6752812389545159,0.6691946129596011,0.6691946129596011,raw_digitized,rt_scaled_minor_digitization_residual_le_1pct,0.53431679195691,0.25451006757767686,0.21117314046541316,0.53431679195691,0.5134160504738187,0.5134160504738187,raw_digitized,rt_scaled_to_preserve_absorptance_and_unit_budget,0.6375767517239337,0.16693099089693947,0.19549225737912682,0.6375767517239337,0.5613688341846566,0.5613688341846566,raw_digitized,rt_scaled_to_preserve_absorptance_and_unit_budget
553,0.5819308026539918,0.22048781646191257,0.19758138088409574,0.5819308026539918,0.56024085832228,0.56024085832228,mean_of_treatment_models,mean_of_treatment_models,0.4809514552125899,0.2975617478272142,0.22148679696019585,0.4809514552125899,0.5613719704494222,0.5613719704494222,raw_digitized,rt_scaled_to_preserve_absorptance_and_unit_budget,0.6752485605990141,0.1842189859500312,0.14053245345095472,0.6752485605990141,0.6686322846175661,0.6686322846175661,raw_digitized,rt_scaled_minor_digitization_residual_le_1pct,0.5340585856868183,0.25460647884148563,0.2113349354716961,0.5340585856868183,0.5138923325676207,0.5138923325676207,raw_digitized,rt_scaled_to_preserve_absorptance_and_unit_budget,0.6374646091175445,0.14556405322891922,0.21697133765353624,0.6374646091175445,0.4970668456545112,0.4970668456545112,raw_digitized,rt_scaled_to_preserve_absorptance_and_unit_budget
554,0.588835247333825,0.2202021023655164,0.1909626503006586,0.588835247333825,0.5720232873091486,0.5720232873091486,mean_of_treatment_models,mean_of_treatment_models,0.5089722611639061,0.28152548246659487,0.209502256369499,0.5089722611639061,0.5609809257695991,0.5609809257695991,raw_digitized,rt_scaled_to_preserve_absorptance_and_unit_budget,0.6752158822435123,0.18402078886126128,0.1407633288952265,0.6752158822435123,0.6686298846253582,0.6686298846253582,raw_digitized,rt_scaled_minor_digitization_residual_le_1pct,0.5338003794167265,0.2547027528164334,0.21149686776684007,0.5338003794167265,0.5143686146614228,0.5143686146614228,raw_digitized,rt_scaled_to_preserve_absorptance_and_unit_budget,0.6373524665111553,0.160559385317776,0.20208814817106874,0.6373524665111553,0.5441137241802143,0.5441137241802143,raw_digitized,rt_scaled_to_preserve_absorptance_and_unit_budget
555,0.5958707500600503,0.2192282958776355,0.18490095406231422,0.5958707500600503,0.5802859083794707,0.5802859083794707,mean_of_treatment_models,mean_of_treatment_models,0.5369930671152223,0.2655144118888685,0.19749252099590922,0.5369930671152223,0.5606368644731676,0.5606368644731676,raw_digitized,rt_scaled_to_preserve_absorptance_and_unit_budget,0.6751832038880106,0.18382255129853362,0.14099424481345585,0.6751832038880106,0.6686274846331504,0.6686274846331504,raw_digitized,rt_scaled_minor_digitization_residual_le_1pct,0.5335421731466349,0.25479888909818627,0.2116589377551789,0.5335421731466349,0.5148448967552248,0.5148448967552248,raw_digitized,rt_scaled_to_preserve_absorptance_and_unit_budget,0.6377645560903334,0.17277733122495367,0.18945811268471288,0.6377645560903334,0.5770343876563403,0.5770343876563403,raw_digitized,rt_scaled_to_preserve_absorptance_and_unit_budget
556,0.5952935093724121,0.21318753782380778,0.19151895280378015,0.5952935093724121,0.562408576581928,0.562408576581928,mean_of_treatment_models,mean_of_treatment_models,0.5315671949626538,0.2686655922180614,0.19976721281928472,0.5315671949626538,0.5620004662772036,0.5620004662772036,raw_digitized,rt_scaled_to_preserve_absorptance_and_unit_budget,0.6758443703922387,0.18342273098883943,0.1407328986189219,0.6758443703922387,0.6689695348500599,0.6689695348500599,raw_digitized,rt_scaled_minor_digitization_residual_le_1pct,0.5345445265341441,0.2542064382260828,0.21124903523977304,0.5345445265341441,0.5153211788490268,0.5153211788490268,raw_digitized,rt_scaled_to_preserve_absorptance_and_unit_budget,0.6392179456006115,0.14645538986224751,0.21432666453714094,0.6392179456006115,0.5033431263514219,0.5033431263514219,raw_digitized,rt_scaled_to_preserve_absorptance_and_unit_budget
557,0.5881445698209333,0.21329195636719994,0.1985634738118667,0.5881445698209333,0.5485406923670356,0.5485406923670356,mean_of_treatment_models,mean_of_treatment_models,0.49765395433387366,0.2879203893629904,0.21442565630313595,0.49765395433387366,0.5638500635382687,0.5638500635382687,raw_digitized,rt_scaled_to_preserve_absorptance_and_unit_budget,0.6776324598722869,0.18262474290066527,0.1397427972270478,0.6776324598722869,0.6705154409517173,0.6705154409517173,raw_digitized,rt_scaled_minor_digitization_residual_le_1pct,0.5366205299666831,0.25302782727736456,0.2103516427559524,0.5366205299666831,0.5157974609428289,0.5157974609428289,raw_digitized,rt_scaled_to_preserve_absorptance_and_unit_budget,0.6406713351108897,0.12959486592777958,0.2297337989613307,0.6406713351108897,0.44399980403532746,0.44399980403532746,raw_digitized,rt_scaled_to_preserve_absorptance_and_unit_budget
558,0.5809956302694546,0.22266043737570276,0.19634393235484257,0.5809956302694546,0.5695043972432728,0.5695043972432728,mean_of_treatment_models,mean_of_treatment_models,0.46374071370509357,0.30714696226177823,0.2291123240331282,0.46374071370509357,0.5656996607993338,0.5656996607993338,raw_digitized,rt_scaled_to_preserve_absorptance_and_unit_budget,0.6794205493523353,0.18168099089667794,0.13889845975098675,0.6794205493523353,0.6724046279333488,0.6724046279333488,raw_digitized,rt_scaled_minor_digitization_residual_le_1pct,0.538696533399222,0.25217922023929595,0.20912424636148205,0.538696533399222,0.5169061497257625,0.5169061497257625,raw_digitized,rt_scaled_to_preserve_absorptance_and_unit_budget,0.6421247246211678,0.14963457610505895,0.20824069927377328,0.6421247246211678,0.5230071505146461,0.5230071505146461,raw_digitized,rt_scaled_to_preserve_absorptance_and_unit_budget
559,0.5950388632657413,0.21779097036214387,0.18717016637211478,0.5950388632657413,0.5804823992263736,0.5804823992263736,mean_of_treatment_models,mean_of_treatment_models,0.513737465776694,0.2785726404652288,0.2076898937580772,0.513737465776694,0.567944435881714,0.567944435881714,raw_digitized,rt_scaled_to_preserve_absorptance_and_unit_budget,0.6812086388323837,0.18073726523072348,0.1380540959368928,0.6812086388323837,0.6742938149149802,0.6742938149149802,raw_digitized,rt_scaled_minor_digitization_residual_le_1pct,0.540772536831761,0.2514233549791487,0.20780410818909034,0.540772536831761,0.5193038451067705,0.5193038451067705,raw_digitized,rt_scaled_to_preserve_absorptance_and_unit_budget,0.6444368116221267,0.16043062077347453,0.19513256760439873,0.6444368116221267,0.5603875010020295,0.5603875010020295,raw_digitized,rt_scaled_to_preserve_absorptance_and_unit_budget
560,0.6074233755631311,0.2044431644747241,0.18813345996214484,0.6074233755631311,0.5617740542983424,0.5617740542983424,mean_of_treatment_models,mean_of_treatment_models,0.5554639339245822,0.2549061156102518,0.18962995046516606,0.5554639339245822,0.5711590922593439,0.5711590922593439,raw_digitized,rt_scaled_to_preserve_absorptance_and_unit_budget,0.6838385778741176,0.17949823169503368,0.13666319043084868,0.6838385778741176,0.6765115738808465,0.6765115738808465,raw_digitized,rt_scaled_minor_digitization_residual_le_1pct,0.5428485402642999,0.25040009368129024,0.2067513660544099,0.5428485402642999,0.5223209579052767,0.5223209579052767,raw_digitized,rt_scaled_to_preserve_absorptance_and_unit_budget,0.6475424501895246,0.13296821691232072,0.21948933289815467,0.6475424501895246,0.47710459314790254,0.47710459314790254,raw_digitized,rt_scaled_to_preserve_absorptance_and_unit_budget
561,0.5983654278248083,0.21179736493182874,0.18983720724336292,0.5983654278248083,0.5725740418712646,0.5725740418712646,mean_of_treatment_models,mean_of_treatment_models,0.5096502499261952,0.2812848250902156,0.2090649249835892,0.5096502499261952,0.5746959037711894,0.5746959037711894,raw_digitized,rt_scaled_to_preserve_absorptance_and_unit_budget,0.687114222775367,0.17776400261665565,0.13512177460797734,0.687114222775367,0.6798187994985648,0.6798187994985648,raw_digitized,rt_scaled_minor_digitization_residual_le_1pct,0.5460491498407487,0.24876096327780992,0.20518988688144135,0.5460491498407487,0.5253380707037828,0.5253380707037828,raw_digitized,rt_scaled_to_preserve_absorptance_and_unit_budget,0.6506480887569225,0.13937966874263374,0.20997224250044377,0.6506480887569225,0.5104433935115216,0.5104433935115216,raw_digitized,rt_scaled_to_preserve_absorptance_and_unit_budget
562,0.5892818823480497,0.2256408442445994,0.18507727340735097,0.5892818823480497,0.6001533625289782,0.6001533625289782,mean_of_treatment_models,mean_of_treatment_models,0.4627568214079188,0.30830536570393713,0.22893781288814413,0.4627568214079188,0.5782327152830349,0.5782327152830349,raw_digitized,rt_scaled_to_preserve_absorptance_and_unit_budget,0.6903898676766165,0.17592308218540298,0.13368705013798055,0.6903898676766165,0.6833788279855174,0.6833788279855174,raw_digitized,rt_scaled_minor_digitization_residual_le_1pct,0.5499623184939415,0.24696495383230815,0.20307272767375034,0.5499623184939415,0.5288019486391824,0.5288019486391824,raw_digitized,rt_scaled_to_preserve_absorptance_and_unit_budget,0.6540185218137219,0.17136997525674924,0.17461150292952884,0.6540185218137219,0.6101999582081782,0.6101999582081782,raw_digitized,rt_scaled_to_preserve_absorptance_and_unit_budget
563,0.6197768653528242,0.21295039467246757,0.16727273997470832,0.6197768653528242,0.6133290526025015,0.6133290526025015,mean_of_treatment_models,mean_of_treatment_models,0.5727347135891638,0.24529032316301197,0.18197496324782422,0.5727347135891638,0.5817695267948804,0.5817695267948804,raw_digitized,rt_scaled_minor_digitization_residual_le_1pct,0.6939138792616527,0.17394104822478879,0.1321450725135585,0.6939138792616527,0.6869388564724701,0.6869388564724701,raw_digitized,rt_scaled_minor_digitization_residual_le_1pct,0.5538754871471342,0.24528586734812996,0.20083864550473582,0.5538754871471342,0.5324905851466408,0.5324905851466408,raw_digitized,rt_scaled_to_preserve_absorptance_and_unit_budget,0.6585833814133458,0.1872843399539395,0.15413227863271464,0.6585833814133458,0.6521172419960144,0.6521172419960144,raw_digitized,rt_scaled_minor_digitization_residual_le_1pct
564,0.6245412780386231,0.21042967916528862,0.16502904279608827,0.6245412780386231,0.6177897278091539,0.6177897278091539,mean_of_treatment_models,mean_of_treatment_models,0.5782912768029219,0.24232277776075767,0.1793859454363204,0.5782912768029219,0.586198814651421,0.586198814651421,raw_digitized,rt_scaled_minor_digitization_residual_le_1pct,0.6982803981384498,0.171689306316359,0.13003029554519122,0.6982803981384498,0.690875881266015,0.690875881266015,raw_digitized,rt_scaled_minor_digitization_residual_le_1pct,0.5584451962001511,0.24269776842208224,0.19885703537776667,0.5584451962001511,0.5374539067574973,0.5374539067574973,raw_digitized,rt_scaled_to_preserve_absorptance_and_unit_budget,0.6631482410129697,0.18500886416195553,0.15184289482507482,0.6631482410129697,0.6566303085616823,0.6566303085616823,raw_digitized,rt_scaled_minor_digitization_residual_le_1pct
565,0.6297884452777566,0.20760204324971288,0.16260951147253055,0.6297884452777566,0.622624212496178,0.622624212496178,mean_of_treatment_models,mean_of_treatment_models,0.5838478400166799,0.23950382075134555,0.17664833923197457,0.5838478400166799,0.5909687472910354,0.5909687472910354,raw_digitized,rt_scaled_minor_digitization_residual_le_1pct,0.702646917015247,0.16927442959226222,0.12807865339249086,0.702646917015247,0.6956190546256042,0.6956190546256042,raw_digitized,rt_scaled_minor_digitization_residual_le_1pct,0.5647554541606511,0.23908493431272354,0.19615961152662542,0.5647554541606511,0.5425765518336508,0.5425765518336508,raw_digitized,rt_scaled_to_preserve_absorptance_and_unit_budget,0.6679035699184485,0.18254498834252014,0.14955144173903137,0.6679035699184485,0.6613324962344219,0.6613324962344219,raw_digitized,rt_scaled_minor_digitization_residual_le_1pct
566,0.6351331179393718,0.20470922215682624,0.16015765990380204,0.6351331179393718,0.6274863971444149,0.6274863971444149,mean_of_treatment_models,mean_of_treatment_models,0.589157373294564,0.23681496826042048,0.17402765844501553,0.589157373294564,0.5957642648955442,0.5957642648955442,raw_digitized,rt_scaled_minor_digitization_residual_le_1pct,0.7072459346552193,0.16670925259472272,0.12604481275005794,0.7072459346552193,0.7004050577232427,0.7004050577232427,raw_digitized,rt_scaled_minor_digitization_residual_le_1pct,0.5710657121211511,0.2354781391581306,0.19345614872071834,0.5710657121211511,0.5476873314188389,0.5476873314188389,raw_digitized,rt_scaled_to_preserve_absorptance_and_unit_budget,0.6730634516865526,0.1798345286140311,0.14710201969941636,0.6730634516865526,0.666088934540034,0.666088934540034,raw_digitized,rt_scaled_minor_digitization_residual_le_1pct
567,0.6403127380129117,0.2019418281830452,0.15774543380404316,0.6403127380129117,0.6326175806561778,0.6326175806561778,mean_of_treatment_models,mean_of_treatment_models,0.5940395780507106,0.23401543177396342,0.17194499017532597,0.5940395780507106,0.6013882008524083,0.6013882008524083,raw_digitized,rt_scaled_minor_digitization_residual_le_1pct,0.712247143845062,0.16391500049508984,0.1238378556598481,0.712247143845062,0.7051910608208811,0.7051910608208811,raw_digitized,rt_scaled_minor_digitization_residual_le_1pct,0.5767408967012171,0.23271320409136462,0.1905458992074183,0.5767408967012171,0.5530456881057759,0.5530456881057759,raw_digitized,rt_scaled_to_preserve_absorptance_and_unit_budget,0.6782233334546568,0.1771236763717629,0.1446529901735803,0.6782233334546568,0.670845372845646,0.670845372845646,raw_digitized,rt_scaled_minor_digitization_residual_le_1pct
568,0.6454817185863397,0.199200500632648,0.15531778078101216,0.6454817185863397,0.6378065928044456,0.6378065928044456,mean_of_treatment_models,mean_of_treatment_models,0.5989217828068572,0.2312103885599178,0.16986782863322503,0.5989217828068572,0.60700267199016,0.60700267199016,raw_digitized,rt_scaled_minor_digitization_residual_le_1pct,0.7172483530349048,0.1611567469214356,0.12159490004365964,0.7172483530349048,0.710114776482162,0.710114776482162,raw_digitized,rt_scaled_minor_digitization_residual_le_1pct,0.5823371280595402,0.23010649340853234,0.18755637853192747,0.5823371280595402,0.5586261907061395,0.5586261907061395,raw_digitized,rt_scaled_to_preserve_absorptance_and_unit_budget,0.6834196104440571,0.1743283736407063,0.14225201591523656,0.6834196104440571,0.6754827320393209,0.6754827320393209,raw_digitized,rt_scaled_minor_digitization_residual_le_1pct
569,0.6174792876012054,0.21546268794303525,0.1670580244557594,0.6174792876012054,0.6430066005096389,0.6430066005096389,mean_of_treatment_models,mean_of_treatment_models,0.4703075583075577,0.30508491965462514,0.22460752203781706,0.4703075583075577,0.6122608341709864,0.6122608341709864,raw_digitized,rt_scaled_to_preserve_absorptance_and_unit_budget,0.7227169417337654,0.15801780077678973,0.11926525748944486,0.7227169417337654,0.7153465554729018,0.7153465554729018,raw_digitized,rt_scaled_minor_digitization_residual_le_1pct,0.5882338218622063,0.2273331800855808,0.18443299805221297,0.5882338218622063,0.5642066933065031,0.5642066933065031,raw_digitized,rt_scaled_to_preserve_absorptance_and_unit_budget,0.6886588285012919,0.17141485125514533,0.1399263202435628,0.6886588285012919,0.6802123190881644,0.6802123190881644,raw_digitized,rt_scaled_minor_digitization_residual_le_1pct
570,0.6207715759336169,0.213601143555316,0.16562728051106715,0.6207715759336169,0.6483916011355839,0.6483916011355839,mean_of_treatment_models,mean_of_treatment_models,0.4665513336137233,0.30695669816644827,0.22649196821982848,0.4665513336137233,0.6175432844391648,0.6175432844391648,raw_digitized,rt_scaled_to_preserve_absorptance_and_unit_budget,0.7281941686583927,0.15487399299116006,0.11693183835044722,0.7281941686583927,0.7205783344636416,0.7205783344636416,raw_digitized,rt_scaled_minor_digitization_residual_le_1pct,0.5944250753890102,0.22439543427837844,0.1811794903326113,0.5944250753890102,0.5697871959068666,0.5697871959068666,raw_digitized,rt_scaled_to_preserve_absorptance_and_unit_budget,0.6939157260733411,0.16817844878527732,0.1379058251413816,0.6939157260733411,0.6856575897326629,0.6856575897326629,raw_digitized,rt_scaled_minor_digitization_residual_le_1pct
571,0.6627388131073033,0.18939733498807043,0.1478638519046263,0.6627388131073033,0.6542717658914908,0.6542717658914908,mean_of_treatment_models,mean_of_treatment_models,0.6176748212357542,0.21974486564362752,0.16258031312061821,0.6176748212357542,0.622912838357024,0.622912838357024,raw_digitized,rt_scaled_minor_digitization_residual_le_1pct,0.7331026611612809,0.1520604185182246,0.11483692032049454,0.7331026611612809,0.7258212099649028,0.7258212099649028,raw_digitized,rt_scaled_minor_digitization_residual_le_1pct,0.6007848170342095,0.22096291790373798,0.17825226506205255,0.6007848170342095,0.5772501548668753,0.5772501548668753,raw_digitized,rt_scaled_to_preserve_absorptance_and_unit_budget,0.6993929529979684,0.16482113788669156,0.13578590911533997,0.6993929529979684,0.6911028603771614,0.6911028603771614,raw_digitized,rt_scaled_minor_digitization_residual_le_1pct
572,0.6687526225231494,0.18587040482706577,0.14537697264978486,0.6687526225231494,0.6603593246544219,0.6603593246544219,mean_of_treatment_models,mean_of_treatment_models,0.6241380848967203,0.21579802178311483,0.16006389332016488,0.6241380848967203,0.6283225748640089,0.6283225748640089,raw_digitized,rt_scaled_minor_digitization_residual_le_1pct,0.7376278526163392,0.14956859655452634,0.11280355082913443,0.7376278526163392,0.7313110297791039,0.7313110297791039,raw_digitized,rt_scaled_minor_digitization_residual_le_1pct,0.6083743726569422,0.2166507544296928,0.17497487291336503,0.6083743726569422,0.5852555629529148,0.5852555629529148,raw_digitized,rt_scaled_to_preserve_absorptance_and_unit_budget,0.7048701799225958,0.16146424654092903,0.13366557353647512,0.7048701799225958,0.6965481310216599,0.6965481310216599,raw_digitized,rt_scaled_minor_digitization_residual_le_1pct
573,0.6749945321744191,0.18232564838115356,0.14267981944442742,0.6749945321744191,0.6667503237418689,0.6667503237418689,mean_of_treatment_models,mean_of_treatment_models,0.6306013485576865,0.21226656086752946,0.1571320905747841,0.6306013485576865,0.6344469121704692,0.6344469121704692,raw_digitized,rt_scaled_minor_digitization_residual_le_1pct,0.7425584637222827,0.1468138740142016,0.11062766226351566,0.7425584637222827,0.7368774777839768,0.7368774777839768,raw_digitized,rt_scaled_minor_digitization_residual_le_1pct,0.6158689080489986,0.21239114652154775,0.17173994542945362,0.6158689080489986,0.5932609710389545,0.5932609710389545,raw_digitized,rt_scaled_to_preserve_absorptance_and_unit_budget,0.7109494083687082,0.15783101212133543,0.13121957950995633,0.7109494083687082,0.7024159339740753,0.7024159339740753,raw_digitized,rt_scaled_minor_digitization_residual_le_1pct
574,0.6815909674635688,0.17877338028755071,0.13963565224888047,0.6815909674635688,0.6729822168096005,0.6729822168096005,mean_of_treatment_models,mean_of_treatment_models,0.6370646122186525,0.20873482883287725,0.1542005589484702,0.6370646122186525,0.6405712494769294,0.6405712494769294,raw_digitized,rt_scaled_minor_digitization_residual_le_1pct,0.7489877261164786,0.1432043889777368,0.10780788490578463,0.7489877261164786,0.7424439257888497,0.7424439257888497,raw_digitized,rt_scaled_minor_digitization_residual_le_1pct,0.6230121970453709,0.20878480421659595,0.16820299873803313,0.6230121970453709,0.5999643687665557,0.5999643687665557,raw_digitized,rt_scaled_to_preserve_absorptance_and_unit_budget,0.7172993344737733,0.15436949912299286,0.12833116640323386,0.7172993344737733,0.7089493232060671,0.7089493232060671,raw_digitized,rt_scaled_minor_digitization_residual_le_1pct
575,0.6877059611204294,0.17543934879806178,0.1368546900815088,0.6877059611204294,0.6789132331218954,0.6789132331218954,mean_of_treatment_models,mean_of_treatment_models,0.6422561941069858,0.20593485388441424,0.15180895200859998,0.6422561941069858,0.6466955867833897,0.6466955867833897,raw_digitized,rt_scaled_minor_digitization_residual_le_1pct,0.7554169885106744,0.1395503759165129,0.10503263557281267,0.7554169885106744,0.7479308101451246,0.7479308101451246,raw_digitized,rt_scaled_minor_digitization_residual_le_1pct,0.6295014012852191,0.20536417943214888,0.16513441928263198,0.6295014012852191,0.6055438231210089,0.6055438231210089,raw_digitized,rt_scaled_to_preserve_absorptance_and_unit_budget,0.7236492605788383,0.15090798595917113,0.12544275346199057,0.7236492605788383,0.7154827124380588,0.7154827124380588,raw_digitized,rt_scaled_minor_digitization_residual_le_1pct
576,0.6927131641950395,0.17283331115777975,0.13445352464718063,0.6927131641950395,0.6843418749845563,0.6843418749845563,mean_of_treatment_models,mean_of_treatment_models,0.6470937722004966,0.20322900884455836,0.14967721895494504,0.6470937722004966,0.6526304542748874,0.6526304542748874,raw_digitized,rt_scaled_minor_digitization_residual_le_1pct,0.7601138822273358,0.13692908960430344,0.10295702816836078,0.7601138822273358,0.7527166644758642,0.7527166644758642,raw_digitized,rt_scaled_minor_digitization_residual_le_1pct,0.6345026104750622,0.20276786874875805,0.16272952077617975,0.6345026104750622,0.6111232774754621,0.6111232774754621,raw_digitized,rt_scaled_to_preserve_absorptance_and_unit_budget,0.7291423918772638,0.14840727743349919,0.12245033068923696,0.7291423918772638,0.7208971037120115,0.7208971037120115,raw_digitized,rt_scaled_minor_digitization_residual_le_1pct
577,0.6975863373647005,0.17021197920433126,0.1322016834309682,0.6975863373647005,0.6894032124840275,0.6894032124840275,mean_of_treatment_models,mean_of_treatment_models,0.6519313502940073,0.20017657543731499,0.14789207426867773,0.6519313502940073,0.6579732324056122,0.6579732324056122,raw_digitized,rt_scaled_minor_digitization_residual_le_1pct,0.7644520667151576,0.1346978626390333,0.10085007064580906,0.7644520667151576,0.7570571006253723,0.7570571006253723,raw_digitized,rt_scaled_minor_digitization_residual_le_1pct,0.6395038196649051,0.20017289407609812,0.16032328625899675,0.6395038196649051,0.6167001043336755,0.6167001043336755,raw_digitized,rt_scaled_to_preserve_absorptance_and_unit_budget,0.734458112784732,0.14580058466487864,0.11974130255038928,0.734458112784732,0.7258824125714496,0.7258824125714496,raw_digitized,rt_scaled_minor_digitization_residual_le_1pct
578,0.7026558582114902,0.16747308649912784,0.12987105528938195,0.7026558582114902,0.6942299138784285,0.6942299138784285,mean_of_treatment_models,mean_of_treatment_models,0.656768928387518,0.1973182705244817,0.1459128010880003,0.656768928387518,0.6628659190573016,0.6628659190573016,raw_digitized,rt_scaled_minor_digitization_residual_le_1pct,0.7687902512029794,0.13246636054963465,0.09874338824738596,0.7687902512029794,0.7613975367748804,0.7613975367748804,raw_digitized,rt_scaled_minor_digitization_residual_le_1pct,0.645290419563263,0.197156064923211,0.15755351551352598,0.645290419563263,0.6222423936970893,0.6222423936970893,raw_digitized,rt_scaled_to_preserve_absorptance_and_unit_budget,0.7397738336922004,0.14295164999918406,0.11727451630861553,0.7397738336922004,0.7304138059844423,0.7304138059844423,raw_digitized,rt_scaled_minor_digitization_residual_le_1pct
579,0.7074764514747002,0.16482984692949632,0.12769370159580354,0.7074764514747002,0.6988376146428872,0.6988376146428872,mean_of_treatment_models,mean_of_treatment_models,0.661462645158388,0.19467566502337558,0.14386168981823635,0.661462645158388,0.667451233376205,0.667451233376205,raw_digitized,rt_scaled_minor_digitization_residual_le_1pct,0.7729174861261643,0.13022417448112442,0.09685833939271128,0.7729174861261643,0.765501437059908,0.765501437059908,raw_digitized,rt_scaled_minor_digitization_residual_le_1pct,0.651144493861261,0.19392801459386064,0.1549274915448783,0.651144493861261,0.6274525887380002,0.6274525887380002,raw_digitized,rt_scaled_to_preserve_absorptance_and_unit_budget,0.7443811807529871,0.14049153361962466,0.11512728562738825,0.7443811807529871,0.734945199397435,0.734945199397435,raw_digitized,rt_scaled_minor_digitization_residual_le_1pct
580,0.7120260250448802,0.16223529057947908,0.1257386843756407,0.7120260250448802,0.7032719231888844,0.7032719231888844,mean_of_treatment_models,mean_of_treatment_models,0.6661514677097786,0.19197990050716016,0.14186863178306128,0.6661514677097786,0.6719409403775605,0.6719409403775605,raw_digitized,rt_scaled_minor_digitization_residual_le_1pct,0.7768253420814243,0.12786612023290625,0.09530853768566946,0.7768253420814243,0.7694375797857188,0.7694375797857188,raw_digitized,rt_scaled_minor_digitization_residual_le_1pct,0.6568754425656009,0.19060691828965182,0.15251763914474725,0.6568754425656009,0.6323518219883886,0.6323518219883886,raw_digitized,rt_scaled_to_preserve_absorptance_and_unit_budget,0.7482518478227171,0.13848822328819807,0.1132599288890848,0.7482518478227171,0.7393573506038698,0.7393573506038698,raw_digitized,rt_scaled_minor_digitization_residual_le_1pct
581,0.7160892774146763,0.15989674045141358,0.12401398213390999,0.7160892774146763,0.7076652306487188,0.7076652306487188,mean_of_treatment_models,mean_of_treatment_models,0.6708402902611692,0.18920959795644193,0.13995011178238886,0.6708402902611692,0.6763031797625436,0.6763031797625436,raw_digitized,rt_scaled_minor_digitization_residual_le_1pct,0.7807331980366842,0.12547942795762054,0.09378737400569527,0.7807331980366842,0.7734431752208017,0.7734431752208017,raw_digitized,rt_scaled_minor_digitization_residual_le_1pct,0.6606611064684051,0.18836657282565525,0.1509723207059396,0.6606611064684051,0.6372510552387769,0.6372510552387769,raw_digitized,rt_scaled_to_preserve_absorptance_and_unit_budget,0.7521225148924471,0.13653136306593666,0.11134612204161627,0.7521225148924471,0.7436635123727526,0.7436635123727526,raw_digitized,rt_scaled_minor_digitization_residual_le_1pct
582,0.720081954179982,0.15756700257471556,0.12235104324530234,0.720081954179982,0.7119998636010185,0.7119998636010185,mean_of_treatment_models,mean_of_treatment_models,0.6753178517421886,0.1865608002798426,0.13812134797796877,0.6753178517421886,0.6806654191475267,0.6806654191475267,raw_digitized,rt_scaled_minor_digitization_residual_le_1pct,0.7846410539919441,0.12309277840914926,0.09226616759890668,0.7846410539919441,0.7774487706558847,0.7774487706558847,raw_digitized,rt_scaled_minor_digitization_residual_le_1pct,0.6644467703712095,0.18612557280206277,0.14942765682672776,0.6644467703712095,0.6421502884891652,0.6421502884891652,raw_digitized,rt_scaled_to_preserve_absorptance_and_unit_budget,0.7559221406145862,0.1344888588078077,0.10958900057760614,0.7559221406145862,0.7477349761114971,0.7477349761114971,raw_digitized,rt_scaled_minor_digitization_residual_le_1pct
583,0.7235112968817202,0.15551157143263714,0.12097713168564264,0.7235112968817202,0.7159719592432856,0.7159719592432856,mean_of_treatment_models,mean_of_treatment_models,0.6786163821114566,0.1847251009176946,0.1366585169708488,0.6786163821114566,0.6847144511873297,0.6847144511873297,raw_digitized,rt_scaled_minor_digitization_residual_le_1pct,0.7878710808751864,0.12090556803541488,0.09122335108939869,0.7878710808751864,0.7811153694414575,0.7811153694414575,raw_digitized,rt_scaled_minor_digitization_residual_le_1pct,0.6682324342740137,0.18395046396634784,0.1478171017596385,0.6682324342740137,0.6466259438142152,0.6466259438142152,raw_digitized,rt_scaled_to_preserve_absorptance_and_unit_budget,0.7593252902662242,0.13246515281109125,0.10820955692268458,0.7593252902662242,0.7514320725301398,0.7514320725301398,raw_digitized,rt_scaled_minor_digitization_residual_le_1pct
584,0.7268529408059674,0.1535936753764085,0.11955338381762415,0.7268529408059674,0.7192665506977094,0.7192665506977094,mean_of_treatment_models,mean_of_treatment_models,0.6819149124807247,0.18263679580760292,0.13544829171167241,0.6819149124807247,0.6882202081247686,0.6882202081247686,raw_digitized,rt_scaled_minor_digitization_residual_le_1pct,0.7907748369211357,0.11923095456947327,0.08999420850939102,0.7907748369211357,0.783490192632338,0.783490192632338,raw_digitized,rt_scaled_minor_digitization_residual_le_1pct,0.6719935739041468,0.18197185475861646,0.1460345713372367,0.6719935739041468,0.6504419879258947,0.6504419879258947,raw_digitized,rt_scaled_to_preserve_absorptance_and_unit_budget,0.7627284399178622,0.1305350963699414,0.1067364637121964,0.7627284399178622,0.7549138141078361,0.7549138141078361,raw_digitized,rt_scaled_minor_digitization_residual_le_1pct
585,0.7301922154816896,0.15168381398606964,0.11812397053224072,0.7301922154816896,0.7223671602117661,0.7223671602117661,mean_of_treatment_models,mean_of_treatment_models,0.6852134428499926,0.18037194365305967,0.1344146134969477,0.6852134428499926,0.691424809672421,0.691424809672421,raw_digitized,rt_scaled_minor_digitization_residual_le_1pct,0.793678592967085,0.11761922525759518,0.08870218177531983,0.793678592967085,0.7857134860204178,0.7857134860204178,raw_digitized,rt_scaled_minor_digitization_residual_le_1pct,0.6757452365401806,0.17999838763577095,0.14425637582404846,0.6757452365401806,0.6542580320375743,0.6542580320375743,raw_digitized,rt_scaled_to_preserve_absorptance_and_unit_budget,0.7661315895695003,0.12874569939785277,0.10512271103264689,0.7661315895695003,0.758072313116651,0.758072313116651,raw_digitized,rt_scaled_minor_digitization_residual_le_1pct
586,0.7333391185085374,0.1499225278840728,0.11673835360738977,0.7333391185085374,0.725352691763427,0.725352691763427,mean_of_treatment_models,mean_of_treatment_models,0.6885119732192607,0.17829455719800094,0.13319346958273837,0.6885119732192607,0.6941997721758779,0.6941997721758779,raw_digitized,rt_scaled_minor_digitization_residual_le_1pct,0.7965823490130342,0.11600717429449216,0.0874104766924737,0.7965823490130342,0.7879367794084975,0.7879367794084975,raw_digitized,rt_scaled_minor_digitization_residual_le_1pct,0.6794968991762145,0.17802480425678965,0.14247829656699593,0.6794968991762145,0.6580740761492538,0.6580740761492538,raw_digitized,rt_scaled_to_preserve_absorptance_and_unit_budget,0.7687652526256405,0.12736357578700835,0.10387117158735108,0.7687652526256405,0.7612001393200785,0.7612001393200785,raw_digitized,rt_scaled_minor_digitization_residual_le_1pct
587,0.7362261175029434,0.1483625775038181,0.11541130499323843,0.7362261175029434,0.7280725347960465,0.7280725347960465,mean_of_treatment_models,mean_of_treatment_models,0.6918105035885287,0.1764092124114533,0.131780284000018,0.6918105035885287,0.6965344573009903,0.6965344573009903,raw_digitized,rt_scaled_minor_digitization_residual_le_1pct,0.7986226625657674,0.11488443472358557,0.08649290271064702,0.7986226625657674,0.7901672482779769,0.7901672482779769,raw_digitized,rt_scaled_minor_digitization_residual_le_1pct,0.6832485618122484,0.17612667967015244,0.1406247585175992,0.6832485618122484,0.6613517084016282,0.6613517084016282,raw_digitized,rt_scaled_to_preserve_absorptance_and_unit_budget,0.7712227420452294,0.12602998321008108,0.10274727474468948,0.7712227420452294,0.7642367252035908,0.7642367252035908,raw_digitized,rt_scaled_minor_digitization_residual_le_1pct
588,0.7390779521433257,0.14682285838818515,0.11409918946848907,0.7390779521433257,0.7306870283541631,0.7306870283541631,mean_of_treatment_models,mean_of_treatment_models,0.6951090339577967,0.1746781583885108,0.1302128076536925,0.6951090339577967,0.6991351555397122,0.6991351555397122,raw_digitized,rt_scaled_minor_digitization_residual_le_1pct,0.8005223187024059,0.11379899884878754,0.0856786824488066,0.8005223187024059,0.7925019334030893,0.7925019334030893,raw_digitized,rt_scaled_minor_digitization_residual_le_1pct,0.6870002244482821,0.17411779910398478,0.1388819764477331,0.6870002244482821,0.6638377133867481,0.6638377133867481,raw_digitized,rt_scaled_to_preserve_absorptance_and_unit_budget,0.7736802314648183,0.12469647721145753,0.1016232913237241,0.7736802314648183,0.7672733110871031,0.7672733110871031,raw_digitized,rt_scaled_minor_digitization_residual_le_1pct
589,0.7411239220700654,0.1457700528155896,0.11310602511434494,0.7411239220700654,0.7331272672591342,0.7331272672591342,mean_of_treatment_models,mean_of_treatment_models,0.6966291042693705,0.17400599619494087,0.12936489953568864,0.6966291042693705,0.7018039607387965,0.7018039607387965,raw_digitized,rt_scaled_minor_digitization_residual_le_1pct,0.8024219748390444,0.11271355704908018,0.08486446811187538,0.8024219748390444,0.7948366185282016,0.7948366185282016,raw_digitized,rt_scaled_minor_digitization_residual_le_1pct,0.6893068882874396,0.17291240062640942,0.13778071108615103,0.6893068882874396,0.6663237183718681,0.6663237183718681,raw_digitized,rt_scaled_to_preserve_absorptance_and_unit_budget,0.7761377208844074,0.123448257391928,0.10041402172366466,0.7761377208844074,0.7695447713976706,0.7695447713976706,raw_digitized,rt_scaled_minor_digitization_residual_le_1pct
590,0.7430032737728139,0.14475766539631318,0.11223906083087283,0.7430032737728139,0.7354645246684186,0.7354645246684186,mean_of_treatment_models,mean_of_treatment_models,0.6980601804483305,0.17338022333285705,0.1285595962188124,0.6980601804483305,0.7044872355900096,0.7044872355900096,raw_digitized,rt_scaled_minor_digitization_residual_le_1pct,0.8043066456406482,0.11163665776335008,0.08405669659600169,0.8043066456406482,0.7971713036533141,0.7971713036533141,raw_digitized,rt_scaled_minor_digitization_residual_le_1pct,0.6915412443938482,0.17174726658205036,0.1367114890241014,0.6915412443938482,0.6688097233569881,0.6688097233569881,raw_digitized,rt_scaled_to_preserve_absorptance_and_unit_budget,0.7781050246084289,0.12226651390699529,0.09962846148457583,0.7781050246084289,0.7713898360733624,0.7713898360733624,raw_digitized,rt_scaled_minor_digitization_residual_le_1pct
591,0.7449038901651719,0.14360557168861673,0.11149053814621145,0.7449038901651719,0.7375011848738193,0.7375011848738193,mean_of_treatment_models,mean_of_treatment_models,0.6998967376138925,0.1722753897650994,0.12782787262100814,0.6998967376138925,0.7067612868290991,0.7067612868290991,raw_digitized,rt_scaled_minor_digitization_residual_le_1pct,0.8058716018075165,0.11050238203384584,0.08362601615863767,0.8058716018075165,0.7988239235038401,0.7988239235038401,raw_digitized,rt_scaled_minor_digitization_residual_le_1pct,0.6937756005002569,0.17055919963887367,0.1356651998608694,0.6937756005002569,0.6711846284132835,0.6711846284132835,raw_digitized,rt_scaled_to_preserve_absorptance_and_unit_budget,0.7800716207390214,0.12108531531664807,0.0988430639443306,0.7800716207390214,0.7732349007490544,0.7732349007490544,raw_digitized,rt_scaled_minor_digitization_residual_le_1pct
592,0.746870709412558,0.14244528061313771,0.1106840099743043,0.746870709412558,0.7393853948071242,0.7393853948071242,mean_of_treatment_models,mean_of_treatment_models,0.7020418403950291,0.1709760032875854,0.12698215631738544,0.7020418403950291,0.7090058664955486,0.7090058664955486,raw_digitized,rt_scaled_minor_digitization_residual_le_1pct,0.8074365579743846,0.10953308730082448,0.0830303547247909,0.8074365579743846,0.8000452871817052,0.8000452871817052,raw_digitized,rt_scaled_minor_digitization_residual_le_1pct,0.6959662224112043,0.16936775663680537,0.1346660209519903,0.6959662224112043,0.6734104601264965,0.6734104601264965,raw_digitized,rt_scaled_to_preserve_absorptance_and_unit_budget,0.7820382168696138,0.11990427522733561,0.09805750790305057,0.7820382168696138,0.7750799654247462,0.7750799654247462,raw_digitized,rt_scaled_minor_digitization_residual_le_1pct
593,0.7487687717398166,0.14133481165213357,0.10989641660804984,0.7487687717398166,0.7412434616828705,0.7412434616828705,mean_of_treatment_models,mean_of_treatment_models,0.7041869431761658,0.1697222108506361,0.12609084597319806,0.7041869431761658,0.7111458739317639,0.7111458739317639,raw_digitized,rt_scaled_minor_digitization_residual_le_1pct,0.8090015141412528,0.10856411140217388,0.08243437445657335,0.8090015141412528,0.8012666508595702,0.8012666508595702,raw_digitized,rt_scaled_minor_digitization_residual_le_1pct,0.6978818166416414,0.16832952678375546,0.13378865657460315,0.6978818166416414,0.6756362918397096,0.6756362918397096,raw_digitized,rt_scaled_to_preserve_absorptance_and_unit_budget,0.7840048130002063,0.11872339757196891,0.09727178942782481,0.7840048130002063,0.7769250301004382,0.7769250301004382,raw_digitized,rt_scaled_minor_digitization_residual_le_1pct
594,0.7505772901734744,0.14032147202640624,0.10910123780011947,0.7505772901734744,0.7429612029955625,0.7429612029955625,mean_of_treatment_models,mean_of_treatment_models,0.7063320459573025,0.16853630990255153,0.12513164414014602,0.7063320459573025,0.7130577993898781,0.7130577993898781,raw_digitized,rt_scaled_minor_digitization_residual_le_1pct,0.8104639950075423,0.107681554145665,0.0818544508467927,0.8104639950075423,0.8025391699694395,0.8025391699694395,raw_digitized,rt_scaled_minor_digitization_residual_le_1pct,0.6997974108720786,0.16726750396205278,0.13293508516586866,0.6997974108720786,0.6778162426059987,0.6778162426059987,raw_digitized,rt_scaled_to_preserve_absorptance_and_unit_budget,0.7857157088569738,0.11780052009535569,0.09648377104767047,0.7857157088569738,0.7784316000169333,0.7784316000169333,raw_digitized,rt_scaled_minor_digitization_residual_le_1pct
595,0.7520854004724609,0.139466287065037,0.10844831246250208,0.7520854004724609,0.7443697023435418,0.7443697023435418,mean_of_treatment_models,mean_of_treatment_models,0.7084771487384391,0.1672117984156543,0.1243110528459065,0.7084771487384391,0.7147335471861002,0.7147335471861002,raw_digitized,rt_scaled_minor_digitization_residual_le_1pct,0.8115826845480502,0.10716904219780374,0.08124827325414612,0.8115826845480502,0.8040451984257232,0.8040451984257232,raw_digitized,rt_scaled_minor_digitization_residual_le_1pct,0.7017130051025157,0.16603203559482943,0.13225495930265488,0.7017130051025157,0.6794293368189206,0.6794293368189206,raw_digitized,rt_scaled_to_preserve_absorptance_and_unit_budget,0.7865687635008386,0.11745227205186057,0.09597896444730084,0.7865687635008386,0.7792707269434233,0.7792707269434233,raw_digitized,rt_scaled_minor_digitization_residual_le_1pct
596,0.7532978925441982,0.13880195581816654,0.10790015163763525,0.7532978925441982,0.7457215333360026,0.7457215333360026,mean_of_treatment_models,mean_of_treatment_models,0.7099804719884502,0.16625546991673254,0.12376405809481732,0.7099804719884502,0.7164092949823223,0.7164092949823223,raw_digitized,rt_scaled_minor_digitization_residual_le_1pct,0.812701374088558,0.1066827985583719,0.08061582735307007,0.812701374088558,0.8054889124624096,0.8054889124624096,raw_digitized,rt_scaled_minor_digitization_residual_le_1pct,0.7030879059550813,0.16516557810572974,0.131746515939189,0.7030879059550813,0.6808780720293651,0.6808780720293651,raw_digitized,rt_scaled_to_preserve_absorptance_and_unit_budget,0.7874218181447035,0.11710397669183195,0.09547420516346458,0.7874218181447035,0.7801098538699132,0.7801098538699132,raw_digitized,rt_scaled_minor_digitization_residual_le_1pct
597,0.7544359938656147,0.1381789869400384,0.10738501919434698,0.7544359938656147,0.747075146022534,0.747075146022534,mean_of_treatment_models,mean_of_treatment_models,0.7113222948421382,0.1654032785200508,0.12327442663781105,0.7113222948421382,0.7180581803140934,0.7180581803140934,raw_digitized,rt_scaled_minor_digitization_residual_le_1pct,0.8138200636290659,0.10619699317266508,0.07998294319826903,0.8138200636290659,0.8069326264990959,0.8069326264990959,raw_digitized,rt_scaled_minor_digitization_residual_le_1pct,0.7043267442026862,0.16437478090640623,0.1312984748909076,0.7043267442026862,0.6823268072398097,0.6823268072398097,raw_digitized,rt_scaled_to_preserve_absorptance_and_unit_budget,0.7882748727885682,0.11674089516103153,0.09498423205040023,0.7882748727885682,0.780982970037137,0.780982970037137,raw_digitized,rt_scaled_minor_digitization_residual_le_1pct
598,0.7557582120347635,0.13742267338216252,0.10681911458307405,0.7557582120347635,0.7484227644974257,0.7484227644974257,mean_of_treatment_models,mean_of_treatment_models,0.712664117695826,0.16474123777654529,0.12259464452762867,0.712664117695826,0.7192718586826249,0.7192718586826249,raw_digitized,rt_scaled_minor_digitization_residual_le_1pct,0.8150774807854073,0.10557085300023873,0.07935166621435397,0.8150774807854073,0.8082646412995017,0.8082646412995017,raw_digitized,rt_scaled_minor_digitization_residual_le_1pct,0.705565582450291,0.16358390801859837,0.1308505095311107,0.705565582450291,0.6837755424502543,0.6837755424502543,raw_digitized,rt_scaled_to_preserve_absorptance_and_unit_budget,0.7897256672075295,0.11579469473326766,0.09447963805920287,0.7897256672075295,0.782379015557322,0.782379015557322,raw_digitized,rt_scaled_minor_digitization_residual_le_1pct
599,0.7571476334833926,0.13661638073497104,0.10623598578163629,0.7571476334833926,0.7497491376152345,0.7497491376152345,mean_of_treatment_models,mean_of_treatment_models,0.714005940549514,0.1641103728650094,0.12188368658547656,0.714005940549514,0.7205387626502071,0.7205387626502071,raw_digitized,rt_scaled_minor_digitization_residual_le_1pct,0.8165308702956855,0.10471065234906178,0.07875847735525275,0.8165308702956855,0.8093746132403341,0.8093746132403341,raw_digitized,rt_scaled_minor_digitization_residual_le_1pct,0.7068044206978957,0.1628519998932643,0.13034357940883998,0.7068044206978957,0.6853383986390567,0.6853383986390567,raw_digitized,rt_scaled_to_preserve_absorptance_and_unit_budget,0.7912493023904754,0.11479249783254866,0.09395819977697592,0.7912493023904754,0.7837447759313403,0.7837447759313403,raw_digitized,rt_scaled_minor_digitization_residual_le_1pct
600,0.7588196315080828,0.13569273778017685,0.10548763071174033,0.7588196315080828,0.7511721230662385,0.7511721230662385,mean_of_treatment_models,mean_of_treatment_models,0.7158746102485917,0.163237061909798,0.12088832784161033,0.7158746102485917,0.7219082155288717,0.7219082155288717,raw_digitized,rt_scaled_minor_digitization_residual_le_1pct,0.8179842598059636,0.10385058036231681,0.07816515983171964,0.8179842598059636,0.8104845851811666,0.8104845851811666,raw_digitized,rt_scaled_minor_digitization_residual_le_1pct,0.7086467184043548,0.16189268500785034,0.12946059658779493,0.7086467184043548,0.6871851552495566,0.6871851552495566,raw_digitized,rt_scaled_to_preserve_absorptance_and_unit_budget,0.7927729375734215,0.11379062384074216,0.09343643858583636,0.7927729375734215,0.7851105363053588,0.7851105363053588,raw_digitized,rt_scaled_minor_digitization_residual_le_1pct
601,0.7605694990780032,0.13469486413790163,0.10473563678409517,0.7605694990780032,0.7526682200352794,0.7526682200352794,mean_of_treatment_models,mean_of_treatment_models,0.7177519530539122,0.16230445295309104,0.11994359399299681,0.7177519530539122,0.7234014401399171,0.7234014401399171,raw_digitized,rt_scaled_minor_digitization_residual_le_1pct,0.8194376493162417,0.10299063931404485,0.07757171136971341,0.8194376493162417,0.8115945571219989,0.8115945571219989,raw_digitized,rt_scaled_minor_digitization_residual_le_1pct,0.7107918211854914,0.16069528533036143,0.1285128934841471,0.7107918211854914,0.6892005861998248,0.6892005861998248,raw_digitized,rt_scaled_to_preserve_absorptance_and_unit_budget,0.7942965727563674,0.11278907895410921,0.09291434828952332,0.7942965727563674,0.786476296679377,0.786476296679377,raw_digitized,rt_scaled_minor_digitization_residual_le_1pct
602,0.7624099368094678,0.13361634972493971,0.10397371346559248,0.7624099368094678,0.754255566466942,0.754255566466942,mean_of_treatment_models,mean_of_treatment_models,0.7196292958592325,0.16120734536010156,0.11916335878066593,0.7196292958592325,0.7252735839344211,0.7252735839344211,raw_digitized,rt_scaled_minor_digitization_residual_le_1pct,0.8208910388265198,0.10213083153219388,0.07697812964128632,0.8208910388265198,0.8127045290628314,0.8127045290628314,raw_digitized,rt_scaled_minor_digitization_residual_le_1pct,0.7129369239666281,0.15949789589625135,0.12756518013712057,0.7129369239666281,0.6912160171500931,0.6912160171500931,raw_digitized,rt_scaled_to_preserve_absorptance_and_unit_budget,0.7961824885854908,0.11162932611121207,0.09218818530329713,0.7961824885854908,0.7878281357204224,0.7878281357204224,raw_digitized,rt_scaled_minor_digitization_residual_le_1pct
603,0.7643109211205894,0.13247233552368878,0.10321674335572173,0.7643109211205894,0.7558974885854768,0.7558974885854768,mean_of_treatment_models,mean_of_treatment_models,0.721506638664553,0.16007608580844762,0.11841727552699938,0.721506638664553,0.7270875218872433,0.7270875218872433,raw_digitized,rt_scaled_minor_digitization_residual_le_1pct,0.8223444283367979,0.10115901976142978,0.07649655190177232,0.8223444283367979,0.8140874384640766,0.8140874384640766,raw_digitized,rt_scaled_minor_digitization_residual_le_1pct,0.7150820267477648,0.15830051690741312,0.1266174563448221,0.7150820267477648,0.6932314481003614,0.6932314481003614,raw_digitized,rt_scaled_to_preserve_absorptance_and_unit_budget,0.7983105907332422,0.11035371961746465,0.09133568964929316,0.7983105907332422,0.789183545890226,0.789183545890226,raw_digitized,rt_scaled_minor_digitization_residual_le_1pct
604,0.7661887519990678,0.13132738651402825,0.1024838614869039,0.7661887519990678,0.7575414534661369,0.7575414534661369,mean_of_treatment_models,mean_of_treatment_models,0.7233839814698735,0.158913729243197,0.1177022892869295,0.7233839814698735,0.7288483931378813,0.7288483931378813,raw_digitized,rt_scaled_minor_digitization_residual_le_1pct,0.823797817847076,0.10016218749395948,0.07603999465896456,0.823797817847076,0.8155315856160068,0.8155315856160068,raw_digitized,rt_scaled_minor_digitization_residual_le_1pct,0.7171345157983283,0.15715460297209768,0.12571088122957397,0.7171345157983283,0.6952468790506297,0.6952468790506297,raw_digitized,rt_scaled_to_preserve_absorptance_and_unit_budget,0.8004386928809936,0.10907902634685884,0.09048228077214758,0.8004386928809936,0.7905389560600296,0.7905389560600296,raw_digitized,rt_scaled_minor_digitization_residual_le_1pct
605,0.7680168116026048,0.13019123805839405,0.10179195033900111,0.7680168116026048,0.7592293880962971,0.7592293880962971,mean_of_treatment_models,mean_of_treatment_models,0.725261324275194,0.15770223414226645,0.1170364415825396,0.725261324275194,0.7307224828647553,0.7307224828647553,raw_digitized,rt_scaled_minor_digitization_residual_le_1pct,0.825251207357354,0.09916549842934931,0.07558329421329667,0.825251207357354,0.816975732767937,0.816975732767937,raw_digitized,rt_scaled_minor_digitization_residual_le_1pct,0.7191457385915568,0.15600578104786594,0.12484848036057722,0.7191457385915568,0.6973249705226632,0.6973249705226632,raw_digitized,rt_scaled_to_preserve_absorptance_and_unit_budget,0.8024089761863145,0.10789143861409456,0.08969958519959095,0.8024089761863145,0.7918943662298332,0.7918943662298332,raw_digitized,rt_scaled_to_preserve_absorptance_and_unit_budget
606,0.769918557761495,0.12896803605327373,0.10111340618523122,0.769918557761495,0.7613279301490652,0.7613279301490652,mean_of_treatment_models,mean_of_treatment_models,0.7278800614243022,0.15569217577087244,0.11642776280482538,0.7278800614243022,0.7334540045747047,0.7334540045747047,raw_digitized,rt_scaled_minor_digitization_residual_le_1pct,0.8267045968676322,0.0982517172769633,0.07504368585540451,0.8267045968676322,0.8185766300451576,0.8185766300451576,raw_digitized,rt_scaled_minor_digitization_residual_le_1pct,0.7211569613847854,0.15482330388554702,0.12401973472966767,0.7211569613847854,0.6994846802942309,0.6994846802942309,raw_digitized,rt_scaled_to_preserve_absorptance_and_unit_budget,0.8039326113692604,0.10710494727971219,0.08896244135102738,0.8039326113692604,0.7937964056821678,0.7937964056821678,raw_digitized,rt_scaled_to_preserve_absorptance_and_unit_budget
607,0.7719314038790919,0.1276493266383887,0.10041926948251934,0.7719314038790919,0.7638648839010568,0.7638648839010568,mean_of_treatment_models,mean_of_treatment_models,0.7309431984082373,0.15364107109303646,0.11541573049872624,0.7309431984082373,0.7365512814768247,0.7365512814768247,raw_digitized,rt_scaled_minor_digitization_residual_le_1pct,0.8281579863779104,0.097190462598831,0.07465155102325864,0.8281579863779104,0.8206888136972059,0.8206888136972059,raw_digitized,rt_scaled_minor_digitization_residual_le_1pct,0.7231681841780138,0.15364083015078966,0.12319098567119659,0.7231681841780138,0.7016443900657986,0.7016443900657986,raw_digitized,rt_scaled_to_preserve_absorptance_and_unit_budget,0.8054562465522064,0.10612494271089773,0.0884188107368959,0.8054562465522064,0.7965750503643977,0.7965750503643977,raw_digitized,rt_scaled_minor_digitization_residual_le_1pct
608,0.774311556215784,0.12614308036160016,0.09954536342261594,0.774311556215784,0.7664528579102196,0.7664528579102196,mean_of_treatment_models,mean_of_treatment_models,0.7340318190825528,0.1516647735228463,0.11430340739460093,0.7340318190825528,0.7398022906375037,0.7398022906375037,raw_digitized,rt_scaled_minor_digitization_residual_le_1pct,0.8296113758881886,0.09612761304519861,0.07426101106661283,0.8296113758881886,0.8228009973492542,0.8228009973492542,raw_digitized,rt_scaled_minor_digitization_residual_le_1pct,0.726623148157242,0.15163674194581386,0.1217401098969441,0.726623148157242,0.7038544486074927,0.7038544486074927,raw_digitized,rt_scaled_to_preserve_absorptance_and_unit_budget,0.8069798817351523,0.1051431929325418,0.08787692533230587,0.8069798817351523,0.7993536950466276,0.7993536950466276,raw_digitized,rt_scaled_minor_digitization_residual_le_1pct
609,0.7767520745169761,0.12465275403322965,0.0985951714497942,0.7767520745169761,0.7693074594445478,0.7693074594445478,mean_of_treatment_models,mean_of_treatment_models,0.7371587084416822,0.14970294344580995,0.11313834811250786,0.7371587084416822,0.7429700920005784,0.7429700920005784,raw_digitized,rt_scaled_minor_digitization_residual_le_1pct,0.8310647653984666,0.09506311089607376,0.07387212370545958,0.8310647653984666,0.8249131810013024,0.8249131810013024,raw_digitized,rt_scaled_minor_digitization_residual_le_1pct,0.7302813073096576,0.1496853373700355,0.12003335532030696,0.7302813073096576,0.7072142250474528,0.7072142250474528,raw_digitized,rt_scaled_to_preserve_absorptance_and_unit_budget,0.8085035169180983,0.10415962442099932,0.08733685866090238,0.8085035169180983,0.8021323397288576,0.8021323397288576,raw_digitized,rt_scaled_minor_digitization_residual_le_1pct
610,0.7800675127760879,0.12280627415625092,0.09712621306766114,0.7800675127760879,0.7721969353188256,0.7721969353188256,mean_of_treatment_models,mean_of_treatment_models,0.7402855978008115,0.14795540475556362,0.11175899744362487,0.7402855978008115,0.7456507754676506,0.7456507754676506,raw_digitized,rt_scaled_minor_digitization_residual_le_1pct,0.8342479737729153,0.09322723494815156,0.07252479127893319,0.8342479737729153,0.8274368358580357,0.8274368358580357,raw_digitized,rt_scaled_minor_digitization_residual_le_1pct,0.7339394664620731,0.14783598863840194,0.11822454489952497,0.7339394664620731,0.7107744439258015,0.7107744439258015,raw_digitized,rt_scaled_to_preserve_absorptance_and_unit_budget,0.811797013068552,0.1022064682828865,0.08599651864856149,0.811797013068552,0.8049256860238145,0.8049256860238145,raw_digitized,rt_scaled_minor_digitization_residual_le_1pct
611,0.7833994537677403,0.12094218641122932,0.09565835982103027,0.7833994537677403,0.7751380780885291,0.7751380780885291,mean_of_treatment_models,mean_of_treatment_models,0.7434124871599409,0.14620776477134362,0.11037974806871544,0.7434124871599409,0.7483314589347227,0.7483314589347227,raw_digitized,rt_scaled_minor_digitization_residual_le_1pct,0.8374864297886347,0.09135277910963577,0.07116079110172951,0.8374864297886347,0.8301056525966912,0.8301056525966912,raw_digitized,rt_scaled_minor_digitization_residual_le_1pct,0.7375518623815244,0.1460115728464229,0.11643656477205272,0.7375518623815244,0.7143346628041501,0.7143346628041501,raw_digitized,rt_scaled_to_preserve_absorptance_and_unit_budget,0.8151470357408616,0.10019662891751502,0.08465633534162342,0.8151470357408616,0.8077805380185523,0.8077805380185523,raw_digitized,rt_scaled_minor_digitization_residual_le_1pct
612,0.7867215847759024,0.11909823651095755,0.09418017871314002,0.7867215847759024,0.7781069566973702,0.7781069566973702,mean_of_treatment_models,mean_of_treatment_models,0.7465393765190702,0.14446002022145948,0.10900060325947031,0.7465393765190702,0.751012142401795,0.751012142401795,raw_digitized,rt_scaled_minor_digitization_residual_le_1pct,0.8407248858043542,0.08947877746136991,0.06979633673427588,0.8407248858043542,0.8327744693353467,0.8327744693353467,raw_digitized,rt_scaled_minor_digitization_residual_le_1pct,0.7411250183670142,0.14420853421576882,0.114666447417217,0.7411250183670142,0.7178948816824988,0.7178948816824988,raw_digitized,rt_scaled_to_preserve_absorptance_and_unit_budget,0.8184970584131711,0.09824561414523195,0.08325732744159693,0.8184970584131711,0.8107463333698403,0.8107463333698403,raw_digitized,rt_scaled_minor_digitization_residual_le_1pct
613,0.7899782952803348,0.11724980250737213,0.09277190221229312,0.7899782952803348,0.7811814862531157,0.7811814862531157,mean_of_treatment_models,mean_of_treatment_models,0.7496662658781996,0.14269033989383914,0.10764339422796121,0.7496662658781996,0.7537427717412499,0.7537427717412499,raw_digitized,rt_scaled_minor_digitization_residual_le_1pct,0.8438431466688642,0.08766578369916167,0.06849106963197416,0.8438431466688642,0.8354302388000534,0.8354302388000534,raw_digitized,rt_scaled_minor_digitization_residual_le_1pct,0.744698174352504,0.1422563815313803,0.11304544411611575,0.744698174352504,0.7218120785908477,0.7218120785908477,raw_digitized,rt_scaled_to_preserve_absorptance_and_unit_budget,0.8217055942217713,0.09638670490510741,0.08190770087312133,0.8217055942217713,0.8137408558803121,0.8137408558803121,raw_digitized,rt_scaled_minor_digitization_residual_le_1pct
614,0.7928112584698898,0.11549481957473046,0.0916939219553798,0.7928112584698898,0.7841308474907561,0.7841308474907561,mean_of_treatment_models,mean_of_treatment_models,0.752793155237329,0.14081786536662327,0.10638897939604769,0.752793155237329,0.7567086180551256,0.7567086180551256,raw_digitized,rt_scaled_minor_digitization_residual_le_1pct,0.8463006360884531,0.08611246682526943,0.06758689708627749,0.8463006360884531,0.8378763844668476,0.8378763844668476,raw_digitized,rt_scaled_minor_digitization_residual_le_1pct,0.7480149349099984,0.14010073034615075,0.11188433474385089,0.7480149349099984,0.7252030090502674,0.7252030090502674,raw_digitized,rt_scaled_to_preserve_absorptance_and_unit_budget,0.8241363076437785,0.09494821576087835,0.08091547659534311,0.8241363076437785,0.816735378390784,0.816735378390784,raw_digitized,rt_scaled_minor_digitization_residual_le_1pct
615,0.7955298138658994,0.11381703214328925,0.09065315399081136,0.7955298138658994,0.7870179464262269,0.7870179464262269,mean_of_treatment_models,mean_of_treatment_models,0.7559200445964583,0.13894547449941994,0.10513448090412172,0.7559200445964583,0.7596744643690012,0.7596744643690012,raw_digitized,rt_scaled_minor_digitization_residual_le_1pct,0.8487581255080419,0.08455946766516523,0.06668240682679291,0.8487581255080419,0.8403225301336419,0.8403225301336419,raw_digitized,rt_scaled_minor_digitization_residual_le_1pct,0.7508740642933115,0.13819945661724942,0.11092647908943912,0.7508740642933115,0.7285939395096871,0.7285939395096871,raw_digitized,rt_scaled_to_preserve_absorptance_and_unit_budget,0.8265670210657858,0.09356372979132242,0.07986924914289174,0.8265670210657858,0.8194808516925776,0.8194808516925776,raw_digitized,rt_scaled_minor_digitization_residual_le_1pct
616,0.7980918304126114,0.11223837957184413,0.0896697900155444,0.7980918304126114,0.7898622900406163,0.7898622900406163,mean_of_treatment_models,mean_of_treatment_models,0.7584207785583975,0.13742937716546208,0.10414984427614041,0.7584207785583975,0.762640310682877,0.762640310682877,raw_digitized,rt_scaled_minor_digitization_residual_le_1pct,0.8512156149276306,0.08300680104746302,0.06577758402490634,0.8512156149276306,0.8427686758004361,0.8427686758004361,raw_digitized,rt_scaled_minor_digitization_residual_le_1pct,0.7537331936766247,0.13629754082418868,0.1099692654991866,0.7537331936766247,0.7319848699691067,0.7319848699691067,raw_digitized,rt_scaled_to_preserve_absorptance_and_unit_budget,0.828997734487793,0.09221979925026273,0.07878246626194424,0.828997734487793,0.8220553037100453,0.8220553037100453,raw_digitized,rt_scaled_minor_digitization_residual_le_1pct
617,0.8005898281156122,0.11072446586327414,0.08868570602111367,0.8005898281156122,0.7926521148839398,0.7926521148839398,mean_of_treatment_models,mean_of_treatment_models,0.7607338875988698,0.13600857157716736,0.10325754082396281,0.7607338875988698,0.7656310560887017,0.7656310560887017,raw_digitized,rt_scaled_minor_digitization_residual_le_1pct,0.8535597209991589,0.0815316975734003,0.06490858142744081,0.8535597209991589,0.8452415874538002,0.8452415874538002,raw_digitized,rt_scaled_minor_digitization_residual_le_1pct,0.7565923230599378,0.13450596538605433,0.10890171155400778,0.7565923230599378,0.7351060602657447,0.7351060602657447,raw_digitized,rt_scaled_to_preserve_absorptance_and_unit_budget,0.8314733808044822,0.09085162891647457,0.07767499027904325,0.8314733808044822,0.8246297557275132,0.8246297557275132,raw_digitized,rt_scaled_minor_digitization_residual_le_1pct
618,0.8031197372742471,0.10928652765989678,0.08759373506585608,0.8031197372742471,0.7953437316644518,0.7953437316644518,mean_of_treatment_models,mean_of_treatment_models,0.7630469966393421,0.1345677934104649,0.10238520995019303,0.7630469966393421,0.7686654511638281,0.7686654511638281,raw_digitized,rt_scaled_minor_digitization_residual_le_1pct,0.8556825104489776,0.08030409083749851,0.06401339871352389,0.8556825104489776,0.8476088827874484,0.8476088827874484,raw_digitized,rt_scaled_minor_digitization_residual_le_1pct,0.7595954384714176,0.13290122719785796,0.10750333433072441,0.7595954384714176,0.7378963849615501,0.7378963849615501,raw_digitized,rt_scaled_to_preserve_absorptance_and_unit_budget,0.8341540035372512,0.08937299919376579,0.07647299726898302,0.8341540035372512,0.8272042077449809,0.8272042077449809,raw_digitized,rt_scaled_minor_digitization_residual_le_1pct
619,0.8057071534094588,0.10785924869913027,0.08643359789141092,0.8057071534094588,0.798053855589103,0.798053855589103,mean_of_treatment_models,mean_of_treatment_models,0.7653601056798144,0.13312615913158518,0.10151373518860042,0.7653601056798144,0.7716998462389545,0.7716998462389545,raw_digitized,rt_scaled_minor_digitization_residual_le_1pct,0.8578052998987962,0.07913693410398792,0.06305776599721591,0.8578052998987962,0.8498321761755282,0.8498321761755282,raw_digitized,rt_scaled_minor_digitization_residual_le_1pct,0.7628285817892043,0.13127944602698985,0.10589197218380582,0.7628285817892043,0.7409047401794806,0.7409047401794806,raw_digitized,rt_scaled_to_preserve_absorptance_and_unit_budget,0.8368346262700203,0.08789445553395818,0.07527091819602157,0.8368346262700203,0.8297786597624487,0.8297786597624487,raw_digitized,rt_scaled_minor_digitization_residual_le_1pct
620,0.8082945695446704,0.10648853847763001,0.08521689197769958,0.8082945695446704,0.8005923726668634,0.8005923726668634,mean_of_treatment_models,mean_of_treatment_models,0.7676732147202866,0.13168363414429066,0.10064315113542276,0.7676732147202866,0.774734241314081,0.774734241314081,raw_digitized,rt_scaled_minor_digitization_residual_le_1pct,0.8599280893486149,0.07796977385213745,0.062102136799247684,0.8599280893486149,0.852055469563608,0.852055469563608,raw_digitized,rt_scaled_minor_digitization_residual_le_1pct,0.766061725106991,0.12965698770598078,0.1042812871870282,0.766061725106991,0.7439130953974112,0.7439130953974112,raw_digitized,rt_scaled_to_preserve_absorptance_and_unit_budget,0.8395152490027892,0.08664375820811117,0.07384099278909965,0.8395152490027892,0.8316666843923535,0.8316666843923535,raw_digitized,rt_scaled_minor_digitization_residual_le_1pct
621,0.8106085685993771,0.10525049121872372,0.0841409401818991,0.8106085685993771,0.8027669825680144,0.8027669825680144,mean_of_treatment_models,mean_of_treatment_models,0.7699863237607589,0.1302077542737752,0.09980592196546584,0.7699863237607589,0.7772306307382839,0.7772306307382839,raw_digitized,rt_scaled_minor_digitization_residual_le_1pct,0.8617003698215132,0.07692324966129714,0.06137638051718965,0.8617003698215132,0.8541376233446598,0.8541376233446598,raw_digitized,rt_scaled_minor_digitization_residual_le_1pct,0.7692026377428697,0.12822462744081592,0.10257273481631439,0.7692026377428697,0.7465769790301886,0.7465769790301886,raw_digitized,rt_scaled_to_preserve_absorptance_and_unit_budget,0.8415449430723668,0.08564633349900665,0.07280872342862652,0.8415449430723668,0.8331226971589253,0.8331226971589253,raw_digitized,rt_scaled_minor_digitization_residual_le_1pct
622,0.8120888775153576,0.10455874541659568,0.08335237706804674,0.8120888775153576,0.8043904499221878,0.8043904499221878,mean_of_treatment_models,mean_of_treatment_models,0.7722994328012313,0.12889144397686064,0.09880912322190813,0.7722994328012313,0.7784172600443469,0.7784172600443469,raw_digitized,rt_scaled_minor_digitization_residual_le_1pct,0.8631537593317913,0.07612979669364546,0.060716443974563244,0.8631537593317913,0.8556053134900051,0.8556053134900051,raw_digitized,rt_scaled_minor_digitization_residual_le_1pct,0.7704618186287132,0.12795191499842962,0.10158626637285714,0.7704618186287132,0.748960516228902,0.748960516228902,raw_digitized,rt_scaled_to_preserve_absorptance_and_unit_budget,0.8424404992996946,0.08526182599744701,0.07229767470285844,0.8424404992996946,0.8345787099254971,0.8345787099254971,raw_digitized,rt_scaled_minor_digitization_residual_le_1pct
623,0.8135691864313379,0.10374054713114794,0.0826902664375141,0.8135691864313379,0.805702959548858,0.805702959548858,mean_of_treatment_models,mean_of_treatment_models,0.7746125418417035,0.12757520021937527,0.09781225793892125,0.7746125418417035,0.7796038893504098,0.7796038893504098,raw_digitized,rt_scaled_minor_digitization_residual_le_1pct,0.8646071488420694,0.07539310639257435,0.05999974476535631,0.8646071488420694,0.8569377549828257,0.8569377549828257,raw_digitized,rt_scaled_minor_digitization_residual_le_1pct,0.7717209995145567,0.12711593713590458,0.10116306334953869,0.7717209995145567,0.7502354711701275,0.7502354711701275,raw_digitized,rt_scaled_to_preserve_absorptance_and_unit_budget,0.8433360555270222,0.08487794477673757,0.07178599969624022,0.8433360555270222,0.836034722692069,0.836034722692069,raw_digitized,rt_scaled_minor_digitization_residual_le_1pct
624,0.8149203501610381,0.10295714919331293,0.0821225006456489,0.8149203501610381,0.8069197127301477,0.8069197127301477,mean_of_treatment_models,mean_of_treatment_models,0.7764090701370551,0.12655925455556402,0.09703167530738094,0.7764090701370551,0.7808041123239634,0.7808041123239634,raw_digitized,rt_scaled_minor_digitization_residual_le_1pct,0.8660605383523474,0.07465620997830395,0.059283251669348634,0.8660605383523474,0.8582701964756461,0.8582701964756461,raw_digitized,rt_scaled_minor_digitization_residual_le_1pct,0.7729801804004003,0.12624588889178817,0.10077393070781153,0.7729801804004003,0.7514431472216881,0.7514431472216881,raw_digitized,rt_scaled_to_preserve_absorptance_and_unit_budget,0.8442316117543499,0.0843672433475956,0.07140114489805448,0.8442316117543499,0.8371613948992931,0.8371613948992931,raw_digitized,rt_scaled_minor_digitization_residual_le_1pct
625,0.8160939836390498,0.10225773550465683,0.08164828085629333,0.8160939836390498,0.8080894138889055,0.8080894138889055,mean_of_treatment_models,mean_of_treatment_models,0.7779421501163262,0.12584769471795315,0.09621015516572069,0.7779421501163262,0.7822732964416548,0.7822732964416548,raw_digitized,rt_scaled_minor_digitization_residual_le_1pct,0.8669606347286197,0.07412146229895528,0.058917902972424996,0.8669606347286197,0.8594012082603909,0.8594012082603909,raw_digitized,rt_scaled_minor_digitization_residual_le_1pct,0.7742393612862438,0.12537607409895396,0.10038456461480223,0.7742393612862438,0.7526508232732488,0.7526508232732488,raw_digitized,rt_scaled_to_preserve_absorptance_and_unit_budget,0.8452337884250096,0.08368571090276493,0.07108050067222542,0.8452337884250096,0.8380323275803276,0.8380323275803276,raw_digitized,rt_scaled_minor_digitization_residual_le_1pct
626,0.8171639452640866,0.10169639507725567,0.08113965965865766,0.8171639452640866,0.8089902146297143,0.8089902146297143,mean_of_treatment_models,mean_of_treatment_models,0.7794752300955972,0.12513608577068555,0.0953886841337173,0.7794752300955972,0.783742480559346,0.783742480559346,raw_digitized,rt_scaled_minor_digitization_residual_le_1pct,0.8676330576427673,0.07386421994808895,0.058502722409143726,0.8676330576427673,0.859873518553284,0.859873518553284,raw_digitized,rt_scaled_minor_digitization_residual_le_1pct,0.7752241196976621,0.12482797439703058,0.09994790590530729,0.7752241196976621,0.753441599144865,0.753441599144865,raw_digitized,rt_scaled_to_preserve_absorptance_and_unit_budget,0.8463233736203201,0.08295730019321759,0.07071932618646233,0.8463233736203201,0.8389032602613622,0.8389032602613622,raw_digitized,rt_scaled_minor_digitization_residual_le_1pct
627,0.818155713066806,0.10123381660839065,0.08061047032480331,0.818155713066806,0.8097659458670737,0.8097659458670737,mean_of_treatment_models,mean_of_treatment_models,0.780784736969689,0.12474444622094544,0.09447081680936559,0.780784736969689,0.7847728789625475,0.7847728789625475,raw_digitized,rt_scaled_minor_digitization_residual_le_1pct,0.8683054805569148,0.0736192558784766,0.05807526356460857,0.8683054805569148,0.8603153347837414,0.8603153347837414,raw_digitized,rt_scaled_minor_digitization_residual_le_1pct,0.7761196759249899,0.12433919537077429,0.09954112870423584,0.7761196759249899,0.7542082271828607,0.7542082271828607,raw_digitized,rt_scaled_to_preserve_absorptance_and_unit_budget,0.8474129588156305,0.08223236896336628,0.07035467222100322,0.8474129588156305,0.8397673425391452,0.8397673425391452,raw_digitized,rt_scaled_minor_digitization_residual_le_1pct
628,0.8190308677188238,0.10084607337991872,0.08012305890125748,0.8190308677188238,0.8104393656279214,0.8104393656279214,mean_of_treatment_models,mean_of_treatment_models,0.7816277912409743,0.12465652499912587,0.0937156837598999,0.7816277912409743,0.7857155875558497,0.7857155875558497,raw_digitized,rt_scaled_minor_digitization_residual_le_1pct,0.8689779034710624,0.07337378399738183,0.05764831253155578,0.8689779034710624,0.8607571510141988,0.8607571510141988,raw_digitized,rt_scaled_minor_digitization_residual_le_1pct,0.7770152321523176,0.12377258189587395,0.09921218595180846,0.7770152321523176,0.7548208010055089,0.7548208010055089,raw_digitized,rt_scaled_to_preserve_absorptance_and_unit_budget,0.848502544010941,0.08158140262729319,0.06991605336176578,0.848502544010941,0.8404639229361288,0.8404639229361288,raw_digitized,rt_scaled_minor_digitization_residual_le_1pct
629,0.8196633583262256,0.10044482101080156,0.07989182066297291,0.8196633583262256,0.8108717122817022,0.8108717122817022,mean_of_treatment_models,mean_of_treatment_models,0.7824708455122596,0.12417416427679094,0.09335499021094941,0.7824708455122596,0.7859798872754074,0.7859798872754074,raw_digitized,rt_scaled_minor_digitization_residual_le_1pct,0.8692516640261978,0.07319523500325456,0.05755310097054764,0.8692516640261978,0.8609823179194016,0.8609823179194016,raw_digitized,rt_scaled_minor_digitization_residual_le_1pct,0.7779107883796453,0.12317131061937057,0.09891790100098408,0.7779107883796453,0.7553641405988872,0.7553641405988872,raw_digitized,rt_scaled_to_preserve_absorptance_and_unit_budget,0.8490201353867993,0.08123857414379014,0.06974129046941055,0.8490201353867993,0.8411605033331124,0.8411605033331124,raw_digitized,rt_scaled_minor_digitization_residual_le_1pct
630,0.8202668724230674,0.09997948748419623,0.0797536400927364,0.8202668724230674,0.8113212742344003,0.8113212742344003,mean_of_treatment_models,mean_of_treatment_models,0.7833138997835449,0.1235300417143307,0.09315605850212437,0.7833138997835449,0.7860956638292516,0.7860956638292516,raw_digitized,rt_scaled_minor_digitization_residual_le_1pct,0.869477820313985,0.07288514598767037,0.057637033698344615,0.869477820313985,0.8614248691859878,0.8614248691859878,raw_digitized,rt_scaled_minor_digitization_residual_le_1pct,0.778806344606973,0.12257041758210141,0.09862323781092563,0.778806344606973,0.7559074801922657,0.7559074801922657,raw_digitized,rt_scaled_to_preserve_absorptance_and_unit_budget,0.8494694249877666,0.08093234465268243,0.06959823035955101,0.8494694249877666,0.8418570837300959,0.8418570837300959,raw_digitized,rt_scaled_minor_digitization_residual_le_1pct
631,0.8208703865199093,0.09946322285900773,0.07966639062108302,0.8208703865199093,0.8118602270606751,0.8118602270606751,mean_of_treatment_models,mean_of_treatment_models,0.7841569540548302,0.12273875148639027,0.09310429445877952,0.7841569540548302,0.7865518773881086,0.7865518773881086,raw_digitized,rt_scaled_minor_digitization_residual_le_1pct,0.8697039766017722,0.07257451916217753,0.05772150423605025,0.8697039766017722,0.861867420452574,0.861867420452574,raw_digitized,rt_scaled_minor_digitization_residual_le_1pct,0.7797019008343007,0.12205476604409166,0.09824333312160767,0.7797019008343007,0.7566201516482359,0.7566201516482359,raw_digitized,rt_scaled_to_preserve_absorptance_and_unit_budget,0.8499187145887339,0.08048485474337143,0.06959643066789466,0.8499187145887339,0.8424014587537817,0.8424014587537817,raw_digitized,rt_scaled_minor_digitization_residual_le_1pct
632,0.8214957072333247,0.09894569065617204,0.07955860211050327,0.8214957072333247,0.8125265619102187,0.8125265619102187,mean_of_treatment_models,mean_of_treatment_models,0.7850000083261155,0.12194856248148085,0.09305142919240363,0.7850000083261155,0.7870080909469657,0.7870080909469657,raw_digitized,rt_scaled_minor_digitization_residual_le_1pct,0.8699737461227065,0.07223911899181328,0.05778713488548023,0.8699737461227065,0.8623099717191604,0.8623099717191604,raw_digitized,rt_scaled_minor_digitization_residual_le_1pct,0.7805974570616283,0.12169935454525095,0.09770318839312074,0.7805974570616283,0.7576522517814681,0.7576522517814681,raw_digitized,rt_scaled_to_preserve_absorptance_and_unit_budget,0.8504116174228484,0.0798957266061431,0.06969265597100846,0.8504116174228484,0.8431359331932808,0.8431359331932808,raw_digitized,rt_scaled_minor_digitization_residual_le_1pct
633,0.8223989558341359,0.09837036104425506,0.07923068312160905,0.8223989558341359,0.8134027901717051,0.8134027901717051,mean_of_treatment_models,mean_of_treatment_models,0.7858430625974008,0.12157830710694098,0.09257863029565826,0.7858430625974008,0.7881964690829479,0.7881964690829479,raw_digitized,rt_scaled_minor_digitization_residual_le_1pct,0.8707577356934442,0.07157321406560525,0.057669050240950565,0.8707577356934442,0.8628599320563922,0.8628599320563922,raw_digitized,rt_scaled_minor_digitization_residual_le_1pct,0.7815762847389324,0.12129774975182842,0.09712596550923921,0.7815762847389324,0.7586843519147004,0.7586843519147004,raw_digitized,rt_scaled_to_preserve_absorptance_and_unit_budget,0.8514187403067662,0.07903217325264567,0.06954908644058812,0.8514187403067662,0.8438704076327801,0.8438704076327801,raw_digitized,rt_scaled_minor_digitization_residual_le_1pct
634,0.8234487365573382,0.09760657685723416,0.07894468658542778,0.8234487365573382,0.8148798586552455,0.8148798586552455,mean_of_treatment_models,mean_of_treatment_models,0.7866861168686861,0.1211734620114894,0.09214042111982454,0.7866861168686861,0.7895919335089508,0.7895919335089508,raw_digitized,rt_scaled_minor_digitization_residual_le_1pct,0.8715417252641817,0.07081255693937907,0.05764571779643919,0.8715417252641817,0.8636366585340761,0.8636366585340761,raw_digitized,rt_scaled_minor_digitization_residual_le_1pct,0.7831412409058005,0.11999561877622161,0.09686314031797791,0.7831412409058005,0.7611418075950231,0.7611418075950231,raw_digitized,rt_scaled_to_preserve_absorptance_and_unit_budget,0.852425863190684,0.0784446697018465,0.06912946710746945,0.852425863190684,0.845149034982932,0.845149034982932,raw_digitized,rt_scaled_minor_digitization_residual_le_1pct
635,0.8246223153723314,0.09668257186967141,0.07869511275799712,0.8246223153723314,0.8165665461686114,0.8165665461686114,mean_of_treatment_models,mean_of_treatment_models,0.788024363507136,0.12023572774211287,0.09173990875075112,0.788024363507136,0.7915611202144923,0.7915611202144923,raw_digitized,rt_scaled_minor_digitization_residual_le_1pct,0.8723257148349193,0.07005216713935532,0.057622118025725415,0.8723257148349193,0.86441338501176,0.86441338501176,raw_digitized,rt_scaled_minor_digitization_residual_le_1pct,0.7847061970726688,0.11858377909584726,0.09671002383148397,0.7847061970726688,0.7638608670826738,0.7638608670826738,raw_digitized,rt_scaled_to_preserve_absorptance_and_unit_budget,0.8534329860746018,0.0778586135013702,0.06870840042402798,0.8534329860746018,0.8464308123655191,0.8464308123655191,raw_digitized,rt_scaled_minor_digitization_residual_le_1pct
636,0.8263897866679744,0.09539885254776502,0.07821136078426064,0.8263897866679744,0.818361373176022,0.818361373176022,mean_of_treatment_models,mean_of_treatment_models,0.7911512528662654,0.1182838519512807,0.09056489518245388,0.7911512528662654,0.7935303069200337,0.7935303069200337,raw_digitized,rt_scaled_minor_digitization_residual_le_1pct,0.8734031680066162,0.06917976781732305,0.05741706417606074,0.8734031680066162,0.8652835953170712,0.8652835953170712,raw_digitized,rt_scaled_minor_digitization_residual_le_1pct,0.7862711532395369,0.11716724999428178,0.09656159676618134,0.7862711532395369,0.7665799265703244,0.7665799265703244,raw_digitized,rt_scaled_to_preserve_absorptance_and_unit_budget,0.8547335725594789,0.07696454042817451,0.0683018870123466,0.8547335725594789,0.8480516638966586,0.8480516638966586,raw_digitized,rt_scaled_minor_digitization_residual_le_1pct
637,0.8287104760152314,0.09390127989625632,0.07738824408851229,0.8287104760152314,0.8205638787630531,0.8205638787630531,mean_of_treatment_models,mean_of_treatment_models,0.7942781422253948,0.11657600731249683,0.08914585046210832,0.7942781422253948,0.7959241475079146,0.7959241475079146,raw_digitized,rt_scaled_minor_digitization_residual_le_1pct,0.8753028241432547,0.068008319032566,0.056688856824179325,0.8753028241432547,0.8670679521963224,0.8670679521963224,raw_digitized,rt_scaled_minor_digitization_residual_le_1pct,0.7884045756829785,0.11547840919402116,0.09611701512300032,0.7884045756829785,0.7693842313791575,0.7693842313791575,raw_digitized,rt_scaled_to_preserve_absorptance_and_unit_budget,0.8568563620092975,0.07554238404594132,0.06760125394476119,0.8568563620092975,0.8498791839688178,0.8498791839688178,raw_digitized,rt_scaled_minor_digitization_residual_le_1pct
638,0.8313485971645376,0.09215648675415711,0.07649491608130529,0.8313485971645376,0.8232306589801599,0.8232306589801599,mean_of_treatment_models,mean_of_treatment_models,0.7974050315845244,0.11444926913570458,0.08814569927977109,0.7974050315845244,0.7993245423947295,0.7993245423947295,raw_digitized,rt_scaled_minor_digitization_residual_le_1pct,0.8772024802798931,0.06669712707872613,0.05610039264138075,0.8772024802798931,0.8691801358483707,0.8691801358483707,raw_digitized,rt_scaled_minor_digitization_residual_le_1pct,0.7918077253346167,0.11335772344269726,0.09483455122268597,0.7918077253346167,0.7727112536365625,0.7727112536365625,raw_digitized,rt_scaled_to_preserve_absorptance_and_unit_budget,0.8589791514591162,0.07412182735950042,0.06689902118138338,0.8589791514591162,0.8517067040409768,0.8517067040409768,raw_digitized,rt_scaled_minor_digitization_residual_le_1pct
639,0.8340967166702334,0.09028971233459229,0.07561357099517421,0.8340967166702334,0.8260361900036797,0.8260361900036797,mean_of_treatment_models,mean_of_treatment_models,0.8009719143692126,0.11190053915993124,0.08712754647085619,0.8009719143692126,0.8031169601421649,0.8031169601421649,raw_digitized,rt_scaled_minor_digitization_residual_le_1pct,0.8791021364165316,0.06538555707427211,0.05551230650919632,0.8791021364165316,0.8712923195004192,0.8712923195004192,raw_digitized,rt_scaled_minor_digitization_residual_le_1pct,0.795210874986255,0.11116982285491897,0.09361930215882604,0.795210874986255,0.7762012562589986,0.7762012562589986,raw_digitized,rt_scaled_to_preserve_absorptance_and_unit_budget,0.8611019409089349,0.07270293024924683,0.06619512884181829,0.8611019409089349,0.8535342241131358,0.8535342241131358,raw_digitized,rt_scaled_minor_digitization_residual_le_1pct
640,0.8372085635436014,0.0882493235969011,0.07454211285949752,0.8372085635436014,0.8290644499981126,0.8290644499981126,mean_of_treatment_models,mean_of_treatment_models,0.80519418544759,0.1090375484806554,0.08576826607175458,0.80519418544759,0.8070047463913512,0.8070047463913512,raw_digitized,rt_scaled_minor_digitization_residual_le_1pct,0.881351583068107,0.06392133513572894,0.05472708179616404,0.881351583068107,0.8734759726964925,0.8734759726964925,raw_digitized,rt_scaled_minor_digitization_residual_le_1pct,0.7986140246378932,0.10893769296375294,0.09244828239835386,0.7986140246378932,0.779798319091028,0.779798319091028,raw_digitized,rt_scaled_to_preserve_absorptance_and_unit_budget,0.8636744610208152,0.07110071780746714,0.0652248211717176,0.8636744610208152,0.8559787618135791,0.8559787618135791,raw_digitized,rt_scaled_minor_digitization_residual_le_1pct
641,0.8408488022098843,0.08595117128050828,0.0732000265096073,0.8408488022098843,0.8323832968896316,0.8323832968896316,mean_of_treatment_models,mean_of_treatment_models,0.8094164565259675,0.10630489576828764,0.08427864770574486,0.8094164565259675,0.8111216762469788,0.8111216762469788,raw_digitized,rt_scaled_minor_digitization_residual_le_1pct,0.884032205800876,0.062133899718565144,0.053833894480558815,0.884032205800876,0.8761992509241753,0.8761992509241753,raw_digitized,rt_scaled_minor_digitization_residual_le_1pct,0.8031451961327496,0.10617406684307408,0.09068073702417631,0.8031451961327496,0.78355048685478,0.78355048685478,raw_digitized,rt_scaled_to_preserve_absorptance_and_unit_budget,0.8668013503799445,0.06919182279210623,0.06400682682794921,0.8668013503799445,0.8586617735325924,0.8586617735325924,raw_digitized,rt_scaled_minor_digitization_residual_le_1pct
642,0.8444974629023594,0.08365276333025734,0.07184977376738336,0.8444974629023594,0.8358668668704585,0.8358668668704585,mean_of_treatment_models,mean_of_treatment_models,0.813638727604345,0.10349811576626711,0.08286315662938794,0.813638727604345,0.8154044912807837,0.8154044912807837,raw_digitized,rt_scaled_minor_digitization_residual_le_1pct,0.8867128285336451,0.06027350021507418,0.05301367125128073,0.8867128285336451,0.8790909635390998,0.8790909635390998,raw_digitized,rt_scaled_minor_digitization_residual_le_1pct,0.8077100557323733,0.10355396284264021,0.08873598142498645,0.8077100557323733,0.7876272274103449,0.7876272274103449,raw_digitized,rt_scaled_to_preserve_absorptance_and_unit_budget,0.8699282397390738,0.06728547449704787,0.06278628576387829,0.8699282397390738,0.8613447852516057,0.8613447852516057,raw_digitized,rt_scaled_minor_digitization_residual_le_1pct
643,0.8481352502663448,0.08134762972851836,0.07051712000513685,0.8481352502663448,0.8393801235996464,0.8393801235996464,mean_of_treatment_models,mean_of_treatment_models,0.8178609986827224,0.10066512267662275,0.08147387864065483,0.8178609986827224,0.8197442046104764,0.8197442046104764,raw_digitized,rt_scaled_minor_digitization_residual_le_1pct,0.889393451266414,0.058412879750599896,0.052193668982986094,0.889393451266414,0.8819826761540244,0.8819826761540244,raw_digitized,rt_scaled_minor_digitization_residual_le_1pct,0.8122314220180396,0.10095870829193576,0.0868098696900247,0.8122314220180396,0.7917039679659098,0.7917039679659098,raw_digitized,rt_scaled_to_preserve_absorptance_and_unit_budget,0.8730551290982032,0.06535380819491506,0.061591062706881784,0.8730551290982032,0.864089645668175,0.864089645668175,raw_digitized,rt_scaled_minor_digitization_residual_le_1pct
644,0.8517058174736697,0.07905178033879806,0.06924240218753229,0.8517058174736697,0.842902527617964,0.842902527617964,mean_of_treatment_models,mean_of_treatment_models,0.822167577266153,0.09777895752392647,0.08005346520992054,0.822167577266153,0.8240732674271687,0.8240732674271687,raw_digitized,rt_scaled_minor_digitization_residual_le_1pct,0.8920740739991831,0.05652453784884405,0.051401388151972795,0.8920740739991831,0.8848184114465969,0.8848184114465969,raw_digitized,rt_scaled_minor_digitization_residual_le_1pct,0.8163996001720099,0.0985545154924932,0.08504588433549695,0.8163996001720099,0.7957807085214746,0.7957807085214746,raw_digitized,rt_scaled_to_preserve_absorptance_and_unit_budget,0.8761820184573326,0.06334911048992856,0.060468871052738876,0.8761820184573326,0.866937723076616,0.866937723076616,raw_digitized,rt_scaled_minor_digitization_residual_le_1pct
645,0.8553905401157494,0.07659647315232339,0.06801298673192716,0.8553905401157494,0.8465858867964475,0.8465858867964475,mean_of_treatment_models,mean_of_treatment_models,0.8269307775886036,0.09463626717369468,0.07843295523770176,0.8269307775886036,0.8283906939753958,0.8283906939753958,raw_digitized,rt_scaled_minor_digitization_residual_le_1pct,0.8947546967319522,0.05469824823374382,0.05054705503430399,0.8947546967319522,0.8874015147724699,0.8874015147724699,raw_digitized,rt_scaled_minor_digitization_residual_le_1pct,0.82056777832598,0.09571899362476254,0.08371322804925742,0.82056777832598,0.8007976738870646,0.8007976738870646,raw_digitized,rt_scaled_to_preserve_absorptance_and_unit_budget,0.879308907816462,0.06133238357709253,0.05935870860644549,0.879308907816462,0.8697536645508601,0.8697536645508601,raw_digitized,rt_scaled_minor_digitization_residual_le_1pct
646,0.8590910914890582,0.07421909572186086,0.06668981278908105,0.8590910914890582,0.8500746444396463,0.8500746444396463,mean_of_treatment_models,mean_of_treatment_models,0.831693977911054,0.09188815967505057,0.0764178624138954,0.831693977911054,0.831849869812743,0.831849869812743,raw_digitized,rt_scaled_minor_digitization_residual_le_1pct,0.8974353194647213,0.05288564760679943,0.049679032928479236,0.8974353194647213,0.889959146179482,0.889959146179482,raw_digitized,rt_scaled_minor_digitization_residual_le_1pct,0.8247992714048655,0.09278326441015486,0.08241746418497961,0.8247992714048655,0.805919955741256,0.805919955741256,raw_digitized,rt_scaled_to_preserve_absorptance_and_unit_budget,0.8824357971755914,0.059319311195438616,0.05824489162896997,0.8824357971755914,0.8725696060251042,0.8725696060251042,raw_digitized,rt_scaled_minor_digitization_residual_le_1pct
647,0.8626993800187928,0.07190134546372094,0.0653992745174863,0.8626993800187928,0.8535479166079978,0.8535479166079978,mean_of_treatment_models,mean_of_treatment_models,0.8358964322833469,0.08947603155347614,0.07462753616317698,0.8358964322833469,0.8352471037507011,0.8352471037507011,raw_digitized,rt_scaled_minor_digitization_residual_le_1pct,0.9001159421974904,0.05107553182095256,0.048808525981557084,0.9001159421974904,0.8925167775864941,0.8925167775864941,raw_digitized,rt_scaled_minor_digitization_residual_le_1pct,0.829222459059613,0.08974367738864063,0.08103386355174637,0.829222459059613,0.8110422375954472,0.8110422375954472,raw_digitized,rt_scaled_to_preserve_absorptance_and_unit_budget,0.8855626865347208,0.057310141091814454,0.05712717237346474,0.8855626865347208,0.8753855474993485,0.8753855474993485,raw_digitized,rt_scaled_to_preserve_absorptance_and_unit_budget
648,0.8657513950084187,0.06995300834453407,0.06429559664704732,0.8657513950084187,0.856935573073539,0.856935573073539,mean_of_treatment_models,mean_of_treatment_models,0.8387555616666601,0.08779653464856071,0.07344790368477917,0.8387555616666601,0.8386443376886592,0.8386443376886592,raw_digitized,rt_scaled_minor_digitization_residual_le_1pct,0.9025229124287732,0.049421834418861325,0.04805525315236541,0.9025229124287732,0.8950415491591568,0.8950415491591568,raw_digitized,rt_scaled_minor_digitization_residual_le_1pct,0.8336456467143604,0.08686260382494825,0.07949174946069139,0.8336456467143604,0.8157939325168261,0.8157939325168261,raw_digitized,rt_scaled_to_preserve_absorptance_and_unit_budget,0.8880814592238807,0.05573106048576599,0.0561874802903533,0.8880814592238807,0.8782624729295134,0.8782624729295134,raw_digitized,rt_scaled_minor_digitization_residual_le_1pct
649,0.8687542328708157,0.06813605308653944,0.06310971404264488,0.8687542328708157,0.8596159104204522,0.8596159104204522,mean_of_treatment_models,mean_of_treatment_models,0.8416146910499732,0.08590946899736215,0.07247583995266464,0.8416146910499732,0.8417097476962955,0.8417097476962955,raw_digitized,rt_scaled_minor_digitization_residual_le_1pct,0.9048688351917721,0.047989298858543916,0.047141865949684,0.9048688351917721,0.8971536136180387,0.8971536136180387,raw_digitized,rt_scaled_minor_digitization_residual_le_1pct,0.8380688343691078,0.08419632268079823,0.07773484295009396,0.8380688343691078,0.8186497419710304,0.8186497419710304,raw_digitized,rt_scaled_to_preserve_absorptance_and_unit_budget,0.8904645708724096,0.05444912180945347,0.055086307318136934,0.8904645708724096,0.8809505383964439,0.8809505383964439,raw_digitized,rt_scaled_minor_digitization_residual_le_1pct
650,0.8712062981439038,0.06654434351475416,0.06224935834134203,0.8712062981439038,0.8622016599954572,0.8622016599954572,mean_of_treatment_models,mean_of_treatment_models,0.8444738204332864,0.0839104544446607,0.07161572512205287,0.8444738204332864,0.8446948654703248,0.8446948654703248,raw_digitized,rt_scaled_minor_digitization_residual_le_1pct,0.9072147579547709,0.04655881056349213,0.04622643148173696,0.9072147579547709,0.8992656780769205,0.8992656780769205,raw_digitized,rt_scaled_minor_digitization_residual_le_1pct,0.8402889316666196,0.08254108628120788,0.07716998205217258,0.8402889316666196,0.821207492571209,0.821207492571209,raw_digitized,rt_scaled_to_preserve_absorptance_and_unit_budget,0.8928476825209384,0.05316702276965593,0.05398529470940569,0.8928476825209384,0.8836386038633742,0.8836386038633742,raw_digitized,rt_scaled_minor_digitization_residual_le_1pct
651,0.8736033643430456,0.06494592359817579,0.061450712058778514,0.8736033643430456,0.8647101760359976,0.8647101760359976,mean_of_treatment_models,mean_of_treatment_models,0.8473329498165996,0.08191067453928941,0.07075637564411104,0.8473329498165996,0.8476799832443542,0.8476799832443542,raw_digitized,rt_scaled_minor_digitization_residual_le_1pct,0.9095584842587953,0.0451315971286816,0.04530991861252314,0.9095584842587953,0.9013777425358023,0.9013777425358023,raw_digitized,rt_scaled_minor_digitization_residual_le_1pct,0.8422912291273208,0.08099729762228769,0.07671147325039153,0.8422912291273208,0.8237652431713876,0.8237652431713876,raw_digitized,rt_scaled_to_preserve_absorptance_and_unit_budget,0.8952307941694672,0.05174412510244445,0.053025080728088377,0.8952307941694672,0.8860177351924462,0.8860177351924462,raw_digitized,rt_scaled_minor_digitization_residual_le_1pct
652,0.8756605746440507,0.06337343689973186,0.06096598845621744,0.8756605746440507,0.8668894933280621,0.8668894933280621,mean_of_treatment_models,mean_of_treatment_models,0.8501920791999127,0.07991008338438409,0.06989783741570323,0.8501920791999127,0.8506651010183836,0.8506651010183836,raw_digitized,rt_scaled_minor_digitization_residual_le_1pct,0.9110118737690733,0.043855812344938336,0.045132313885988325,0.9110118737690733,0.9027867444154418,0.9027867444154418,raw_digitized,rt_scaled_minor_digitization_residual_le_1pct,0.8442935265880221,0.07945163197347127,0.07625484143850658,0.8442935265880221,0.8263229937715663,0.8263229937715663,raw_digitized,rt_scaled_to_preserve_absorptance_and_unit_budget,0.8971448190191946,0.05027621989613378,0.0525789610846716,0.8971448190191946,0.8877831341068566,0.8877831341068566,raw_digitized,rt_scaled_minor_digitization_residual_le_1pct
653,0.8776119233315759,0.061866701615850825,0.06052137505257334,0.8776119233315759,0.8690489027192984,0.8690489027192984,mean_of_treatment_models,mean_of_treatment_models,0.8530512085832259,0.07790863133842045,0.06904016007835363,0.8530512085832259,0.853650218792413,0.853650218792413,raw_digitized,rt_scaled_minor_digitization_residual_le_1pct,0.9124652632793513,0.04257423900489134,0.04496049771575737,0.9124652632793513,0.9040090378412562,0.9040090378412562,raw_digitized,rt_scaled_minor_digitization_residual_le_1pct,0.8462958240487234,0.07796780359305362,0.07573637235822299,0.8462958240487234,0.828987821222257,0.828987821222257,raw_digitized,rt_scaled_to_preserve_absorptance_and_unit_budget,0.8986353974150028,0.04901613252703789,0.052348470057959354,0.8986353974150028,0.8895485330212671,0.8895485330212671,raw_digitized,rt_scaled_minor_digitization_residual_le_1pct
654,0.8797677519942789,0.060265737718805515,0.059966510286915534,0.8797677519942789,0.871168620350597,0.871168620350597,mean_of_treatment_models,mean_of_treatment_models,0.8559481195884711,0.07586422347800338,0.06818765693352556,0.8559481195884711,0.85657130165369,0.85657130165369,raw_digitized,rt_scaled_minor_digitization_residual_le_1pct,0.9139186527896294,0.0412970977156081,0.04478424949476254,0.9139186527896294,0.9052313312670704,0.9052313312670704,raw_digitized,rt_scaled_minor_digitization_residual_le_1pct,0.8490782597882044,0.07613838908155762,0.07478335113023797,0.8490782597882044,0.8315758040581422,0.8315758040581422,raw_digitized,rt_scaled_to_preserve_absorptance_and_unit_budget,0.900125975810811,0.047763240600052964,0.05211078358913604,0.900125975810811,0.891296044423485,0.891296044423485,raw_digitized,rt_scaled_minor_digitization_residual_le_1pct
655,0.88201532605821,0.05862717376030094,0.05935750018148908,0.88201532605821,0.8732785427914471,0.8732785427914471,mean_of_treatment_models,mean_of_treatment_models,0.8590750089476005,0.07370148357588538,0.06722350747651414,0.8590750089476005,0.8594561253663229,0.8594561253663229,raw_digitized,rt_scaled_minor_digitization_residual_le_1pct,0.9154556353832607,0.0399976209865959,0.04454674363014342,0.9154556353832607,0.9064830792890708,0.9064830792890708,raw_digitized,rt_scaled_minor_digitization_residual_le_1pct,0.8519141056953596,0.07428478918628628,0.07380110511835408,0.8519141056953596,0.8341637868940274,0.8341637868940274,raw_digitized,rt_scaled_to_preserve_absorptance_and_unit_budget,0.9016165542066191,0.0465248012924362,0.05185864450094468,0.9016165542066191,0.8930111796163672,0.8930111796163672,raw_digitized,rt_scaled_minor_digitization_residual_le_1pct
656,0.8844100192728368,0.05695767548269036,0.058632305244472896,0.8844100192728368,0.8756068193930446,0.8756068193930446,mean_of_treatment_models,mean_of_treatment_models,0.8622018983067298,0.07154049492008187,0.06625760677318837,0.8622018983067298,0.862340949078956,0.862340949078956,raw_digitized,rt_scaled_minor_digitization_residual_le_1pct,0.917355291519899,0.03868244457410466,0.04396226390599631,0.917355291519899,0.9086230634401691,0.9086230634401691,raw_digitized,rt_scaled_minor_digitization_residual_le_1pct,0.8547499516025149,0.0724342349608239,0.07281581343666121,0.8547499516025149,0.8367517697299125,0.8367517697299125,raw_digitized,rt_scaled_to_preserve_absorptance_and_unit_budget,0.9033329356622033,0.04517352747575099,0.051493536862045705,0.9033329356622033,0.894711495323141,0.894711495323141,raw_digitized,rt_scaled_minor_digitization_residual_le_1pct
657,0.8870337515051683,0.05513138811601387,0.057834860378817826,0.8870337515051683,0.8779784848839194,0.8779784848839194,mean_of_treatment_models,mean_of_treatment_models,0.8653287876658591,0.06939570557747451,0.06527550675666641,0.8653287876658591,0.8652592266212983,0.8652592266212983,raw_digitized,rt_scaled_minor_digitization_residual_le_1pct,0.9192549476565375,0.03721745637964231,0.04352759596382021,0.9192549476565375,0.9110694223033151,0.9110694223033151,raw_digitized,rt_scaled_minor_digitization_residual_le_1pct,0.8577608456164845,0.07050011188602802,0.07173904249748753,0.8577608456164845,0.8393397525657977,0.8393397525657977,raw_digitized,rt_scaled_to_preserve_absorptance_and_unit_budget,0.9057904250817922,0.04341227862091064,0.050797296297297165,0.9057904250817922,0.8962455380452663,0.8962455380452663,raw_digitized,rt_scaled_minor_digitization_residual_le_1pct
658,0.8897418728560583,0.05327237457062832,0.056985752573313384,0.8897418728560583,0.8806297946065722,0.8806297946065722,mean_of_treatment_models,mean_of_treatment_models,0.868342538184292,0.06736079059195164,0.06429667122375637,0.868342538184292,0.868546886343468,0.868546886343468,raw_digitized,rt_scaled_minor_digitization_residual_le_1pct,0.9211546037931759,0.035747752419334276,0.0430976437874898,0.9211546037931759,0.9135157811664611,0.9135157811664611,raw_digitized,rt_scaled_minor_digitization_residual_le_1pct,0.8612224349453842,0.06850580091146001,0.0702717641431558,0.8612224349453842,0.8422907674371166,0.8422907674371166,raw_digitized,rt_scaled_to_preserve_absorptance_and_unit_budget,0.9082479145013811,0.041475154359767355,0.05027693113885155,0.9082479145013811,0.8981657434792433,0.8981657434792433,raw_digitized,rt_scaled_to_preserve_absorptance_and_unit_budget
659,0.8923915048508857,0.051446050520633516,0.05616244462848078,0.8923915048508857,0.8833704373579383,0.8833704373579383,mean_of_treatment_models,mean_of_treatment_models,0.8711223312784744,0.06544258133760694,0.06343508738391866,0.8711223312784744,0.8718345460656378,0.8718345460656378,raw_digitized,rt_scaled_minor_digitization_residual_le_1pct,0.9230542599298144,0.03426270984795247,0.042683030222233145,0.9230542599298144,0.9159370949640868,0.9159370949640868,raw_digitized,rt_scaled_minor_digitization_residual_le_1pct,0.8646840242742839,0.066609316314632,0.06870665941108409,0.8646840242742839,0.8454608483357723,0.8454608483357723,raw_digitized,rt_scaled_to_preserve_absorptance_and_unit_budget,0.9107054039209701,0.03946959458234267,0.04982500149668723,0.9107054039209701,0.9002492600662564,0.9002492600662564,raw_digitized,rt_scaled_to_preserve_absorptance_and_unit_budget
660,0.8949827894548738,0.0496848027916663,0.05533240775345992,0.8949827894548738,0.8860462894464087,0.8860462894464087,mean_of_treatment_models,mean_of_treatment_models,0.8739021243726569,0.06352021597070935,0.06257765965663373,0.8739021243726569,0.8751222057878076,0.8751222057878076,raw_digitized,rt_scaled_minor_digitization_residual_le_1pct,0.9249539160664528,0.03288446369561062,0.04216162023793655,0.9249539160664528,0.9179879356142339,0.9179879356142339,raw_digitized,rt_scaled_minor_digitization_residual_le_1pct,0.8681456136031835,0.06471477439374224,0.06713961200307422,0.8681456136031835,0.848630929234428,0.848630929234428,raw_digitized,rt_scaled_to_preserve_absorptance_and_unit_budget,0.9129295037772018,0.03761975710660301,0.049450739116195165,0.9129295037772018,0.9024440871491656,0.9024440871491656,raw_digitized,rt_scaled_to_preserve_absorptance_and_unit_budget
661,0.897454087748185,0.04809835771965186,0.05444755453216311,0.897454087748185,0.8888603961241013,0.8888603961241013,mean_of_treatment_models,mean_of_treatment_models,0.8766819174668393,0.061536313545406146,0.061781768987754546,0.8766819174668393,0.8782971521400615,0.8782971521400615,raw_digitized,rt_scaled_minor_digitization_residual_le_1pct,0.9268535722030914,0.03159037837109291,0.041556049425815714,0.9268535722030914,0.919877480166814,0.919877480166814,raw_digitized,rt_scaled_minor_digitization_residual_le_1pct,0.8714517014089691,0.06289838635143115,0.06564991223959973,0.8714517014089691,0.8518010101330836,0.8518010101330836,raw_digitized,rt_scaled_to_preserve_absorptance_and_unit_budget,0.9148291599138403,0.03636835261067725,0.04880248747548246,0.9148291599138403,0.9054659420564455,0.9054659420564455,raw_digitized,rt_scaled_minor_digitization_residual_le_1pct
662,0.8998735527876717,0.046644115449820694,0.05348233176250766,0.8998735527876717,0.8913343555995967,0.8913343555995967,mean_of_treatment_models,mean_of_treatment_models,0.8794335759923794,0.059685534314749156,0.06088088969287147,0.8794335759923794,0.8807099514683125,0.8807099514683125,raw_digitized,rt_scaled_minor_digitization_residual_le_1pct,0.9287532283397298,0.03029855069632235,0.040948220963947804,0.9287532283397298,0.9217670247193942,0.9217670247193942,raw_digitized,rt_scaled_minor_digitization_residual_le_1pct,0.8745785907680985,0.06117111148812463,0.06425029774377684,0.8745785907680985,0.8549710910317393,0.8549710910317393,raw_digitized,rt_scaled_to_preserve_absorptance_and_unit_budget,0.9167288160504788,0.03542126530008664,0.04784991864943451,0.9167288160504788,0.9078893551789408,0.9078893551789408,raw_digitized,rt_scaled_minor_digitization_residual_le_1pct
663,0.9019976123415007,0.0453197392170709,0.05268264844142839,0.9019976123415007,0.8936805929676797,0.8936805929676797,mean_of_treatment_models,mean_of_treatment_models,0.8813839442456497,0.05832481770728645,0.06029123804706386,0.8813839442456497,0.8829402102367114,0.8829402102367114,raw_digitized,rt_scaled_minor_digitization_residual_le_1pct,0.930272552806008,0.02911663464458854,0.0406108125494035,0.930272552806008,0.9235212400035031,0.9235212400035031,raw_digitized,rt_scaled_minor_digitization_residual_le_1pct,0.8777054801272279,0.059364302851880046,0.06293021702089203,0.8777054801272279,0.8579481533290683,0.8579481533290683,raw_digitized,rt_scaled_to_preserve_absorptance_and_unit_budget,0.9186284721871173,0.034473201664528545,0.04689832614835416,0.9186284721871173,0.910312768301436,0.910312768301436,raw_digitized,rt_scaled_minor_digitization_residual_le_1pct
664,0.9039250234522987,0.044099908213540075,0.05197506833416121,0.9039250234522987,0.8956113012096303,0.8956113012096303,mean_of_treatment_models,mean_of_treatment_models,0.88333431249892,0.05696199840244865,0.05970368909863132,0.88333431249892,0.8851704690051102,0.8851704690051102,raw_digitized,rt_scaled_minor_digitization_residual_le_1pct,0.9314894210043152,0.028431999684326765,0.04007857931135803,0.9314894210043152,0.9242379835603002,0.9242379835603002,raw_digitized,rt_scaled_minor_digitization_residual_le_1pct,0.8808323694863573,0.05749090237360884,0.061676728140033804,0.8808323694863573,0.8607577051000281,0.8607577051000281,raw_digitized,rt_scaled_to_preserve_absorptance_and_unit_budget,0.9200439908196023,0.033514732393776024,0.04644127678662168,0.9200439908196023,0.9122790471730824,0.9122790471730824,raw_digitized,rt_scaled_minor_digitization_residual_le_1pct
665,0.905482998685475,0.04305627603269721,0.051460725281827754,0.905482998685475,0.897248443207255,0.897248443207255,mean_of_treatment_models,mean_of_treatment_models,0.8852846807521904,0.055596951455575847,0.05911836779223379,0.8852846807521904,0.8874007277735091,0.8874007277735091,raw_digitized,rt_scaled_minor_digitization_residual_le_1pct,0.9327062892026223,0.02784320327751998,0.03945050751985768,0.9327062892026223,0.9247780443869675,0.9247780443869675,raw_digitized,rt_scaled_minor_digitization_residual_le_1pct,0.882799937973414,0.05637813267223533,0.06082192935435061,0.882799937973414,0.8631174306967427,0.8631174306967427,raw_digitized,rt_scaled_to_preserve_absorptance_and_unit_budget,0.9211410868136733,0.0324068167254577,0.04645209646086896,0.9211410868136733,0.9136975699718008,0.9136975699718008,raw_digitized,rt_scaled_minor_digitization_residual_le_1pct
666,0.9068845375103092,0.04220762167732897,0.050907840812361826,0.9068845375103092,0.8983945454938199,0.8983945454938199,mean_of_treatment_models,mean_of_treatment_models,0.8872350490054608,0.05453207534705462,0.05823287564748458,0.8872350490054608,0.8886516747371264,0.8886516747371264,raw_digitized,rt_scaled_minor_digitization_residual_le_1pct,0.9339231574009295,0.02725624736334119,0.03882059523572935,0.9339231574009295,0.925318105213635,0.925318105213635,raw_digitized,rt_scaled_minor_digitization_residual_le_1pct,0.884141760827102,0.05574658965179382,0.060111649521104114,0.884141760827102,0.8644923092539991,0.8644923092539991,raw_digitized,rt_scaled_to_preserve_absorptance_and_unit_budget,0.9222381828077445,0.031295574347126244,0.046466242845129256,0.9222381828077445,0.9151160927705192,0.9151160927705192,raw_digitized,rt_scaled_minor_digitization_residual_le_1pct
667,0.9081374588449077,0.04139283067293604,0.05046971048215631,0.9081374588449077,0.8993362092986813,0.8993362092986813,mean_of_treatment_models,mean_of_treatment_models,0.8891854172587311,0.05354738110609981,0.05726720163516906,0.8891854172587311,0.8895650198729935,0.8895650198729935,raw_digitized,rt_scaled_minor_digitization_residual_le_1pct,0.9345455556382939,0.02684502289059305,0.03860942147111307,0.9345455556382939,0.9256631736007596,0.9256631736007596,raw_digitized,rt_scaled_minor_digitization_residual_le_1pct,0.88548358368079,0.054998083051998166,0.059518333267211766,0.88548358368079,0.8655820281517346,0.8655820281517346,raw_digitized,rt_scaled_to_preserve_absorptance_and_unit_budget,0.9233352788018155,0.03018083564305313,0.04648388555513133,0.9233352788018155,0.9165346155692375,0.9165346155692375,raw_digitized,rt_scaled_minor_digitization_residual_le_1pct
668,0.9090762200758384,0.040744845822221924,0.05017893410193966,0.9090762200758384,0.900174680429594,0.900174680429594,mean_of_treatment_models,mean_of_treatment_models,0.8903044913921052,0.05296484598232428,0.05673066262557049,0.8903044913921052,0.8904783650088608,0.8904783650088608,raw_digitized,rt_scaled_minor_digitization_residual_le_1pct,0.9347426075808837,0.026701792704721856,0.03855559971439446,0.9347426075808837,0.9255954712920887,0.9255954712920887,raw_digitized,rt_scaled_minor_digitization_residual_le_1pct,0.8868254065344781,0.054250325334398046,0.05892426813112389,0.8868254065344781,0.8666717470494703,0.8666717470494703,raw_digitized,rt_scaled_to_preserve_absorptance_and_unit_budget,0.9244323747958867,0.029062419267443518,0.0465052059366698,0.9244323747958867,0.9179531383679559,0.9179531383679559,raw_digitized,rt_scaled_minor_digitization_residual_le_1pct
669,0.9097219675343651,0.04021857898565723,0.05005945347997781,0.9097219675343651,0.9009222765298166,0.9009222765298166,mean_of_treatment_models,mean_of_treatment_models,0.8912000476194328,0.052557519484238764,0.056242432896328395,0.8912000476194328,0.8912619111400404,0.8912619111400404,raw_digitized,rt_scaled_minor_digitization_residual_le_1pct,0.9349396595234735,0.026583030982413467,0.03847730949411307,0.9349396595234735,0.9254813591573391,0.9254813591573391,raw_digitized,rt_scaled_minor_digitization_residual_le_1pct,0.8881672293881662,0.05350333501260789,0.05832943559922594,0.8881672293881662,0.8677614659472057,0.8677614659472057,raw_digitized,rt_scaled_to_preserve_absorptance_and_unit_budget,0.9245809336063874,0.028230430463368785,0.04718863593024383,0.9245809336063874,0.9191843698746814,0.9191843698746814,raw_digitized,rt_scaled_minor_digitization_residual_le_1pct
670,0.910253719446725,0.040044448886470005,0.04970183166680505,0.910253719446725,0.901038759879547,0.901038759879547,mean_of_treatment_models,mean_of_treatment_models,0.8920956038467605,0.05233353738747349,0.055570858765766055,0.8920956038467605,0.8916891832415835,0.8916891832415835,raw_digitized,rt_scaled_minor_digitization_residual_le_1pct,0.9351367114660633,0.02646461650463876,0.03839867202929798,0.9351367114660633,0.9253672470225894,0.9253672470225894,raw_digitized,rt_scaled_minor_digitization_residual_le_1pct,0.8895090522418542,0.05285537862423885,0.05763556913390699,0.8895090522418542,0.8686276244388665,0.8686276244388665,raw_digitized,rt_scaled_to_preserve_absorptance_and_unit_budget,0.9242735102322219,0.02852426302952892,0.04720222673824916,0.9242735102322219,0.9184709848151482,0.9184709848151482,raw_digitized,rt_scaled_minor_digitization_residual_le_1pct
671,0.9102752487654356,0.040407130972121355,0.04931762026244306,0.9102752487654356,0.900610651071102,0.900610651071102,mean_of_treatment_models,mean_of_treatment_models,0.8929911600740881,0.0520726153528587,0.05493622457305323,0.8929911600740881,0.892043702949536,0.892043702949536,raw_digitized,rt_scaled_minor_digitization_residual_le_1pct,0.9345335905305069,0.02674956432508189,0.03871684514441122,0.9345335905305069,0.9252477725308729,0.9252477725308729,raw_digitized,rt_scaled_minor_digitization_residual_le_1pct,0.8896101575990909,0.053332859944086514,0.05705698245682258,0.8896101575990909,0.8682771269386053,0.8682771269386053,raw_digitized,rt_scaled_to_preserve_absorptance_and_unit_budget,0.9239660868580565,0.0294734842664583,0.04656042887548521,0.9239660868580565,0.916874001865394,0.916874001865394,raw_digitized,rt_scaled_minor_digitization_residual_le_1pct
672,0.9097749577535549,0.041086557503902416,0.0491384847425427,0.9097749577535549,0.9000760276802957,0.9000760276802957,mean_of_treatment_models,mean_of_treatment_models,0.8919739826603758,0.05281641602156403,0.05520960131806021,0.8919739826603758,0.8922095854627163,0.8922095854627163,raw_digitized,rt_scaled_minor_digitization_residual_le_1pct,0.9338672135655733,0.02725514770134872,0.03887763873307794,0.9338672135655733,0.9247991899011986,0.9247991899011986,raw_digitized,rt_scaled_minor_digitization_residual_le_1pct,0.8896131805736979,0.05371280347529613,0.056674015951006,0.8896131805736979,0.8675783595319966,0.8675783595319966,raw_digitized,rt_scaled_to_preserve_absorptance_and_unit_budget,0.9236454542145726,0.030561862817400774,0.04579268296802666,0.9236454542145726,0.9157169758252715,0.9157169758252715,raw_digitized,rt_scaled_minor_digitization_residual_le_1pct
673,0.9090675776407038,0.041904498867203016,0.04902792349209317,0.9090675776407038,0.8993934231654883,0.8993934231654883,mean_of_treatment_models,mean_of_treatment_models,0.8909036323114494,0.053846196538580464,0.05525017114997011,0.8909036323114494,0.891879910773726,0.891879910773726,raw_digitized,rt_scaled_minor_digitization_residual_le_1pct,0.9332008366006397,0.0277626380119144,0.03903652538744592,0.9332008366006397,0.9243506072715243,0.9243506072715243,raw_digitized,rt_scaled_minor_digitization_residual_le_1pct,0.8895170017045937,0.05409816939367661,0.056384828901729696,0.8895170017045937,0.8667832248315542,0.8667832248315542,raw_digitized,rt_scaled_to_preserve_absorptance_and_unit_budget,0.9226488399461324,0.03191099152464059,0.04544016852922697,0.9226488399461324,0.9145599497851489,0.9145599497851489,raw_digitized,rt_scaled_minor_digitization_residual_le_1pct
674,0.9079901086293984,0.04290463893489416,0.04910525243570743,0.9079901086293984,0.8987108186506809,0.8987108186506809,mean_of_treatment_models,mean_of_treatment_models,0.889833281962523,0.054882805519596754,0.055283912517880264,0.889833281962523,0.8915502360847356,0.8915502360847356,raw_digitized,rt_scaled_minor_digitization_residual_le_1pct,0.9324722087278028,0.028298088299756306,0.0392297029724409,0.9324722087278028,0.9239020246418499,0.9239020246418499,raw_digitized,rt_scaled_minor_digitization_residual_le_1pct,0.8880027181495755,0.05517877487193344,0.05681850697849103,0.8880027181495755,0.8659880901311119,0.8659880901311119,raw_digitized,rt_scaled_to_preserve_absorptance_and_unit_budget,0.9216522256776923,0.03325888704829013,0.04508888727401754,0.9216522256776923,0.9134029237450263,0.9134029237450263,raw_digitized,rt_scaled_minor_digitization_residual_le_1pct
675,0.9067887440243314,0.04405738434359476,0.04915387163207395,0.9067887440243314,0.8975816079274394,0.8975816079274394,mean_of_treatment_models,mean_of_treatment_models,0.8887629316135967,0.05571423596922572,0.05552283241717762,0.8887629316135967,0.8908067488750839,0.8908067488750839,raw_digitized,rt_scaled_minor_digitization_residual_le_1pct,0.9312479984799189,0.02921405336330328,0.03953794815677783,0.9312479984799189,0.9231264750616247,0.9231264750616247,raw_digitized,rt_scaled_minor_digitization_residual_le_1pct,0.8864884345945574,0.056747868359335485,0.05676369704610711,0.8864884345945574,0.8640450041301723,0.8640450041301723,raw_digitized,rt_scaled_to_preserve_absorptance_and_unit_budget,0.9206556114092522,0.03455337968251455,0.04479100890823324,0.9206556114092522,0.9123482036428767,0.9123482036428767,raw_digitized,rt_scaled_minor_digitization_residual_le_1pct
676,0.9054070656882888,0.04536131663881751,0.049231617672893774,0.9054070656882888,0.896312896911559,0.896312896911559,mean_of_treatment_models,mean_of_treatment_models,0.8870084643288996,0.05687589402674809,0.056115641644352336,0.8870084643288996,0.890032537557919,0.890032537557919,raw_digitized,rt_scaled_minor_digitization_residual_le_1pct,0.930023788232035,0.0303964921577288,0.03957971961023618,0.930023788232035,0.9218402265694655,0.9218402265694655,raw_digitized,rt_scaled_minor_digitization_residual_le_1pct,0.8849741510395392,0.05838785763876837,0.056637991321692394,0.8849741510395392,0.8619255454450094,0.8619255454450094,raw_digitized,rt_scaled_to_preserve_absorptance_and_unit_budget,0.919621859152681,0.03578502273202481,0.04459311811529417,0.919621859152681,0.911453278073842,0.911453278073842,raw_digitized,rt_scaled_minor_digitization_residual_le_1pct
677,0.9037324656984749,0.046960724691033046,0.049306809610492136,0.9037324656984749,0.89473773279469,0.89473773279469,mean_of_treatment_models,mean_of_treatment_models,0.884869407496977,0.05885728825290823,0.056273304250114814,0.884869407496977,0.8880373673511464,0.8880373673511464,raw_digitized,rt_scaled_minor_digitization_residual_le_1pct,0.9287995779841511,0.03158028353011168,0.03962013848573718,0.9287995779841511,0.9205539780773062,0.9205539780773062,raw_digitized,rt_scaled_minor_digitization_residual_le_1pct,0.8834598674845211,0.06002404606717672,0.05651608644830218,0.8834598674845211,0.8598060867598467,0.8598060867598467,raw_digitized,rt_scaled_to_preserve_absorptance_and_unit_budget,0.9178010098282501,0.037381280913935534,0.044817709257814385,0.9178010098282501,0.9105534989904609,0.9105534989904609,raw_digitized,rt_scaled_minor_digitization_residual_le_1pct
678,0.9018561149488732,0.04870369929269976,0.04944018575842708,0.9018561149488732,0.892903030122818,0.892903030122818,mean_of_treatment_models,mean_of_treatment_models,0.8827303506650543,0.06082777494920656,0.0564418743857391,0.8827303506650543,0.8859233550390586,0.8859233550390586,raw_digitized,rt_scaled_minor_digitization_residual_le_1pct,0.9272446287857954,0.03289333643765805,0.03986203477654657,0.9272446287857954,0.9192145808104226,0.9192145808104226,raw_digitized,rt_scaled_minor_digitization_residual_le_1pct,0.8814693198408237,0.06187205765094525,0.056658622508231095,0.8814693198408237,0.8576100671730251,0.8576100671730251,raw_digitized,rt_scaled_to_preserve_absorptance_and_unit_budget,0.9159801605038193,0.03922162813298918,0.044798211363191565,0.9159801605038193,0.9088641174687658,0.9088641174687658,raw_digitized,rt_scaled_minor_digitization_residual_le_1pct
679,0.8994105714131101,0.05042442928268154,0.050164999304208396,0.8994105714131101,0.890235485295422,0.890235485295422,mean_of_treatment_models,mean_of_treatment_models,0.8802297460701329,0.06268261982471784,0.05708763410514923,0.8802297460701329,0.883243463644524,0.883243463644524,raw_digitized,rt_scaled_minor_digitization_residual_le_1pct,0.9249047519720107,0.03454608535885832,0.04054916266913095,0.9249047519720107,0.9172067270444744,0.9172067270444744,raw_digitized,rt_scaled_minor_digitization_residual_le_1pct,0.8783484764309083,0.06399871244062917,0.057652811128462524,0.8783484764309083,0.8546884117538032,0.8546884117538032,raw_digitized,rt_scaled_to_preserve_absorptance_and_unit_budget,0.9141593111793883,0.0404702995065208,0.04537038931409089,0.9141593111793883,0.905803338738886,0.905803338738886,raw_digitized,rt_scaled_minor_digitization_residual_le_1pct
680,0.8966298646047757,0.05255077215781023,0.05081936323741413,0.8966298646047757,0.8870163598127934,0.8870163598127934,mean_of_treatment_models,mean_of_treatment_models,0.8766626360338574,0.0652380028789785,0.05809936108716409,0.8766626360338574,0.8802759898650659,0.8802759898650659,raw_digitized,rt_scaled_minor_digitization_residual_le_1pct,0.922564875158226,0.03639255791106735,0.04104256693070659,0.922564875158226,0.9148151841088298,0.9148151841088298,raw_digitized,rt_scaled_minor_digitization_residual_le_1pct,0.875227633020993,0.06673182690871786,0.0580405400702891,0.875227633020993,0.850231705268272,0.850231705268272,raw_digitized,rt_scaled_to_preserve_absorptance_and_unit_budget,0.9120643142060261,0.0418407009324772,0.04609498486149673,0.9120643142060261,0.9027425600090061,0.9027425600090061,raw_digitized,rt_scaled_minor_digitization_residual_le_1pct
681,0.8937414517294231,0.05496223750471241,0.05129631076586458,0.8937414517294231,0.8832808671781532,0.8832808671781532,mean_of_treatment_models,mean_of_treatment_models,0.8730955259975818,0.06858008192988127,0.05832439207253696,0.8730955259975818,0.8756653083619668,0.8756653083619668,raw_digitized,rt_scaled_minor_digitization_residual_le_1pct,0.9202249983444414,0.03824224005153492,0.04153276160402371,0.9202249983444414,0.9124236411731852,0.9124236411731852,raw_digitized,rt_scaled_minor_digitization_residual_le_1pct,0.8721067896110777,0.06961444871130831,0.058278761677614,0.8721067896110777,0.8453527378983349,0.8453527378983349,raw_digitized,rt_scaled_to_preserve_absorptance_and_unit_budget,0.9095384929645912,0.04341217932612513,0.047049327709283655,0.9095384929645912,0.8996817812791262,0.8996817812791262,raw_digitized,rt_scaled_minor_digitization_residual_le_1pct
682,0.8902962457943632,0.057632629005266056,0.05207112520037078,0.8902962457943632,0.879489788396485,0.879489788396485,mean_of_treatment_models,mean_of_treatment_models,0.8695284159613061,0.07182806645604989,0.05864351758264399,0.8695284159613061,0.870930923026235,0.870930923026235,raw_digitized,rt_scaled_minor_digitization_residual_le_1pct,0.917233079141562,0.040368993137968955,0.042397927720469006,0.917233079141562,0.9099334574820603,0.9099334574820603,raw_digitized,rt_scaled_minor_digitization_residual_le_1pct,0.8674108163514281,0.07335165630809075,0.0592375273404811,0.8674108163514281,0.8404737705283978,0.8404737705283978,raw_digitized,rt_scaled_to_preserve_absorptance_and_unit_budget,0.9070126717231564,0.04498180011895463,0.048005528157889006,0.9070126717231564,0.8966210025492465,0.8966210025492465,raw_digitized,rt_scaled_to_preserve_absorptance_and_unit_budget
683,0.8848587410009772,0.06139875106372733,0.053742507935295454,0.8848587410009772,0.8749700923806285,0.8749700923806285,mean_of_treatment_models,mean_of_treatment_models,0.861632145996031,0.07697793355399096,0.061389920449978055,0.861632145996031,0.8653303023641363,0.8653303023641363,raw_digitized,rt_scaled_minor_digitization_residual_le_1pct,0.9135384643548976,0.04320024576203136,0.04326128988307103,0.9135384643548976,0.9062374841588001,0.9062374841588001,raw_digitized,rt_scaled_minor_digitization_residual_le_1pct,0.8610173510148702,0.07796189698094962,0.06102075200418019,0.8610173510148702,0.8354021346964793,0.8354021346964793,raw_digitized,rt_scaled_to_preserve_absorptance_and_unit_budget,0.9032470026381101,0.04745492795793737,0.04929806940395255,0.9032470026381101,0.8929104483030981,0.8929104483030981,raw_digitized,rt_scaled_to_preserve_absorptance_and_unit_budget
684,0.8781742432954253,0.0658652639481931,0.055960492756381576,0.8781742432954253,0.8698966311808047,0.8698966311808047,mean_of_treatment_models,mean_of_treatment_models,0.8498583941039787,0.08460082052015512,0.06554078537586619,0.8498583941039787,0.8591490288624557,0.8591490288624557,raw_digitized,rt_scaled_minor_digitization_residual_le_1pct,0.9098438495682332,0.04607352128337308,0.044082629148393754,0.9098438495682332,0.9024631106706449,0.9024631106706449,raw_digitized,rt_scaled_minor_digitization_residual_le_1pct,0.8546238856783123,0.08221042820043406,0.06316568612125367,0.8546238856783123,0.828972435992429,0.828972435992429,raw_digitized,rt_scaled_to_preserve_absorptance_and_unit_budget,0.8983708438311772,0.050576285788810155,0.05105287038001269,0.8983708438311772,0.8890019491976892,0.8890019491976892,raw_digitized,rt_scaled_minor_digitization_residual_le_1pct
685,0.8723008697428913,0.07007548213972917,0.05762364811737944,0.8723008697428913,0.8643856994461923,0.8643856994461923,mean_of_treatment_models,mean_of_treatment_models,0.8422146262325555,0.0904635044167306,0.06732186935071391,0.8422146262325555,0.8518255493342533,0.8518255493342533,raw_digitized,rt_scaled_minor_digitization_residual_le_1pct,0.9059121143432561,0.04907499203535209,0.04501289362139178,0.9059121143432561,0.8986887371824896,0.8986887371824896,raw_digitized,rt_scaled_minor_digitization_residual_le_1pct,0.8477693177176642,0.0869533424390224,0.06527733984331342,0.8477693177176642,0.8219350611757463,0.8219350611757463,raw_digitized,rt_scaled_to_preserve_absorptance_and_unit_budget,0.8933074206780898,0.053810089667811555,0.052882489654098676,0.8933074206780898,0.8850934500922802,0.8850934500922802,raw_digitized,rt_scaled_minor_digitization_residual_le_1pct
686,0.8661289970936932,0.07427670767184899,0.05959429523445791,0.8661289970936932,0.8586073579615654,0.8586073579615654,mean_of_treatment_models,mean_of_treatment_models,0.8371027103379473,0.09445337630308617,0.06844391335896656,0.8371027103379473,0.8438506303503941,0.8438506303503941,raw_digitized,rt_scaled_minor_digitization_residual_le_1pct,0.900559937801539,0.05263047209959159,0.04680959009886943,0.900559937801539,0.8944961641499317,0.8944961641499317,raw_digitized,rt_scaled_minor_digitization_residual_le_1pct,0.8397311271347861,0.09238774232769845,0.0678811305375154,0.8397311271347861,0.8148976863590638,0.8148976863590638,raw_digitized,rt_scaled_to_preserve_absorptance_and_unit_budget,0.8871222131005,0.057635239957019795,0.05524254694248022,0.8871222131005,0.8811849509868714,0.8811849509868714,raw_digitized,rt_scaled_minor_digitization_residual_le_1pct
687,0.8589923169914635,0.07971249956719706,0.06129518344133937,0.8589923169914635,0.8498246717430378,0.8498246717430378,mean_of_treatment_models,mean_of_treatment_models,0.8319907944433391,0.09838296589754626,0.0696262396591146,0.8319907944433391,0.8340497100738276,0.8340497100738276,raw_digitized,rt_scaled_minor_digitization_residual_le_1pct,0.8952077612598217,0.05694305204073354,0.04784918669944474,0.8952077612598217,0.887589385359562,0.887589385359562,raw_digitized,rt_scaled_minor_digitization_residual_le_1pct,0.8278337067397833,0.10090448761622114,0.07126180564399556,0.8278337067397833,0.803033864468177,0.803033864468177,raw_digitized,rt_scaled_to_preserve_absorptance_and_unit_budget,0.8809370055229101,0.06261949271428731,0.05644350176280258,0.8809370055229101,0.8746257270705846,0.8746257270705846,raw_digitized,rt_scaled_minor_digitization_residual_le_1pct
688,0.8499604991244489,0.08656824489011843,0.06347125598543264,0.8499604991244489,0.8394834143290804,0.8394834143290804,mean_of_treatment_models,mean_of_treatment_models,0.823180169286578,0.10454583516176193,0.07227399555166009,0.823180169286578,0.8240038905687643,0.8240038905687643,raw_digitized,rt_scaled_minor_digitization_residual_le_1pct,0.8879372326672672,0.0623376196415858,0.04972514769114699,0.8879372326672672,0.8805757534076688,0.8805757534076688,raw_digitized,rt_scaled_minor_digitization_residual_le_1pct,0.8153720651533586,0.10923682162135079,0.07539111322529063,0.8153720651533586,0.7898708849328933,0.7898708849328933,raw_digitized,rt_scaled_to_preserve_absorptance_and_unit_budget,0.8733525293905919,0.07015270313577521,0.05649476747363287,0.8733525293905919,0.863483128406995,0.863483128406995,raw_digitized,rt_scaled_minor_digitization_residual_le_1pct
689,0.8394762563795878,0.0944755132348191,0.06604823038559314,0.8394762563795878,0.8284040796030282,0.8284040796030282,mean_of_treatment_models,mean_of_treatment_models,0.8097951934703734,0.11476271796542292,0.07544208856420366,0.8097951934703734,0.8098072769691913,0.8098072769691913,raw_digitized,rt_scaled_minor_digitization_residual_le_1pct,0.8800562119095084,0.06818278560234263,0.051761002488148924,0.8800562119095084,0.8733490443914961,0.8733490443914961,raw_digitized,rt_scaled_minor_digitization_residual_le_1pct,0.8027308670477562,0.11748371671583961,0.07978541623640417,0.8027308670477562,0.7772731086686662,0.7772731086686662,raw_digitized,rt_scaled_to_preserve_absorptance_and_unit_budget,0.8653227530907129,0.07747283265567126,0.057204414253615804,0.8653227530907129,0.8531868883827591,0.8531868883827591,raw_digitized,rt_scaled_to_preserve_absorptance_and_unit_budget
690,0.8258925365462216,0.10363558833768975,0.07047187511608856,0.8258925365462216,0.8133707837950768,0.8133707837950768,mean_of_treatment_models,mean_of_treatment_models,0.796410217654171,0.12338165733582154,0.0802081250100075,0.796410217654171,0.7920834714488096,0.7920834714488096,raw_digitized,rt_scaled_minor_digitization_residual_le_1pct,0.8686651019625098,0.07601642050028302,0.055318477537207186,0.8686651019625098,0.8625200434982385,0.8625200434982385,raw_digitized,rt_scaled_minor_digitization_residual_le_1pct,0.7842400909116649,0.13061527582435778,0.08514463326397732,0.7842400909116649,0.7586364821751732,0.7586364821751732,raw_digitized,rt_scaled_to_preserve_absorptance_and_unit_budget,0.8542547356565411,0.08452899969029669,0.061216264653162225,0.8542547356565411,0.8402431380580857,0.8402431380580857,raw_digitized,rt_scaled_to_preserve_absorptance_and_unit_budget
691,0.8117775739432392,0.11290436149809871,0.07531806455866198,0.8117775739432392,0.796832457250687,0.796832457250687,mean_of_treatment_models,mean_of_treatment_models,0.7806116485288188,0.13357828947765715,0.08581006199352403,0.7806116485288188,0.7740202807240271,0.7740202807240271,raw_digitized,rt_scaled_minor_digitization_residual_le_1pct,0.8567010424712768,0.08377793881349013,0.059521018715233125,0.8567010424712768,0.8506427245700662,0.8506427245700662,raw_digitized,rt_scaled_minor_digitization_residual_le_1pct,0.7671427784270822,0.14330964393796392,0.0895475776349539,0.7671427784270822,0.7373819722781084,0.7373819722781084,raw_digitized,rt_scaled_to_preserve_absorptance_and_unit_budget,0.8426548263457795,0.09095157376328365,0.06639359989093688,0.8426548263457795,0.8252848514305464,0.8252848514305464,raw_digitized,rt_scaled_to_preserve_absorptance_and_unit_budget
692,0.7948647269414778,0.12336436925984173,0.08177090379868049,0.7948647269414778,0.7800157691249705,0.7800157691249705,mean_of_treatment_models,mean_of_treatment_models,0.7630955259975822,0.14527625988172488,0.09162821412069287,0.7630955259975822,0.7536215357412557,0.7536215357412557,raw_digitized,rt_scaled_minor_digitization_residual_le_1pct,0.8451011331605149,0.09161432228834265,0.06328454455114241,0.8451011331605149,0.8380433062434163,0.8380433062434163,raw_digitized,rt_scaled_minor_digitization_residual_le_1pct,0.7444176072599918,0.15648177136481123,0.09910062137519693,0.7444176072599918,0.718545270721882,0.718545270721882,raw_digitized,rt_scaled_to_preserve_absorptance_and_unit_budget,0.8268446413478221,0.10008512350448817,0.07307023514768976,0.8268446413478221,0.809852963793328,0.809852963793328,raw_digitized,rt_scaled_to_preserve_absorptance_and_unit_budget
693,0.7761646211879176,0.13485267949731522,0.08898269931476718,0.7761646211879176,0.7605826928548003,0.7605826928548003,mean_of_treatment_models,mean_of_treatment_models,0.7452478839177765,0.15583426838074932,0.09891784770147415,0.7452478839177765,0.7327975508427605,0.7327975508427605,raw_digitized,rt_scaled_to_preserve_absorptance_and_unit_budget,0.8284669676834905,0.10178857472947912,0.06974445758703039,0.8284669676834905,0.8232412718711344,0.8232412718711344,raw_digitized,rt_scaled_minor_digitization_residual_le_1pct,0.7211409201570719,0.17079067953262614,0.10806840031030203,0.7211409201570719,0.6945385907478461,0.6945385907478461,raw_digitized,rt_scaled_to_preserve_absorptance_and_unit_budget,0.8098027129933315,0.1109971953464063,0.07920009166026218,0.8098027129933315,0.7917533579574605,0.7917533579574605,raw_digitized,rt_scaled_to_preserve_absorptance_and_unit_budget
694,0.7538678062809121,0.14784183906628034,0.09829035465280747,0.7538678062809121,0.7414995628831191,0.7414995628831191,mean_of_treatment_models,mean_of_treatment_models,0.7172611850060463,0.17210997252212873,0.11062884247182496,0.7172611850060463,0.713215314676469,0.713215314676469,raw_digitized,rt_scaled_minor_digitization_residual_le_1pct,0.8108741468606212,0.11289259212554939,0.07623326101382942,0.8108741468606212,0.8063617006780952,0.8063617006780952,raw_digitized,rt_scaled_minor_digitization_residual_le_1pct,0.6980450588351071,0.18337876183556,0.11857617932933286,0.6980450588351071,0.670265208006817,0.670265208006817,raw_digitized,rt_scaled_to_preserve_absorptance_and_unit_budget,0.7892908344218741,0.12298602978188328,0.08772313579624264,0.7892908344218741,0.7761560281710954,0.7761560281710954,raw_digitized,rt_scaled_to_preserve_absorptance_and_unit_budget
695,0.7329337117612243,0.15989468146231697,0.10717160677645873,0.7329337117612243,0.7219574506784829,0.7219574506784829,mean_of_treatment_models,mean_of_treatment_models,0.68657799274486,0.18853469880841017,0.12488730844672986,0.68657799274486,0.6964505252281321,0.6964505252281321,raw_digitized,rt_scaled_minor_digitization_residual_le_1pct,0.7975594872199275,0.12141963732803483,0.08102087545203762,0.7975594872199275,0.7886051240767348,0.7886051240767348,raw_digitized,rt_scaled_minor_digitization_residual_le_1pct,0.6778465501692467,0.19431177575689954,0.1278416740738538,0.6778465501692467,0.6447888850142313,0.6447888850142313,raw_digitized,rt_scaled_to_preserve_absorptance_and_unit_budget,0.769750816910863,0.13531261395592337,0.09493656913321366,0.769750816910863,0.7579852683948334,0.7579852683948334,raw_digitized,rt_scaled_to_preserve_absorptance_and_unit_budget
696,0.7065954380381197,0.17729985722109334,0.11610470474078693,0.7065954380381197,0.6973717655554063,0.6973717655554063,mean_of_treatment_models,mean_of_treatment_models,0.6550906892382096,0.21227149960621877,0.1326378111555716,0.6550906892382096,0.6625676354997554,0.6625676354997554,raw_digitized,rt_scaled_minor_digitization_residual_le_1pct,0.7755918761854317,0.13525358265301127,0.08915454116155708,0.7755918761854317,0.7703773478087511,0.7703773478087511,raw_digitized,rt_scaled_minor_digitization_residual_le_1pct,0.6480439837750165,0.2116057284297733,0.1403502877952102,0.6480439837750165,0.6190846323072577,0.6190846323072577,raw_digitized,rt_scaled_to_preserve_absorptance_and_unit_budget,0.7476552029538212,0.15006861819537,0.10227617885080885,0.7476552029538212,0.7374574466058608,0.7374574466058608,raw_digitized,rt_scaled_to_preserve_absorptance_and_unit_budget
697,0.6852873256060438,0.18961320863390385,0.1250994657600524,0.6852873256060438,0.6749288856646745,0.6749288856646745,mean_of_treatment_models,mean_of_treatment_models,0.6340407093913751,0.22480907177984716,0.14115021882877773,0.6340407093913751,0.6379757746052451,0.6379757746052451,raw_digitized,rt_scaled_minor_digitization_residual_le_1pct,0.7557621611538659,0.14679412929199165,0.0974437095541425,0.7557621611538659,0.7497131427196349,0.7497131427196349,raw_digitized,rt_scaled_minor_digitization_residual_le_1pct,0.6244671375362447,0.22613284169077313,0.14940002077298217,0.6244671375362447,0.5940213599635761,0.5940213599635761,raw_digitized,rt_scaled_to_preserve_absorptance_and_unit_budget,0.7268792943426893,0.16071679177300352,0.11240391388430723,0.7268792943426893,0.718005265370242,0.718005265370242,raw_digitized,rt_scaled_minor_digitization_residual_le_1pct
698,0.6629834219162629,0.20224599431329385,0.13477058377044332,0.6629834219162629,0.6520502178594642,0.6520502178594642,mean_of_treatment_models,mean_of_treatment_models,0.6126662636033874,0.23659294930751087,0.15074078708910174,0.6126662636033874,0.6154722409926106,0.6154722409926106,raw_digitized,rt_scaled_minor_digitization_residual_le_1pct,0.7352369193158975,0.1586182827156545,0.10614479796844796,0.7352369193158975,0.7289478516279146,0.7289478516279146,raw_digitized,rt_scaled_minor_digitization_residual_le_1pct,0.603049362445556,0.2375621466255031,0.15938849092894097,0.603049362445556,0.5706384646289071,0.5706384646289071,raw_digitized,rt_scaled_to_preserve_absorptance_and_unit_budget,0.7009811423002105,0.17621059860450689,0.12280825909528269,0.7009811423002105,0.6931423141884245,0.6931423141884245,raw_digitized,rt_scaled_minor_digitization_residual_le_1pct
699,0.6363558492915729,0.2174280280520487,0.14621612265637837,0.6363558492915729,0.6302643174755187,0.6302643174755187,mean_of_treatment_models,mean_of_treatment_models,0.5839933494558642,0.25340936438512013,0.16259728615901567,0.5839933494558642,0.5939277016425137,0.5939277016425137,raw_digitized,rt_scaled_minor_digitization_residual_le_1pct,0.7110781605755584,0.17376240761758857,0.11515943180685301,0.7110781605755584,0.709614869667212,0.709614869667212,raw_digitized,rt_scaled_minor_digitization_residual_le_1pct,0.5722071543900888,0.2534439917937961,0.17434885381611503,0.5722071543900888,0.5449418871395791,0.5449418871395791,raw_digitized,rt_scaled_to_preserve_absorptance_and_unit_budget,0.6781447327447802,0.18909634841169007,0.13275891884352978,0.6781447327447802,0.6725728114527697,0.6725728114527697,raw_digitized,rt_scaled_minor_digitization_residual_le_1pct
700,0.6172350183299432,0.22773324608227316,0.1550317355877837,0.6172350183299432,0.607534864284899,0.607534864284899,mean_of_treatment_models,mean_of_treatment_models,0.5634824667472784,0.2643240144937549,0.17219351875896666,0.5634824667472784,0.570892920657885,0.570892920657885,raw_digitized,rt_scaled_minor_digitization_residual_le_1pct,0.695370602532424,0.18380402110561767,0.12082537636195832,0.695370602532424,0.6847705934339097,0.6847705934339097,raw_digitized,rt_scaled_to_preserve_absorptance_and_unit_budget,0.5485580461675968,0.2668032199877618,0.18463873384464138,0.5485580461675968,0.5201113743810359,0.5201113743810359,raw_digitized,rt_scaled_to_preserve_absorptance_and_unit_budget,0.6615289578724733,0.19600172874195826,0.14246931338556837,0.6615289578724733,0.6543645686667654,0.6543645686667654,raw_digitized,rt_scaled_minor_digitization_residual_le_1pct
701,0.5846374502026441,0.24591550007361052,0.1694470497237453,0.5846374502026441,0.5818131125842606,0.5818131125842606,mean_of_treatment_models,mean_of_treatment_models,0.5337424425634819,0.2792067190866029,0.1870508383499152,0.5337424425634819,0.5474870263246107,0.5474870263246107,raw_digitized,rt_scaled_to_preserve_absorptance_and_unit_budget,0.6577718423395744,0.2048093669166013,0.13741879074382432,0.6577718423395744,0.661150151177502,0.661150151177502,raw_digitized,rt_scaled_minor_digitization_residual_le_1pct,0.5201433347454031,0.28210367047271084,0.19775299478188604,0.5201433347454031,0.49578958880389035,0.49578958880389035,raw_digitized,rt_scaled_to_preserve_absorptance_and_unit_budget,0.6268921811621173,0.2175422438185271,0.1555655750193556,0.6268921811621173,0.6228256840310392,0.6228256840310392,raw_digitized,rt_scaled_minor_digitization_residual_le_1pct
702,0.56956502968259,0.25320084101090506,0.1772341293065049,0.56956502968259,0.5556247846550844,0.5556247846550844,mean_of_treatment_models,mean_of_treatment_models,0.5123068833387057,0.2894739772070392,0.1982191394542551,0.5123068833387057,0.5241838456026353,0.5241838456026353,raw_digitized,rt_scaled_to_preserve_absorptance_and_unit_budget,0.6464825162876664,0.2107793861163204,0.1427380975960132,0.6464825162876664,0.6379603980682591,0.6379603980682591,raw_digitized,rt_scaled_minor_digitization_residual_le_1pct,0.5036344925446784,0.2890429866682478,0.20732252078707375,0.5036344925446784,0.4664740894114694,0.4664740894114694,raw_digitized,rt_scaled_to_preserve_absorptance_and_unit_budget,0.6158362265593096,0.22350701405201281,0.16065675938867763,0.6158362265593096,0.5938808055379735,0.5938808055379735,raw_digitized,rt_scaled_to_preserve_absorptance_and_unit_budget
703,0.5410637577051587,0.26861866444898197,0.1903175778458594,0.5410637577051587,0.531141104153921,0.531141104153921,mean_of_treatment_models,mean_of_treatment_models,0.4959981831821503,0.29881557477997656,0.2051862420378732,0.4959981831821503,0.49688886904981544,0.49688886904981544,raw_digitized,rt_scaled_minor_digitization_residual_le_1pct,0.6153548080237005,0.2279291858060987,0.1567160061702009,0.6153548080237005,0.6166833517878234,0.6166833517878234,raw_digitized,rt_scaled_minor_digitization_residual_le_1pct,0.4724181901178041,0.3052674140682962,0.22231439581389964,0.4724181901178041,0.4415094215970897,0.4415094215970897,raw_digitized,rt_scaled_to_preserve_absorptance_and_unit_budget,0.5804838494969797,0.24246248314155636,0.17705366736146388,0.5804838494969797,0.5694827741809554,0.5694827741809554,raw_digitized,rt_scaled_to_preserve_absorptance_and_unit_budget
704,0.5185749257664506,0.28166754613982803,0.19975752809372138,0.5185749257664506,0.5098304175561839,0.5098304175561839,mean_of_treatment_models,mean_of_treatment_models,0.47540394624564697,0.31147047947031314,0.21312557428403994,0.47540394624564697,0.4755892149153027,0.4755892149153027,raw_digitized,rt_scaled_minor_digitization_residual_le_1pct,0.5950075307164839,0.2392502969751927,0.1657421723083234,0.5950075307164839,0.5954394790030304,0.5954394790030304,raw_digitized,rt_scaled_minor_digitization_residual_le_1pct,0.4491243281716966,0.3177648297651464,0.23311084206315708,0.4491243281716966,0.4185138437203494,0.4185138437203494,raw_digitized,rt_scaled_to_preserve_absorptance_and_unit_budget,0.554763897931975,0.25818457834865993,0.18705152371936506,0.554763897931975,0.549779132586053,0.549779132586053,raw_digitized,rt_scaled_minor_digitization_residual_le_1pct
705,0.4941638424223093,0.29570756558422917,0.21012859199346154,0.4941638424223093,0.483938213326948,0.483938213326948,mean_of_treatment_models,mean_of_treatment_models,0.44351756459459774,0.33115864173873805,0.22532379366666425,0.44351756459459774,0.44677644356264645,0.44677644356264645,raw_digitized,rt_scaled_minor_digitization_residual_le_1pct,0.5702132258677665,0.2535442525199166,0.17624252161231693,0.5702132258677665,0.5707013717076579,0.5707013717076579,raw_digitized,rt_scaled_minor_digitization_residual_le_1pct,0.42773500847241724,0.3287917742279528,0.24347321729963003,0.42773500847241724,0.39344131105450797,0.39344131105450797,raw_digitized,rt_scaled_to_preserve_absorptance_and_unit_budget,0.535189570754456,0.2693355938503091,0.19547483539523502,0.535189570754456,0.5248337269829794,0.5248337269829794,raw_digitized,rt_scaled_to_preserve_absorptance_and_unit_budget
706,0.46792573790742564,0.30850205488316085,0.22357220720941345,0.46792573790742564,0.46097629976516685,0.46097629976516685,mean_of_treatment_models,mean_of_treatment_models,0.42517354300711885,0.3393438961397624,0.23548256085311872,0.42517354300711885,0.42412903296405335,0.42412903296405335,raw_digitized,rt_scaled_minor_digitization_residual_le_1pct,0.5451743400344281,0.26720516782513254,0.18762049214043935,0.5451743400344281,0.5466174636551068,0.5466174636551068,raw_digitized,rt_scaled_minor_digitization_residual_le_1pct,0.3936717110238461,0.3470193395720832,0.2593089494040707,0.3936717110238461,0.3684838497525518,0.3684838497525518,raw_digitized,rt_scaled_to_preserve_absorptance_and_unit_budget,0.5076833575643095,0.28043981599566536,0.2118768264400251,0.5076833575643095,0.5046748526889556,0.5046748526889556,raw_digitized,rt_scaled_minor_digitization_residual_le_1pct
707,0.4442638085823485,0.32090268247283493,0.2348335089448166,0.4442638085823485,0.43477898938284243,0.43477898938284243,mean_of_treatment_models,mean_of_treatment_models,0.3977718402332633,0.35328566754815105,0.24894249221858566,0.3977718402332633,0.40377163511576764,0.40377163511576764,raw_digitized,rt_scaled_minor_digitization_residual_le_1pct,0.5254757646406976,0.2772082897460573,0.19731594561324517,0.5254757646406976,0.5221882373850235,0.5221882373850235,raw_digitized,rt_scaled_minor_digitization_residual_le_1pct,0.37117881939529807,0.3585561564089117,0.27026502419579024,0.37117881939529807,0.34346348312328445,0.34346348312328445,raw_digitized,rt_scaled_to_preserve_absorptance_and_unit_budget,0.4826288100601351,0.29456061618821955,0.22281057375164534,0.4826288100601351,0.4696926019072942,0.4696926019072942,raw_digitized,rt_scaled_to_preserve_absorptance_and_unit_budget
708,0.4199858691945062,0.3327022434655695,0.24731188733992435,0.4199858691945062,0.4129040388535935,0.4129040388535935,mean_of_treatment_models,mean_of_treatment_models,0.37855807144330195,0.3625758948259249,0.25886603373077327,0.37855807144330195,0.38421105385907084,0.38421105385907084,raw_digitized,rt_scaled_minor_digitization_residual_le_1pct,0.5021416814613797,0.28918878976196327,0.20866952877665693,0.5021416814613797,0.49939351106181973,0.49939351106181973,raw_digitized,rt_scaled_minor_digitization_residual_le_1pct,0.34262130654512774,0.370716655509821,0.2866620379450512,0.34262130654512774,0.31902573116218513,0.31902573116218513,raw_digitized,rt_scaled_to_preserve_absorptance_and_unit_budget,0.4566224173282153,0.3083276337645687,0.23504994890721606,0.4566224173282153,0.4489858593312983,0.4489858593312983,raw_digitized,rt_scaled_minor_digitization_residual_le_1pct
709,0.39635796865963846,0.3452534047134815,0.25838862662688,0.39635796865963846,0.39028284679450964,0.39028284679450964,mean_of_treatment_models,mean_of_treatment_models,0.353196022210269,0.3789790239843656,0.2678249538053654,0.353196022210269,0.3592448973642437,0.3592448973642437,raw_digitized,rt_scaled_minor_digitization_residual_le_1pct,0.4810980475021523,0.30038900003429364,0.21851295246355407,0.4810980475021523,0.47771362387285077,0.47771362387285077,raw_digitized,rt_scaled_minor_digitization_residual_le_1pct,0.31696994693112435,0.3823231180834452,0.30070693498543033,0.31696994693112435,0.2967338082625337,0.2967338082625337,raw_digitized,rt_scaled_to_preserve_absorptance_and_unit_budget,0.43416785799500807,0.31932247675182157,0.2465096652531703,0.43416785799500807,0.4274390576784104,0.4274390576784104,raw_digitized,rt_scaled_minor_digitization_residual_le_1pct
710,0.3775673743640067,0.3554999080280369,0.26693271760795634,0.3775673743640067,0.3691268741378015,0.3691268741378015,mean_of_treatment_models,mean_of_treatment_models,0.3359635402975656,0.389172657416244,0.2748638022861904,0.3359635402975656,0.3397705241298038,0.3397705241298038,raw_digitized,rt_scaled_minor_digitization_residual_le_1pct,0.4613386823470412,0.31058718378356753,0.2280741338693914,0.4613386823470412,0.4573572882279684,0.4573572882279684,raw_digitized,rt_scaled_minor_digitization_residual_le_1pct,0.3008851075307227,0.39022587063092457,0.3088890218383527,0.3008851075307227,0.27479069957004243,0.27479069957004243,raw_digitized,rt_scaled_to_preserve_absorptance_and_unit_budget,0.4120821672806975,0.33201392028141147,0.2559039124378909,0.4120821672806975,0.4045889846233912,0.4045889846233912,raw_digitized,rt_scaled_minor_digitization_residual_le_1pct
711,0.35546459488433163,0.3685267289351129,0.27600867618055547,0.35546459488433163,0.349644752144069,0.349644752144069,mean_of_treatment_models,mean_of_treatment_models,0.3185056546812632,0.4000406178477637,0.28145372747097314,0.3185056546812632,0.32259846730128183,0.32259846730128183,raw_digitized,rt_scaled_minor_digitization_residual_le_1pct,0.4381037743034353,0.323624873681158,0.23827135201540667,0.4381037743034353,0.4360303765414648,0.4360303765414648,raw_digitized,rt_scaled_minor_digitization_residual_le_1pct,0.2765474647454433,0.4042361877069817,0.31921634754757494,0.2765474647454433,0.2538592371970241,0.2538592371970241,raw_digitized,rt_scaled_to_preserve_absorptance_and_unit_budget,0.3887014858071848,0.3462052365045481,0.2650932776882671,0.3887014858071848,0.3860909275365052,0.3860909275365052,raw_digitized,rt_scaled_minor_digitization_residual_le_1pct
712,0.33042970387655113,0.3821888015414895,0.2873814945819595,0.33042970387655113,0.3269411991833463,0.3269411991833463,mean_of_treatment_models,mean_of_treatment_models,0.2996530959708504,0.41087128963134817,0.28947561439780156,0.2996530959708504,0.29971978255179255,0.29971978255179255,raw_digitized,rt_scaled_minor_digitization_residual_le_1pct,0.4117038859883602,0.3386246764629344,0.24967143754870538,0.4117038859883602,0.41043163347222367,0.41043163347222367,raw_digitized,rt_scaled_minor_digitization_residual_le_1pct,0.2516388296875631,0.4182296006804638,0.3301315696319732,0.2516388296875631,0.2328743887939071,0.2328743887939071,raw_digitized,rt_scaled_to_preserve_absorptance_and_unit_budget,0.35872300385943073,0.3610296393912115,0.2802473567493578,0.35872300385943073,0.3647389919154619,0.3647389919154619,raw_digitized,rt_scaled_minor_digitization_residual_le_1pct
713,0.31050240528897505,0.3931806743916937,0.29631692031933127,0.31050240528897505,0.3043564196319303,0.3043564196319303,mean_of_treatment_models,mean_of_treatment_models,0.27835487497624173,0.4229973863414893,0.298647738682269,0.27835487497624173,0.2778102289449612,0.2778102289449612,raw_digitized,rt_scaled_minor_digitization_residual_le_1pct,0.39419790070084537,0.3478727935972752,0.2579293057018794,0.39419790070084537,0.38791714295554813,0.38791714295554813,raw_digitized,rt_scaled_minor_digitization_residual_le_1pct,0.22978099378857744,0.42971567065014316,0.3405033355612793,0.22978099378857744,0.21239970107061135,0.21239970107061135,raw_digitized,rt_scaled_to_preserve_absorptance_and_unit_budget,0.33967585169023556,0.37213684697786703,0.28818730133189735,0.33967585169023556,0.3392986055566005,0.3392986055566005,raw_digitized,rt_scaled_minor_digitization_residual_le_1pct
714,0.2867364409590915,0.4061524627851161,0.3071110962557924,0.2867364409590915,0.2829085509797807,0.2829085509797807,mean_of_treatment_models,mean_of_treatment_models,0.24920439150250834,0.43936103189841413,0.3114345765990775,0.24920439150250834,0.25825058094312736,0.25825058094312736,raw_digitized,rt_scaled_minor_digitization_residual_le_1pct,0.3712889970464477,0.36022503036022724,0.2684859725933251,0.3712889970464477,0.36707698039541103,0.36707698039541103,raw_digitized,rt_scaled_minor_digitization_residual_le_1pct,0.2082872298813223,0.4399597040113775,0.35175306610730017,0.2082872298813223,0.19104192977935275,0.19104192977935275,raw_digitized,rt_scaled_to_preserve_absorptance_and_unit_budget,0.3181651454060877,0.38506408487044536,0.2967707697234669,0.3181651454060877,0.3152647128012316,0.3152647128012316,raw_digitized,rt_scaled_minor_digitization_residual_le_1pct
715,0.2675038233720085,0.4154282946493292,0.3170678819786623,0.2675038233720085,0.2615859401172761,0.2615859401172761,mean_of_treatment_models,mean_of_treatment_models,0.23113972208854233,0.4486264262242072,0.3202338516872505,0.23113972208854233,0.24183201582956548,0.24183201582956548,raw_digitized,rt_scaled_to_preserve_absorptance_and_unit_budget,0.35089741399182284,0.37097016327293253,0.2781324227352447,0.35089741399182284,0.34779912745977026,0.34779912745977026,raw_digitized,rt_scaled_minor_digitization_residual_le_1pct,0.192125483945544,0.44722230642119093,0.36065220963326505,0.192125483945544,0.16989842158713087,0.16989842158713087,raw_digitized,rt_scaled_to_preserve_absorptance_and_unit_budget,0.29585267346212496,0.39489428267898613,0.3092530438588889,0.29585267346212496,0.28681419559263777,0.28681419559263777,raw_digitized,rt_scaled_minor_digitization_residual_le_1pct
716,0.24636550059477313,0.4259175697389746,0.32771692966625227,0.24636550059477313,0.24045068399351066,0.24045068399351066,mean_of_treatment_models,mean_of_treatment_models,0.21639712267124078,0.45664244294103434,0.3269604343877249,0.21639712267124078,0.2252220305819992,0.2252220305819992,raw_digitized,rt_scaled_minor_digitization_residual_le_1pct,0.328886817404245,0.38410815152074335,0.28700503107501163,0.328886817404245,0.3259311773540441,0.3259311773540441,raw_digitized,rt_scaled_minor_digitization_residual_le_1pct,0.16679738588523568,0.45956647528323585,0.3736361388315285,0.16679738588523568,0.14912396964849228,0.14912396964849228,raw_digitized,rt_scaled_to_preserve_absorptance_and_unit_budget,0.2733806764183711,0.40335320921088486,0.3232661143707441,0.2733806764183711,0.2615255583895071,0.2615255583895071,raw_digitized,rt_scaled_to_preserve_absorptance_and_unit_budget
717,0.22742277470986844,0.43539844421581,0.33717878107432153,0.22742277470986844,0.22192937797210227,0.22192937797210227,mean_of_treatment_models,mean_of_treatment_models,0.20054079398074184,0.46535156397983346,0.3341076420394247,0.20054079398074184,0.2085128758067355,0.2085128758067355,raw_digitized,rt_scaled_minor_digitization_residual_le_1pct,0.3099536308722209,0.39487587278556124,0.29517049634221787,0.3099536308722209,0.3035061255077893,0.3035061255077893,raw_digitized,rt_scaled_minor_digitization_residual_le_1pct,0.14775969946846862,0.46931003040419933,0.38293027012733205,0.14775969946846862,0.13048472482062123,0.13048472482062123,raw_digitized,rt_scaled_to_preserve_absorptance_and_unit_budget,0.2514369745180425,0.412056309693646,0.33650671578831154,0.2514369745180425,0.24521378575326302,0.24521378575326302,raw_digitized,rt_scaled_minor_digitization_residual_le_1pct
718,0.20764636668686776,0.4463376803189373,0.34601595299419513,0.20764636668686776,0.202382701690183,0.202382701690183,mean_of_treatment_models,mean_of_treatment_models,0.18341863547576995,0.4762322673121132,0.3403490972121169,0.18341863547576995,0.18839795642900659,0.18839795642900659,raw_digitized,rt_scaled_minor_digitization_residual_le_1pct,0.28523682037955816,0.40749644224607073,0.3072667373743712,0.28523682037955816,0.2837029611955839,0.2837029611955839,raw_digitized,rt_scaled_minor_digitization_residual_le_1pct,0.13127225104776113,0.4776338098981779,0.39109393905406115,0.13127225104776113,0.11447003319890281,0.11447003319890281,raw_digitized,rt_scaled_to_preserve_absorptance_and_unit_budget,0.23065775984438164,0.42398820181938723,0.34535403833623113,0.23065775984438164,0.22295985593723866,0.22295985593723866,raw_digitized,rt_scaled_minor_digitization_residual_le_1pct
719,0.18771121118325315,0.45682260783329776,0.3554661809834491,0.18771121118325315,0.18340072739323895,0.18340072739323895,mean_of_treatment_models,mean_of_treatment_models,0.1655094217726967,0.48743252560991024,0.3470580526173932,0.1655094217726967,0.17151699946448629,0.17151699946448629,raw_digitized,rt_scaled_minor_digitization_residual_le_1pct,0.26362050244062135,0.4178924297753367,0.31848706778404196,0.26362050244062135,0.26364139565523237,0.26364139565523237,raw_digitized,rt_scaled_minor_digitization_residual_le_1pct,0.11354200788871528,0.48524131626404315,0.4012166758472416,0.11354200788871528,0.09588121557984841,0.09588121557984841,raw_digitized,rt_scaled_to_preserve_absorptance_and_unit_budget,0.20817291263097926,0.43672415968390094,0.35510292768511975,0.20817291263097926,0.20256329887338875,0.20256329887338875,raw_digitized,rt_scaled_minor_digitization_residual_le_1pct
720,0.17092882495595282,0.4656606945210651,0.363410480522982,0.17092882495595282,0.16594284040438936,0.16594284040438936,mean_of_treatment_models,mean_of_treatment_models,0.15420702354617444,0.4943878112316682,0.35140516522215737,0.15420702354617444,0.15685875334979293,0.15685875334979293,raw_digitized,rt_scaled_minor_digitization_residual_le_1pct,0.24514322226850424,0.42714695517642615,0.3277098225550696,0.24514322226850424,0.24513540063908634,0.24513540063908634,raw_digitized,rt_scaled_minor_digitization_residual_le_1pct,0.09461930740517563,0.49434763589688147,0.41103305669794277,0.09461930740517563,0.07857103457824777,0.07857103457824777,raw_digitized,rt_scaled_to_preserve_absorptance_and_unit_budget,0.18974574660395696,0.4467603757792848,0.3634938776167583,0.18974574660395696,0.1832061730504304,0.1832061730504304,raw_digitized,rt_scaled_minor_digitization_residual_le_1pct
721,0.15272057456906568,0.4751004359141796,0.37217898951675477,0.15272057456906568,0.14873299535794093,0.14873299535794093,mean_of_treatment_models,mean_of_treatment_models,0.13833681464076736,0.5026207211532743,0.35904246420595837,0.13833681464076736,0.14180368271586175,0.14180368271586175,raw_digitized,rt_scaled_minor_digitization_residual_le_1pct,0.22785268711100637,0.43616623272711846,0.3359810801618752,0.22785268711100637,0.22660899170112025,0.22660899170112025,raw_digitized,rt_scaled_minor_digitization_residual_le_1pct,0.0746865306766201,0.50439460640786,0.42091886291551983,0.0746865306766201,0.06199725934890976,0.06199725934890976,raw_digitized,rt_scaled_to_preserve_absorptance_and_unit_budget,0.17000626584786888,0.4572201833684655,0.37277355078366564,0.17000626584786888,0.16452204766587197,0.16452204766587197,raw_digitized,rt_scaled_minor_digitization_residual_le_1pct
722,0.135168196352479,0.48461907488819367,0.3802127287593273,0.135168196352479,0.13124754243709902,0.13124754243709902,mean_of_treatment_models,mean_of_treatment_models,0.12193048776049095,0.5109535790086303,0.36711593323087877,0.12193048776049095,0.1261347305602809,0.1261347305602809,raw_digitized,rt_scaled_minor_digitization_residual_le_1pct,0.20895658846699747,0.44703479483668607,0.3440086166963164,0.20895658846699747,0.2059151650337716,0.2059151650337716,raw_digitized,rt_scaled_minor_digitization_residual_le_1pct,0.0586190836309123,0.5127484085522145,0.4286325078168734,0.0586190836309123,0.046048045030968376,0.046048045030968376,raw_digitized,rt_scaled_to_preserve_absorptance_and_unit_budget,0.15116662555151536,0.4677395171552438,0.38109385729324075,0.15116662555151536,0.14689222912337518,0.14689222912337518,raw_digitized,rt_scaled_minor_digitization_residual_le_1pct
723,0.11840156342045703,0.4940929736532771,0.38750546292626586,0.11840156342045703,0.1138151998470221,0.1138151998470221,mean_of_treatment_models,mean_of_treatment_models,0.10586791218612611,0.5208987561294296,0.37323333168444417,0.10586791218612611,0.1087774568295623,0.1087774568295623,raw_digitized,rt_scaled_minor_digitization_residual_le_1pct,0.18932387988175,0.4571724278644138,0.35350369225383615,0.18932387988175,0.18786398312922237,0.18786398312922237,raw_digitized,rt_scaled_minor_digitization_residual_le_1pct,0.04671422712278867,0.5189891362735265,0.4342966366036848,0.04671422712278867,0.030317567751075858,0.030317567751075858,raw_digitized,rt_scaled_to_preserve_absorptance_and_unit_budget,0.13170023449116336,0.4793115743457384,0.38898819116309835,0.13170023449116336,0.12830179167822786,0.12830179167822786,raw_digitized,rt_scaled_minor_digitization_residual_le_1pct
724,0.10296675423397225,0.502855917372903,0.39417732839312475,0.10296675423397225,0.09851296396639295,0.09851296396639295,mean_of_treatment_models,mean_of_treatment_models,0.09164294120263813,0.5298791364213412,0.37847792237602057,0.09164294120263813,0.0958219178316051,0.0958219178316051,raw_digitized,rt_scaled_minor_digitization_residual_le_1pct,0.1721413107510055,0.46665231625994713,0.3612063729890474,0.1721413107510055,0.17175179478740266,0.17175179478740266,raw_digitized,rt_scaled_minor_digitization_residual_le_1pct,0.03276918628398586,0.5265263318960636,0.4407044818199506,0.03276918628398586,0.014932318888117635,0.014932318888117635,raw_digitized,rt_scaled_to_preserve_absorptance_and_unit_budget,0.11531357869825948,0.48836588491426,0.39632053638748044,0.11531357869825948,0.1115458243584464,0.1115458243584464,raw_digitized,rt_scaled_minor_digitization_residual_le_1pct
725,0.0884740125018549,0.511037277821352,0.40048870967679306,0.0884740125018549,0.08378512921191594,0.08378512921191594,mean_of_treatment_models,mean_of_treatment_models,0.07915049863915515,0.5375735850966121,0.3832759162642328,0.07915049863915515,0.08352637687698472,0.08352637687698472,raw_digitized,rt_scaled_minor_digitization_residual_le_1pct,0.1572437776263486,0.475476823391064,0.36727939898258744,0.1572437776263486,0.15458938137538425,0.15458938137538425,raw_digitized,rt_scaled_minor_digitization_residual_le_1pct,0.01700663335665468,0.534763517468212,0.4482298491751332,0.01700663335665468,0.001742522063981733,0.001742522063981733,raw_digitized,rt_scaled_to_preserve_absorptance_and_unit_budget,0.10049514038526117,0.4963351853295199,0.4031696742852189,0.10049514038526117,0.09528223653131307,0.09528223653131307,raw_digitized,rt_scaled_minor_digitization_residual_le_1pct
726,0.07390345724496131,0.5190396367624798,0.40705690599255895,0.09853794299328174,0.06993145294982192,0.0727078787674926,mean_of_treatment_models,mean_of_treatment_models,0.06719995207725796,0.5444043656190083,0.38839568230373384,0.06719995207725796,0.07258784112374017,0.07258784112374017,raw_digitized,rt_scaled_minor_digitization_residual_le_1pct,0.14168622500906633,0.4842865260712073,0.3740272489197263,0.14168622500906633,0.13929580172881562,0.13929580172881562,raw_digitized,rt_scaled_minor_digitization_residual_le_1pct,0.0,0.5435210099976499,0.4564789900023502,,-0.01110570327068272,0.0,implied_from_reflectance_transmittance_clamped_zero_budget_excess,rt_scaled_to_preserve_absorptance_and_unit_budget,0.08672765189352094,0.5039466453620535,0.40932570274442553,0.08672765189352094,0.07894787221741462,0.07894787221741462,raw_digitized,rt_scaled_minor_digitization_residual_le_1pct
727,0.0635059514601946,0.5248315380904577,0.41166251044934765,0.08467460194692612,0.056364142206183854,0.06217268686956273,mean_of_treatment_models,mean_of_treatment_models,0.05560004276649637,0.5509683569858613,0.3934316002476423,0.05560004276649637,0.061849151306583305,0.061849151306583305,raw_digitized,rt_scaled_minor_digitization_residual_le_1pct,0.12499357660022234,0.4936845675892501,0.38132185581052747,0.12499357660022234,0.1242500635581244,0.1242500635581244,raw_digitized,rt_scaled_minor_digitization_residual_le_1pct,0.0,0.5433520345482404,0.45664796545175973,,-0.023234178653515514,0.0,implied_from_reflectance_transmittance_clamped_zero_budget_excess,rt_scaled_to_preserve_absorptance_and_unit_budget,0.07343018647405967,0.5113211932384791,0.41524862028746123,0.07343018647405967,0.06259153261354322,0.06259153261354322,raw_digitized,rt_scaled_to_preserve_absorptance_and_unit_budget
728,0.05499210064121826,0.5293651607068869,0.4156427386518948,0.07332280085495768,0.04403270407581242,0.05285925417834961,mean_of_treatment_models,mean_of_treatment_models,0.047434283160716954,0.5556700453543617,0.3968956714849213,0.047434283160716954,0.05077382043195877,0.05077382043195877,raw_digitized,rt_scaled_minor_digitization_residual_le_1pct,0.115079563433488,0.4991596973150046,0.38576073925150745,0.115079563433488,0.11134263994787863,0.11134263994787863,raw_digitized,rt_scaled_minor_digitization_residual_le_1pct,0.0,0.5432135552774515,0.4567864447225486,,-0.03530620041014876,0.0,implied_from_reflectance_transmittance_clamped_zero_budget_excess,rt_scaled_to_preserve_absorptance_and_unit_budget,0.057454555970668064,0.5194173448807298,0.42312809914860217,0.057454555970668064,0.04932055633356103,0.04932055633356103,raw_digitized,rt_scaled_minor_digitization_residual_le_1pct
729,0.045602753775685165,0.5345688572830486,0.4198283889412663,0.06080367170091355,0.03193088801523375,0.04363084153892066,mean_of_treatment_models,mean_of_treatment_models,0.040743306739919063,0.5597400362310678,0.3995166570290131,0.040743306739919063,0.03951291790101863,0.03951291790101863,raw_digitized,rt_scaled_minor_digitization_residual_le_1pct,0.10058004209921814,0.5072361854696916,0.39218377243109015,0.10058004209921814,0.09846124302166981,0.09846124302166981,raw_digitized,rt_scaled_minor_digitization_residual_le_1pct,0.0,0.5432516725465562,0.4567483274534438,,-0.04679981409474765,0.0,implied_from_reflectance_transmittance_clamped_zero_budget_excess,rt_scaled_to_preserve_absorptance_and_unit_budget,0.04108766626360346,0.5280475348848787,0.4308647988515179,0.04108766626360346,0.03654920523299421,0.03654920523299421,raw_digitized,rt_scaled_minor_digitization_residual_le_1pct
730,0.03723930698559895,0.5396706688812914,0.42309002413310953,0.04965240931413193,0.019800662426750076,0.03427189377583492,mean_of_treatment_models,mean_of_treatment_models,0.03263855890048666,0.5652691843024519,0.40209225679706156,0.03263855890048666,0.02934454391521213,0.02934454391521213,raw_digitized,rt_scaled_minor_digitization_residual_le_1pct,0.08522435223417035,0.5160748521582279,0.3987007956076017,0.08522435223417035,0.08534151267327839,0.08534151267327839,raw_digitized,rt_scaled_minor_digitization_residual_le_1pct,0.0,0.5434987529629415,0.45650124703705847,,-0.05788492539633938,0.0,implied_from_reflectance_transmittance_clamped_zero_budget_excess,rt_scaled_to_preserve_absorptance_and_unit_budget,0.03109431680773877,0.5338398861015446,0.4350657970907166,0.03109431680773877,0.022401518514849172,0.022401518514849172,raw_digitized,rt_scaled_minor_digitization_residual_le_1pct
731,0.026093987094521216,0.5463343229031536,0.42757169000232503,0.04785654607963698,0.007827648206700871,0.02507015738118365,mean_of_treatment_models,mean_of_treatment_models,0.024162515974247394,0.570959872361946,0.40487761166380665,0.024162515974247394,0.019303116562488287,0.019303116562488287,raw_digitized,rt_scaled_minor_digitization_residual_le_1pct,0.07155057618502655,0.5239247061757337,0.40452471763923964,0.07155057618502655,0.0723146567434354,0.0723146567434354,raw_digitized,rt_scaled_minor_digitization_residual_le_1pct,0.0,0.5437407089814073,0.45625929101859275,,-0.06897003669793111,0.0,implied_from_reflectance_transmittance_clamped_zero_budget_excess,rt_scaled_to_preserve_absorptance_and_unit_budget,0.00866285621881091,0.5467120040935278,0.4446251396876612,,0.00866285621881091,0.00866285621881091,implied_from_reflectance_transmittance,rt_scaled_minor_digitization_residual_le_1pct
732,0.018467717048036156,0.550746522805322,0.4307857601466418,0.03693543409607231,-0.004000948045731645,0.016990704847223592,mean_of_treatment_models,mean_of_treatment_models,0.01581803647520474,0.5765419697927727,0.40763999373202253,0.01581803647520474,0.009332772331406058,0.009332772331406058,raw_digitized,rt_scaled_minor_digitization_residual_le_1pct,0.05805283171693988,0.5308320922783183,0.41111507600474195,0.05805283171693988,0.05863004705748831,0.05863004705748831,raw_digitized,rt_scaled_minor_digitization_residual_le_1pct,0.0,0.544032592150561,0.45596740784943895,,-0.07981736092956737,0.0,implied_from_reflectance_transmittance_clamped_zero_budget_excess,rt_scaled_to_preserve_absorptance_and_unit_budget,0.0,0.5515794369996362,0.4484205630003639,,-0.004149250642253577,0.0,implied_from_reflectance_transmittance,rt_scaled_minor_digitization_residual_le_1pct
733,0.012208459765485532,0.5546990218264343,0.4330925184080803,0.04883383906194213,-0.015164627740481107,0.011165192275278735,mean_of_treatment_models,mean_of_treatment_models,0.0,0.5867189634278501,0.41328103657214993,,-0.0002729169681299215,0.0,implied_from_reflectance_transmittance,rt_scaled_minor_digitization_residual_le_1pct,0.04883383906194213,0.5351721018779235,0.41599405906013437,0.04883383906194213,0.04466076910111494,0.04466076910111494,raw_digitized,rt_scaled_minor_digitization_residual_le_1pct,0.0,0.5447403237045421,0.4552596762954578,,-0.08976214190932508,0.0,implied_from_reflectance_transmittance_clamped_zero_budget_excess,rt_scaled_to_preserve_absorptance_and_unit_budget,0.0,0.5521646982954211,0.4478353017045789,,-0.015284221185584368,0.0,implied_from_reflectance_transmittance_clamped_zero_budget_excess,rt_scaled_to_preserve_absorptance_and_unit_budget
734,0.010213111495189466,0.5562054269421854,0.43358146156262506,0.040852445980757865,-0.02486217971831725,0.008213391474307913,mean_of_treatment_models,mean_of_treatment_models,0.0,0.5874573110744372,0.41254268892556273,,-0.007297651359411406,0.0,implied_from_reflectance_transmittance,rt_scaled_minor_digitization_residual_le_1pct,0.040852445980757865,0.5392002839224286,0.41994727009681354,0.040852445980757865,0.03285356589723165,0.03285356589723165,raw_digitized,rt_scaled_minor_digitization_residual_le_1pct,0.0,0.5451692060820348,0.45483079391796516,,-0.09906365971705244,0.0,implied_from_reflectance_transmittance_clamped_zero_budget_excess,rt_scaled_to_preserve_absorptance_and_unit_budget,0.0,0.5529949066898413,0.44700509331015875,,-0.025940973694036806,0.0,implied_from_reflectance_transmittance_clamped_zero_budget_excess,rt_scaled_to_preserve_absorptance_and_unit_budget
735,0.007870967450449485,0.5579004586434084,0.43422857390614206,0.03148386980179794,-0.032933117234727693,0.006020473588470299,mean_of_treatment_models,mean_of_treatment_models,0.0,0.5879961471632257,0.41200385283677426,,-0.013856381256419636,0.0,implied_from_reflectance_transmittance_clamped_zero_budget_excess,rt_scaled_to_preserve_absorptance_and_unit_budget,0.03148386980179794,0.545472070329255,0.4230440598689471,0.03148386980179794,0.024081894353881195,0.024081894353881195,raw_digitized,rt_scaled_minor_digitization_residual_le_1pct,0.0,0.5449909068481791,0.4550090931518209,,-0.10690366730373757,0.0,implied_from_reflectance_transmittance_clamped_zero_budget_excess,rt_scaled_to_preserve_absorptance_and_unit_budget,0.0,0.553142710232974,0.44685728976702593,,-0.03505431473263476,0.0,implied_from_reflectance_transmittance_clamped_zero_budget_excess,rt_scaled_to_preserve_absorptance_and_unit_budget
736,0.005567480072632287,0.5596609437875985,0.4347715761397692,0.022269920290529148,-0.040895625186026574,0.0038275557026326568,mean_of_treatment_models,mean_of_treatment_models,0.0,0.5887194541635274,0.4112805458364726,,-0.020889981818679848,0.0,implied_from_reflectance_transmittance_clamped_zero_budget_excess,rt_scaled_to_preserve_absorptance_and_unit_budget,0.022269920290529148,0.5516579774946453,0.42607210221482567,0.022269920290529148,0.015310222810530627,0.015310222810530627,raw_digitized,rt_scaled_minor_digitization_residual_le_1pct,0.0,0.5449765470937834,0.45502345290621654,,-0.11441346845482436,0.0,implied_from_reflectance_transmittance_clamped_zero_budget_excess,rt_scaled_to_preserve_absorptance_and_unit_budget,0.0,0.5532897963984379,0.446710203601562,,-0.04358927328113271,0.0,implied_from_reflectance_transmittance_clamped_zero_budget_excess,rt_scaled_to_preserve_absorptance_and_unit_budget
737,0.003560035997662441,0.5613999551933885,0.43504000880894905,0.014240143990649764,-0.048604970562175,0.0018174535645921197,mean_of_treatment_models,mean_of_treatment_models,0.0,0.5897159396379446,0.41028406036205556,,-0.02863973457205171,0.0,implied_from_reflectance_transmittance_clamped_zero_budget_excess,rt_scaled_to_preserve_absorptance_and_unit_budget,0.014240143990649764,0.556859876990529,0.42889997901882115,0.014240143990649764,0.007269814258368479,0.007269814258368479,raw_digitized,rt_scaled_minor_digitization_residual_le_1pct,0.0,0.5452954278438858,0.4547045721561142,,-0.12123803628193319,0.0,implied_from_reflectance_transmittance_clamped_zero_budget_excess,rt_scaled_to_preserve_absorptance_and_unit_budget,0.0,0.5537285763011948,0.44627142369880535,,-0.05181192565308357,0.0,implied_from_reflectance_transmittance_clamped_zero_budget_excess,rt_scaled_to_preserve_absorptance_and_unit_budget
738,0.0,0.5641045273255649,0.4358954726744351,,-0.05671909469671388,0.0,mean_of_treatment_models,mean_of_treatment_models,0.0,0.5906922036060437,0.4093077963939563,,-0.03638035130552453,0.0,implied_from_reflectance_transmittance_clamped_zero_budget_excess,rt_scaled_to_preserve_absorptance_and_unit_budget,0.0,0.5653868525150659,0.4346131474849341,,-0.000994685810352225,0.0,implied_from_reflectance_transmittance,rt_scaled_minor_digitization_residual_le_1pct,0.0,0.5461074124675462,0.4538925875324537,,-0.12929770796778883,0.0,implied_from_reflectance_transmittance_clamped_zero_budget_excess,rt_scaled_to_preserve_absorptance_and_unit_budget,0.0,0.5542316407136038,0.4457683592863962,,-0.06020363370318993,0.0,implied_from_reflectance_transmittance_clamped_zero_budget_excess,rt_scaled_to_preserve_absorptance_and_unit_budget
739,0.0,0.5647269355402882,0.4352730644597118,,-0.06468439891934286,0.0,mean_of_treatment_models,mean_of_treatment_models,0.0,0.5914102811532358,0.4085897188467643,,-0.043498181724072715,0.0,implied_from_reflectance_transmittance_clamped_zero_budget_excess,rt_scaled_to_preserve_absorptance_and_unit_budget,0.0,0.5658476523300788,0.4341523476699213,,-0.009248747981875471,0.0,implied_from_reflectance_transmittance,rt_scaled_minor_digitization_residual_le_1pct,0.0,0.5469230047086324,0.45307699529136747,,-0.13739532421812717,0.0,implied_from_reflectance_transmittance_clamped_zero_budget_excess,rt_scaled_to_preserve_absorptance_and_unit_budget,0.0,0.5547268039692057,0.4452731960307943,,-0.06859534175329607,0.0,implied_from_reflectance_transmittance_clamped_zero_budget_excess,rt_scaled_to_preserve_absorptance_and_unit_budget
740,0.0,0.5653544702638585,0.4346455297361415,,-0.07249165125465973,0.0,mean_of_treatment_models,mean_of_treatment_models,0.0,0.5921186288768782,0.4078813711231219,,-0.0506160121426209,0.0,implied_from_reflectance_transmittance_clamped_zero_budget_excess,rt_scaled_to_preserve_absorptance_and_unit_budget,0.0,0.5661768197538173,0.43382318024618266,,-0.017211609975221087,0.0,implied_from_reflectance_transmittance_clamped_zero_budget_excess,rt_scaled_to_preserve_absorptance_and_unit_budget,0.0,0.5477270659262583,0.45227293407374164,,-0.14549294046846528,0.0,implied_from_reflectance_transmittance_clamped_zero_budget_excess,rt_scaled_to_preserve_absorptance_and_unit_budget,0.0,0.5553953664984802,0.4446046335015198,,-0.07664604243233164,0.0,implied_from_reflectance_transmittance_clamped_zero_budget_excess,rt_scaled_to_preserve_absorptance_and_unit_budget
741,0.0,0.5662039283275229,0.43379607167247713,,-0.07984172815772195,0.0,mean_of_treatment_models,mean_of_treatment_models,0.0,0.5929810543046068,0.40701894569539315,,-0.05738914252880134,0.0,implied_from_reflectance_transmittance_clamped_zero_budget_excess,rt_scaled_to_preserve_absorptance_and_unit_budget,0.0,0.5667701254325332,0.4332298745674668,,-0.02468744907652831,0.0,implied_from_reflectance_transmittance_clamped_zero_budget_excess,rt_scaled_to_preserve_absorptance_and_unit_budget,0.0,0.5488362274721738,0.45116377252782625,,-0.1528521183735192,0.0,implied_from_reflectance_transmittance_clamped_zero_budget_excess,rt_scaled_to_preserve_absorptance_and_unit_budget,0.0,0.5562283061007777,0.4437716938992224,,-0.08443820265203894,0.0,implied_from_reflectance_transmittance_clamped_zero_budget_excess,rt_scaled_to_preserve_absorptance_and_unit_budget
742,0.0,0.5671456661341159,0.4328543338658841,,-0.08682112067740544,0.0,mean_of_treatment_models,mean_of_treatment_models,0.0,0.5938731908485222,0.40612680915147775,,-0.06380868521652117,0.0,implied_from_reflectance_transmittance_clamped_zero_budget_excess,rt_scaled_to_preserve_absorptance_and_unit_budget,0.0,0.5675239001755042,0.43247609982449564,,-0.03185581003895499,0.0,implied_from_reflectance_transmittance_clamped_zero_budget_excess,rt_scaled_to_preserve_absorptance_and_unit_budget,0.0,0.5501362124795838,0.4498637875204162,,-0.15938962458239936,0.0,implied_from_reflectance_transmittance_clamped_zero_budget_excess,rt_scaled_to_preserve_absorptance_and_unit_budget,0.0,0.5570493610328534,0.44295063896714665,,-0.09223036287174624,0.0,implied_from_reflectance_transmittance_clamped_zero_budget_excess,rt_scaled_to_preserve_absorptance_and_unit_budget
743,0.0,0.5680324622268662,0.43196753777313385,,-0.09369536158308694,0.0,mean_of_treatment_models,mean_of_treatment_models,0.0,0.5947546247993316,0.4052453752006685,,-0.07022822790424055,0.0,implied_from_reflectance_transmittance_clamped_zero_budget_excess,rt_scaled_to_preserve_absorptance_and_unit_budget,0.0,0.5681644441592094,0.43183555584079053,,-0.038776755439024146,0.0,implied_from_reflectance_transmittance_clamped_zero_budget_excess,rt_scaled_to_preserve_absorptance_and_unit_budget,0.0,0.5514216191144129,0.4485783808855872,,-0.16592713079127952,0.0,implied_from_reflectance_transmittance_clamped_zero_budget_excess,rt_scaled_to_preserve_absorptance_and_unit_budget,0.0,0.557789160834511,0.442210839165489,,-0.09984933219780356,0.0,implied_from_reflectance_transmittance_clamped_zero_budget_excess,rt_scaled_to_preserve_absorptance_and_unit_budget
744,0.0,0.5689163035258912,0.4310836964741088,,-0.10048322078100763,0.0,mean_of_treatment_models,mean_of_treatment_models,0.0,0.5956255476005743,0.40437445239942565,,-0.07664777059196037,0.0,implied_from_reflectance_transmittance_clamped_zero_budget_excess,rt_scaled_to_preserve_absorptance_and_unit_budget,0.0,0.5687585424437521,0.43124145755624793,,-0.04560563682192309,0.0,implied_from_reflectance_transmittance_clamped_zero_budget_excess,rt_scaled_to_preserve_absorptance_and_unit_budget,0.0,0.5526926912378359,0.447307308762164,,-0.1724646370001599,0.0,implied_from_reflectance_transmittance_clamped_zero_budget_excess,rt_scaled_to_preserve_absorptance_and_unit_budget,0.0,0.5585884328214024,0.4414115671785977,,-0.10721483870998716,0.0,implied_from_reflectance_transmittance_clamped_zero_budget_excess,rt_scaled_to_preserve_absorptance_and_unit_budget
745,0.0,0.5698947227341918,0.4301052772658083,,-0.10649781498988886,0.0,mean_of_treatment_models,mean_of_treatment_models,0.0,0.5966045743846036,0.4033954256153963,,-0.08228899607066653,0.0,implied_from_reflectance_transmittance_clamped_zero_budget_excess,rt_scaled_to_preserve_absorptance_and_unit_budget,0.0,0.5696260578680794,0.4303739421319207,,-0.0519151113323284,0.0,implied_from_reflectance_transmittance_clamped_zero_budget_excess,rt_scaled_to_preserve_absorptance_and_unit_budget,0.0,0.5537647673804957,0.44623523261950443,,-0.17818515290471693,0.0,implied_from_reflectance_transmittance_clamped_zero_budget_excess,rt_scaled_to_preserve_absorptance_and_unit_budget,0.0,0.5595834913035885,0.4404165086964116,,-0.11360199965184359,0.0,implied_from_reflectance_transmittance_clamped_zero_budget_excess,rt_scaled_to_preserve_absorptance_and_unit_budget
746,0.0,0.57082715233036,0.42917284766964015,,-0.11223341204448606,0.0,mean_of_treatment_models,mean_of_treatment_models,0.0,0.5976080673622463,0.40239193263775386,,-0.0877461245744231,0.0,implied_from_reflectance_transmittance_clamped_zero_budget_excess,rt_scaled_to_preserve_absorptance_and_unit_budget,0.0,0.5705679357431418,0.42943206425685826,,-0.058096737446315716,0.0,implied_from_reflectance_transmittance_clamped_zero_budget_excess,rt_scaled_to_preserve_absorptance_and_unit_budget,0.0,0.5548006001316178,0.4451993998683822,,-0.18370074826384997,0.0,implied_from_reflectance_transmittance_clamped_zero_budget_excess,rt_scaled_to_preserve_absorptance_and_unit_budget,0.0,0.5603320060844339,0.4396679939155662,,-0.11939003789335545,0.0,implied_from_reflectance_transmittance_clamped_zero_budget_excess,rt_scaled_to_preserve_absorptance_and_unit_budget
747,0.0,0.571723281247707,0.428276718752293,,-0.11789695312517129,0.0,mean_of_treatment_models,mean_of_treatment_models,0.0,0.5986015417269434,0.4013984582730567,,-0.09320325307817989,0.0,implied_from_reflectance_transmittance_clamped_zero_budget_excess,rt_scaled_to_preserve_absorptance_and_unit_budget,0.0,0.5715092361992101,0.4284907638007899,,-0.06430410539683029,0.0,implied_from_reflectance_transmittance_clamped_zero_budget_excess,rt_scaled_to_preserve_absorptance_and_unit_budget,0.0,0.5557095270820693,0.4442904729179305,,-0.18890237789080766,0.0,implied_from_reflectance_transmittance_clamped_zero_budget_excess,rt_scaled_to_preserve_absorptance_and_unit_budget,0.0,0.561072819982605,0.4389271800173949,,-0.1251780761348673,0.0,implied_from_reflectance_transmittance_clamped_zero_budget_excess,rt_scaled_to_preserve_absorptance_and_unit_budget
748,0.0,0.5725728857328681,0.4274271142671319,,-0.12344693150502983,0.0,mean_of_treatment_models,mean_of_treatment_models,0.0,0.599578488724853,0.40042151127514697,,-0.09864211351104513,0.0,implied_from_reflectance_transmittance_clamped_zero_budget_excess,rt_scaled_to_preserve_absorptance_and_unit_budget,0.0,0.5724396203812762,0.42756037961872384,,-0.07051147334734487,0.0,implied_from_reflectance_transmittance_clamped_zero_budget_excess,rt_scaled_to_preserve_absorptance_and_unit_budget,0.0,0.5564729371941887,0.4435270628058114,,-0.19368236087145974,0.0,implied_from_reflectance_transmittance_clamped_zero_budget_excess,rt_scaled_to_preserve_absorptance_and_unit_budget,0.0,0.5618004966311547,0.43819950336884544,,-0.1309517782902696,0.0,implied_from_reflectance_transmittance_clamped_zero_budget_excess,rt_scaled_to_preserve_absorptance_and_unit_budget
749,0.0,0.5734531240483475,0.42654687595165247,,-0.1275955919854897,0.0,mean_of_treatment_models,mean_of_treatment_models,0.0,0.6002994193330944,0.3997005806669055,,-0.10178116809365001,0.0,implied_from_reflectance_transmittance_clamped_zero_budget_excess,rt_scaled_to_preserve_absorptance_and_unit_budget,0.0,0.5737621767654901,0.42623782323451,,-0.07575166523662791,0.0,implied_from_reflectance_transmittance_clamped_zero_budget_excess,rt_scaled_to_preserve_absorptance_and_unit_budget,0.0,0.5574802143958931,0.44251978560410676,,-0.1979249907932532,0.0,implied_from_reflectance_transmittance_clamped_zero_budget_excess,rt_scaled_to_preserve_absorptance_and_unit_budget,0.0,0.5622706856989124,0.4377293143010876,,-0.13492454381842767,0.0,implied_from_reflectance_transmittance_clamped_zero_budget_excess,rt_scaled_to_preserve_absorptance_and_unit_budget
750,0.0,0.5741606987929979,0.4258393012070021,,-0.13119664574899687,0.0,mean_of_treatment_models,mean_of_treatment_models,0.0,0.6010262635462198,0.3989737364537801,,-0.10490182058078057,0.0,implied_from_reflectance_transmittance_clamped_zero_budget_excess,rt_scaled_to_preserve_absorptance_and_unit_budget,0.0,0.5743181946072241,0.42568180539277595,,-0.07898244704806423,0.0,implied_from_reflectance_transmittance_clamped_zero_budget_excess,rt_scaled_to_preserve_absorptance_and_unit_budget,0.0,0.558480381932819,0.44151961806718104,,-0.20216762071504624,0.0,implied_from_reflectance_transmittance_clamped_zero_budget_excess,rt_scaled_to_preserve_absorptance_and_unit_budget,0.0,0.5628179550857286,0.4371820449142715,,-0.13873469465209642,0.0,implied_from_reflectance_transmittance_clamped_zero_budget_excess,rt_scaled_to_preserve_absorptance_and_unit_budget
751,0.0,0.574834525356507,0.4251654746434929,,-0.13471769029688097,0.0,mean_of_treatment_models,mean_of_treatment_models,0.0,0.6017490135676541,0.39825098643234585,,-0.10802247306791113,0.0,implied_from_reflectance_transmittance_clamped_zero_budget_excess,rt_scaled_to_preserve_absorptance_and_unit_budget,0.0,0.5748708926367768,0.4251291073632231,,-0.08221322885950055,0.0,implied_from_reflectance_transmittance_clamped_zero_budget_excess,rt_scaled_to_preserve_absorptance_and_unit_budget,0.0,0.559356620809562,0.4406433791904379,,-0.206090213774347,0.0,implied_from_reflectance_transmittance_clamped_zero_budget_excess,rt_scaled_to_preserve_absorptance_and_unit_budget,0.0,0.5633615744120352,0.4366384255879649,,-0.14254484548576518,0.0,implied_from_reflectance_transmittance_clamped_zero_budget_excess,rt_scaled_to_preserve_absorptance_and_unit_budget
752,0.0,0.5755179256884531,0.42448207431154694,,-0.13823151563575242,0.0,mean_of_treatment_models,mean_of_treatment_models,0.0,0.6025522864287837,0.39744771357121633,,-0.11137959264208841,0.0,implied_from_reflectance_transmittance_clamped_zero_budget_excess,rt_scaled_to_preserve_absorptance_and_unit_budget,0.0,0.5754507926786244,0.42454920732137563,,-0.08538649479776961,0.0,implied_from_reflectance_transmittance_clamped_zero_budget_excess,rt_scaled_to_preserve_absorptance_and_unit_budget,0.0,0.560167043573351,0.43983295642664894,,-0.20980497878371773,0.0,implied_from_reflectance_transmittance_clamped_zero_budget_excess,rt_scaled_to_preserve_absorptance_and_unit_budget,0.0,0.5639015800730531,0.43609841992694687,,-0.14635499631943394,0.0,implied_from_reflectance_transmittance_clamped_zero_budget_excess,rt_scaled_to_preserve_absorptance_and_unit_budget
753,0.0,0.576390577368952,0.4236094226310479,,-0.14186667857759344,0.0,mean_of_treatment_models,mean_of_treatment_models,0.0,0.6036890732695969,0.39631092673040313,,-0.11568842365756615,0.0,implied_from_reflectance_transmittance_clamped_zero_budget_excess,rt_scaled_to_preserve_absorptance_and_unit_budget,0.0,0.5762852211316889,0.4237147788683111,,-0.08831037529169561,0.0,implied_from_reflectance_transmittance_clamped_zero_budget_excess,rt_scaled_to_preserve_absorptance_and_unit_budget,0.0,0.5611152603845261,0.43888473961547386,,-0.21321100712245644,0.0,implied_from_reflectance_transmittance_clamped_zero_budget_excess,rt_scaled_to_preserve_absorptance_and_unit_budget,0.0,0.5644727546899964,0.4355272453100036,,-0.15025690823865556,0.0,implied_from_reflectance_transmittance_clamped_zero_budget_excess,rt_scaled_to_preserve_absorptance_and_unit_budget
754,0.0,0.5773764648966496,0.4226235351033505,,-0.1456947693385185,0.0,mean_of_treatment_models,mean_of_treatment_models,0.0,0.6048171132632598,0.3951828867367402,,-0.11999725467304412,0.0,implied_from_reflectance_transmittance_clamped_zero_budget_excess,rt_scaled_to_preserve_absorptance_and_unit_budget,0.0,0.5772778489092725,0.42272215109072764,,-0.09165418187620888,0.0,implied_from_reflectance_transmittance_clamped_zero_budget_excess,rt_scaled_to_preserve_absorptance_and_unit_budget,0.0,0.5621603818915001,0.43783961810850003,,-0.21690105546587768,0.0,implied_from_reflectance_transmittance_clamped_zero_budget_excess,rt_scaled_to_preserve_absorptance_and_unit_budget,0.0,0.565250515522566,0.43474948447743406,,-0.1542265853389433,0.0,implied_from_reflectance_transmittance_clamped_zero_budget_excess,rt_scaled_to_preserve_absorptance_and_unit_budget
755,0.0,0.5784684935250631,0.42153150647493687,,-0.14958886674577027,0.0,mean_of_treatment_models,mean_of_treatment_models,0.0,0.6059365069749658,0.3940634930250342,,-0.12430608568852186,0.0,implied_from_reflectance_transmittance_clamped_zero_budget_excess,rt_scaled_to_preserve_absorptance_and_unit_budget,0.0,0.578264414291612,0.421735585708388,,-0.0949979884607226,0.0,implied_from_reflectance_transmittance_clamped_zero_budget_excess,rt_scaled_to_preserve_absorptance_and_unit_budget,0.0,0.5634442307467543,0.43655576925324585,,-0.22127624324939754,0.0,implied_from_reflectance_transmittance_clamped_zero_budget_excess,rt_scaled_to_preserve_absorptance_and_unit_budget,0.0,0.5662288220869204,0.4337711779130796,,-0.15777514958443906,0.0,implied_from_reflectance_transmittance_clamped_zero_budget_excess,rt_scaled_to_preserve_absorptance_and_unit_budget
756,0.0,0.5794620318809414,0.42053796811905864,,-0.15318018315999293,0.0,mean_of_treatment_models,mean_of_treatment_models,0.0,0.6067097981499682,0.393290201850032,,-0.12737038855465643,0.0,implied_from_reflectance_transmittance_clamped_zero_budget_excess,rt_scaled_to_preserve_absorptance_and_unit_budget,0.0,0.579155255584272,0.4208447444157279,,-0.09851193940617309,0.0,implied_from_reflectance_transmittance_clamped_zero_budget_excess,rt_scaled_to_preserve_absorptance_and_unit_budget,0.0,0.5647819238049291,0.435218076195071,,-0.22551469084920717,0.0,implied_from_reflectance_transmittance_clamped_zero_budget_excess,rt_scaled_to_preserve_absorptance_and_unit_budget,0.0,0.5672011499845964,0.4327988500154036,,-0.16132371382993504,0.0,implied_from_reflectance_transmittance_clamped_zero_budget_excess,rt_scaled_to_preserve_absorptance_and_unit_budget
757,0.0,0.5804053387991768,0.4195946612008232,,-0.15662928910675877,0.0,mean_of_treatment_models,mean_of_treatment_models,0.0,0.6075373312061669,0.39246266879383307,,-0.1300305975358651,0.0,implied_from_reflectance_transmittance_clamped_zero_budget_excess,rt_scaled_to_preserve_absorptance_and_unit_budget,0.0,0.5797089449496675,0.4202910550503324,,-0.10207209862445632,0.0,implied_from_reflectance_transmittance_clamped_zero_budget_excess,rt_scaled_to_preserve_absorptance_and_unit_budget,0.0,0.566207525186629,0.4337924748133709,,-0.22954218219128286,0.0,implied_from_reflectance_transmittance_clamped_zero_budget_excess,rt_scaled_to_preserve_absorptance_and_unit_budget,0.0,0.5681675538542436,0.43183244614575644,,-0.1648722780754308,0.0,implied_from_reflectance_transmittance_clamped_zero_budget_excess,rt_scaled_to_preserve_absorptance_and_unit_budget
758,0.0,0.5811928209397046,0.41880717906029535,,-0.15967644656262542,0.0,mean_of_treatment_models,mean_of_treatment_models,0.0,0.6083609772159526,0.39163902278404744,,-0.13269080651707332,0.0,implied_from_reflectance_transmittance_clamped_zero_budget_excess,rt_scaled_to_preserve_absorptance_and_unit_budget,0.0,0.5800914897807142,0.41990851021928566,,-0.10519101774204187,0.0,implied_from_reflectance_transmittance_clamped_zero_budget_excess,rt_scaled_to_preserve_absorptance_and_unit_budget,0.0,0.5676238176539723,0.43237618234602776,,-0.2335696735333581,0.0,implied_from_reflectance_transmittance_clamped_zero_budget_excess,rt_scaled_to_preserve_absorptance_and_unit_budget,0.0,0.5686949991081793,0.43130500089182067,,-0.16725428845802837,0.0,implied_from_reflectance_transmittance_clamped_zero_budget_excess,rt_scaled_to_preserve_absorptance_and_unit_budget
759,0.0,0.5819163046349553,0.41808369536504475,,-0.1625602911555979,0.0,mean_of_treatment_models,mean_of_treatment_models,0.0,0.609180763502212,0.390819236497788,,-0.135351015498282,0.0,implied_from_reflectance_transmittance_clamped_zero_budget_excess,rt_scaled_to_preserve_absorptance_and_unit_budget,0.0,0.5804718815562894,0.4195281184437106,,-0.10830993685962742,0.0,implied_from_reflectance_transmittance_clamped_zero_budget_excess,rt_scaled_to_preserve_absorptance_and_unit_budget,0.0,0.5688171560191968,0.43118284398080325,,-0.23698369159589117,0.0,implied_from_reflectance_transmittance_clamped_zero_budget_excess,rt_scaled_to_preserve_absorptance_and_unit_budget,0.0,0.5691954174621229,0.4308045825378771,,-0.169596520668591,0.0,implied_from_reflectance_transmittance_clamped_zero_budget_excess,rt_scaled_to_preserve_absorptance_and_unit_budget
760,0.0,0.5825492212252683,0.4174507787747317,,-0.16481409422154625,0.0,mean_of_treatment_models,mean_of_treatment_models,0.0,0.609816827248503,0.39018317275149705,,-0.1369127875074967,0.0,implied_from_reflectance_transmittance_clamped_zero_budget_excess,rt_scaled_to_preserve_absorptance_and_unit_budget,0.0,0.5810457507496412,0.4189542492503588,,-0.11105468714940825,0.0,implied_from_reflectance_transmittance_clamped_zero_budget_excess,rt_scaled_to_preserve_absorptance_and_unit_budget,0.0,0.5696404713551948,0.4303595286448051,,-0.23935014935012644,0.0,implied_from_reflectance_transmittance_clamped_zero_budget_excess,rt_scaled_to_preserve_absorptance_and_unit_budget,0.0,0.5696938355477343,0.43030616445226577,,-0.1719387528791536,0.0,implied_from_reflectance_transmittance_clamped_zero_budget_excess,rt_scaled_to_preserve_absorptance_and_unit_budget
761,0.0,0.5830396583477698,0.4169603416522301,,-0.1662936514479939,0.0,mean_of_treatment_models,mean_of_treatment_models,0.0,0.6101495955238406,0.38985040447615943,,-0.13702792996220214,0.0,implied_from_reflectance_transmittance_clamped_zero_budget_excess,rt_scaled_to_preserve_absorptance_and_unit_budget,0.0,0.5813581239828711,0.41864187601712877,,-0.11214908363569553,0.0,implied_from_reflectance_transmittance_clamped_zero_budget_excess,rt_scaled_to_preserve_absorptance_and_unit_budget,0.0,0.5704606485500908,0.42953935144990923,,-0.2417166071043615,0.0,implied_from_reflectance_transmittance_clamped_zero_budget_excess,rt_scaled_to_preserve_absorptance_and_unit_budget,0.0,0.570190265334277,0.4298097346657229,,-0.17428098508971646,0.0,implied_from_reflectance_transmittance_clamped_zero_budget_excess,rt_scaled_to_preserve_absorptance_and_unit_budget
762,0.0,0.5833228027784945,0.41667719722150554,,-0.16703845194561007,0.0,mean_of_treatment_models,mean_of_treatment_models,0.0,0.6104822964096702,0.3895177035903297,,-0.1371430724169076,0.0,implied_from_reflectance_transmittance_clamped_zero_budget_excess,rt_scaled_to_preserve_absorptance_and_unit_budget,0.0,0.5813850386200434,0.41861496137995663,,-0.11248597924451031,0.0,implied_from_reflectance_transmittance_clamped_zero_budget_excess,rt_scaled_to_preserve_absorptance_and_unit_budget,0.0,0.57127770551172,0.42872229448828,,-0.24408306485859654,0.0,implied_from_reflectance_transmittance_clamped_zero_budget_excess,rt_scaled_to_preserve_absorptance_and_unit_budget,0.0,0.5701461705725444,0.4298538294274557,,-0.1744416912624258,0.0,implied_from_reflectance_transmittance_clamped_zero_budget_excess,rt_scaled_to_preserve_absorptance_and_unit_budget
763,0.0,0.583198215765706,0.41680178423429404,,-0.16645444633584722,0.0,mean_of_treatment_models,mean_of_treatment_models,0.0,0.6108149299264606,0.38918507007353936,,-0.13725821487161305,0.0,implied_from_reflectance_transmittance_clamped_zero_budget_excess,rt_scaled_to_preserve_absorptance_and_unit_budget,0.0,0.5814119369609598,0.41858806303904017,,-0.1128228748533251,0.0,implied_from_reflectance_transmittance_clamped_zero_budget_excess,rt_scaled_to_preserve_absorptance_and_unit_budget,0.0,0.5706731768905513,0.4293268231094488,,-0.24233129026792133,0.0,implied_from_reflectance_transmittance_clamped_zero_budget_excess,rt_scaled_to_preserve_absorptance_and_unit_budget,0.0,0.5698928192848522,0.43010718071514786,,-0.1734054053505294,0.0,implied_from_reflectance_transmittance_clamped_zero_budget_excess,rt_scaled_to_preserve_absorptance_and_unit_budget
764,0.0,0.5828356835723221,0.41716431642767804,,-0.16512682645031046,0.0,mean_of_treatment_models,mean_of_treatment_models,0.0,0.6106418386820888,0.38935816131791123,,-0.13628640891848165,0.0,implied_from_reflectance_transmittance_clamped_zero_budget_excess,rt_scaled_to_preserve_absorptance_and_unit_budget,0.0,0.5814770932296757,0.4185229067703244,,-0.11308649963085649,0.0,implied_from_reflectance_transmittance_clamped_zero_budget_excess,rt_scaled_to_preserve_absorptance_and_unit_budget,0.0,0.5695847822672379,0.43041521773276215,,-0.23876527781327073,0.0,implied_from_reflectance_transmittance_clamped_zero_budget_excess,rt_scaled_to_preserve_absorptance_and_unit_budget,0.0,0.5696390201102858,0.4303609798897143,,-0.17236911943863298,0.0,implied_from_reflectance_transmittance_clamped_zero_budget_excess,rt_scaled_to_preserve_absorptance_and_unit_budget
765,0.0,0.5823184164410421,0.417681583558958,,-0.16325828153450944,0.0,mean_of_treatment_models,mean_of_treatment_models,0.0,0.6101522129167457,0.38984778708325435,,-0.13457426200334477,0.0,implied_from_reflectance_transmittance_clamped_zero_budget_excess,rt_scaled_to_preserve_absorptance_and_unit_budget,0.0,0.5808823967685927,0.4191176032314073,,-0.11150711332709351,0.0,implied_from_reflectance_transmittance_clamped_zero_budget_excess,rt_scaled_to_preserve_absorptance_and_unit_budget,0.0,0.568787218390079,0.43121278160992116,,-0.23575686820473019,0.0,implied_from_reflectance_transmittance_clamped_zero_budget_excess,rt_scaled_to_preserve_absorptance_and_unit_budget,0.0,0.569451837688751,0.43054816231124915,,-0.1711948826028693,0.0,implied_from_reflectance_transmittance_clamped_zero_budget_excess,rt_scaled_to_preserve_absorptance_and_unit_budget
766,0.0,0.5818169194626641,0.4181830805373358,,-0.16141705410889473,0.0,mean_of_treatment_models,mean_of_treatment_models,0.0,0.6096611071632689,0.390338892836731,,-0.1328621150882079,0.0,implied_from_reflectance_transmittance_clamped_zero_budget_excess,rt_scaled_to_preserve_absorptance_and_unit_budget,0.0,0.5801261241089898,0.4198738758910103,,-0.10950507774205098,0.0,implied_from_reflectance_transmittance_clamped_zero_budget_excess,rt_scaled_to_preserve_absorptance_and_unit_budget,0.0,0.5684637530061196,0.4315362469938804,,-0.23411391280422555,0.0,implied_from_reflectance_transmittance_clamped_zero_budget_excess,rt_scaled_to_preserve_absorptance_and_unit_budget,0.0,0.5690166935722784,0.43098330642772154,,-0.1691871108010945,0.0,implied_from_reflectance_transmittance_clamped_zero_budget_excess,rt_scaled_to_preserve_absorptance_and_unit_budget
767,0.0,0.5812766137406853,0.41872338625931466,,-0.15947050814777447,0.0,mean_of_treatment_models,mean_of_treatment_models,0.0,0.6090668661164181,0.390933133883582,,-0.1308558519075249,0.0,implied_from_reflectance_transmittance_clamped_zero_budget_excess,rt_scaled_to_preserve_absorptance_and_unit_budget,0.0,0.5793671172180234,0.42063288278197664,,-0.1075030421570089,0.0,implied_from_reflectance_transmittance_clamped_zero_budget_excess,rt_scaled_to_preserve_absorptance_and_unit_budget,0.0,0.568139425225856,0.431860574774144,,-0.2324709574037207,0.0,implied_from_reflectance_transmittance_clamped_zero_budget_excess,rt_scaled_to_preserve_absorptance_and_unit_budget,0.0,0.568533046402444,0.43146695359755605,,-0.16705218112284337,0.0,implied_from_reflectance_transmittance_clamped_zero_budget_excess,rt_scaled_to_preserve_absorptance_and_unit_budget
768,0.0,0.5805471394801615,0.41945286051983854,,-0.15773047492213,0.0,mean_of_treatment_models,mean_of_treatment_models,0.0,0.6080245125701662,0.3919754874298337,,-0.1290307283314336,0.0,implied_from_reflectance_transmittance_clamped_zero_budget_excess,rt_scaled_to_preserve_absorptance_and_unit_budget,0.0,0.5785566439229344,0.4214433560770656,,-0.10559409519953311,0.0,implied_from_reflectance_transmittance_clamped_zero_budget_excess,rt_scaled_to_preserve_absorptance_and_unit_budget,0.0,0.5675597749435072,0.4324402250564928,,-0.23137982471296104,0.0,implied_from_reflectance_transmittance_clamped_zero_budget_excess,rt_scaled_to_preserve_absorptance_and_unit_budget,0.0,0.568047626484038,0.43195237351596205,,-0.16491725144459224,0.0,implied_from_reflectance_transmittance_clamped_zero_budget_excess,rt_scaled_to_preserve_absorptance_and_unit_budget
769,0.0,0.5799829097493641,0.4200170902506358,,-0.15651782511679768,0.0,mean_of_treatment_models,mean_of_treatment_models,0.0,0.6069293102150165,0.39307068978498366,,-0.12729748798555018,0.0,implied_from_reflectance_transmittance_clamped_zero_budget_excess,rt_scaled_to_preserve_absorptance_and_unit_budget,0.0,0.5784984169451787,0.4215015830548212,,-0.10570493950545279,0.0,implied_from_reflectance_transmittance_clamped_zero_budget_excess,rt_scaled_to_preserve_absorptance_and_unit_budget,0.0,0.5669598316167914,0.43304016838320847,,-0.2303304963105215,0.0,implied_from_reflectance_transmittance_clamped_zero_budget_excess,rt_scaled_to_preserve_absorptance_and_unit_budget,0.0,0.56754408022047,0.43245591977953,,-0.16273837666566626,0.0,implied_from_reflectance_transmittance_clamped_zero_budget_excess,rt_scaled_to_preserve_absorptance_and_unit_budget
770,0.0,0.5792001173089154,0.4207998826910846,,-0.1553831930939905,0.0,mean_of_treatment_models,mean_of_treatment_models,0.0,0.605815170268982,0.394184829731018,,-0.12551980407893892,0.0,implied_from_reflectance_transmittance_clamped_zero_budget_excess,rt_scaled_to_preserve_absorptance_and_unit_budget,0.0,0.5784414474005959,0.42155855259940406,,-0.10581905164020244,0.0,implied_from_reflectance_transmittance_clamped_zero_budget_excess,rt_scaled_to_preserve_absorptance_and_unit_budget,0.0,0.5664071238787635,0.4335928761212365,,-0.2294179895627746,0.0,implied_from_reflectance_transmittance_clamped_zero_budget_excess,rt_scaled_to_preserve_absorptance_and_unit_budget,0.0,0.5661367276873202,0.43386327231267985,,-0.1607759270940461,0.0,implied_from_reflectance_transmittance_clamped_zero_budget_excess,rt_scaled_to_preserve_absorptance_and_unit_budget
771,0.0,0.578398034027455,0.42160196597254496,,-0.15427192310933796,0.0,mean_of_treatment_models,mean_of_treatment_models,0.0,0.6045553563324998,0.3954446436675002,,-0.12328435064117116,0.0,implied_from_reflectance_transmittance_clamped_zero_budget_excess,rt_scaled_to_preserve_absorptance_and_unit_budget,0.0,0.5783835683482986,0.42161643165170143,,-0.1059349253336006,0.0,implied_from_reflectance_transmittance_clamped_zero_budget_excess,rt_scaled_to_preserve_absorptance_and_unit_budget,0.0,0.565997647226697,0.434002352773303,,-0.22891324298582738,0.0,implied_from_reflectance_transmittance_clamped_zero_budget_excess,rt_scaled_to_preserve_absorptance_and_unit_budget,0.0,0.5646555642023249,0.4353444357976751,,-0.1589551734767527,0.0,implied_from_reflectance_transmittance_clamped_zero_budget_excess,rt_scaled_to_preserve_absorptance_and_unit_budget
772,0.0,0.5776427436002205,0.4223572563997795,,-0.15283381462876633,0.0,mean_of_treatment_models,mean_of_treatment_models,0.0,0.603577997890097,0.39642200210990297,,-0.12051494975657118,0.0,implied_from_reflectance_transmittance_clamped_zero_budget_excess,rt_scaled_to_preserve_absorptance_and_unit_budget,0.0,0.5780693647526296,0.4219306352473705,,-0.10563790744744184,0.0,implied_from_reflectance_transmittance_clamped_zero_budget_excess,rt_scaled_to_preserve_absorptance_and_unit_budget,0.0,0.565753872268989,0.4342461277310109,,-0.228047981451593,0.0,implied_from_reflectance_transmittance_clamped_zero_budget_excess,rt_scaled_to_preserve_absorptance_and_unit_budget,0.0,0.5631697394891666,0.43683026051083346,,-0.1571344198594593,0.0,implied_from_reflectance_transmittance_clamped_zero_budget_excess,rt_scaled_to_preserve_absorptance_and_unit_budget
773,0.0,0.5766943867713614,0.42330561322863847,,-0.15076928001627793,0.0,mean_of_treatment_models,mean_of_treatment_models,0.0,0.6025957963108324,0.3974042036891675,,-0.11774554887197142,0.0,implied_from_reflectance_transmittance_clamped_zero_budget_excess,rt_scaled_to_preserve_absorptance_and_unit_budget,0.0,0.5768827955375981,0.423117204462402,,-0.1030623843826104,0.0,implied_from_reflectance_transmittance_clamped_zero_budget_excess,rt_scaled_to_preserve_absorptance_and_unit_budget,0.0,0.5655189449691602,0.43448105503083967,,-0.22716277442985655,0.0,implied_from_reflectance_transmittance_clamped_zero_budget_excess,rt_scaled_to_preserve_absorptance_and_unit_budget,0.0,0.5617800102678552,0.43821998973214477,,-0.15510641238067335,0.0,implied_from_reflectance_transmittance_clamped_zero_budget_excess,rt_scaled_to_preserve_absorptance_and_unit_budget
774,0.0,0.5759207663487466,0.4240792336512534,,-0.14876433024911878,0.0,mean_of_treatment_models,mean_of_treatment_models,0.0,0.6016087155062546,0.39839128449374545,,-0.11497614798737144,0.0,implied_from_reflectance_transmittance_clamped_zero_budget_excess,rt_scaled_to_preserve_absorptance_and_unit_budget,0.0,0.5756906723509768,0.4243093276490231,,-0.10048686131777895,0.0,implied_from_reflectance_transmittance_clamped_zero_budget_excess,rt_scaled_to_preserve_absorptance_and_unit_budget,0.0,0.5652836784976775,0.4347163215023225,,-0.2262775674081201,0.0,implied_from_reflectance_transmittance_clamped_zero_budget_excess,rt_scaled_to_preserve_absorptance_and_unit_budget,0.0,0.5610999990400775,0.43890000095992254,,-0.15331674428320463,0.0,implied_from_reflectance_transmittance_clamped_zero_budget_excess,rt_scaled_to_preserve_absorptance_and_unit_budget
775,0.0,0.575182111524433,0.424817888475567,,-0.14681948451168753,0.0,mean_of_treatment_models,mean_of_treatment_models,0.0,0.6006297240818448,0.39937027591815527,,-0.1121826651975153,0.0,implied_from_reflectance_transmittance_clamped_zero_budget_excess,rt_scaled_to_preserve_absorptance_and_unit_budget,0.0,0.5745154375883614,0.42548456241163857,,-0.09786837565853679,0.0,implied_from_reflectance_transmittance_clamped_zero_budget_excess,rt_scaled_to_preserve_absorptance_and_unit_budget,0.0,0.5650480721195015,0.43495192788049847,,-0.22539236038638366,0.0,implied_from_reflectance_transmittance_clamped_zero_budget_excess,rt_scaled_to_preserve_absorptance_and_unit_budget,0.0,0.5605352123080242,0.4394647876919758,,-0.15183453680431436,0.0,implied_from_reflectance_transmittance_clamped_zero_budget_excess,rt_scaled_to_preserve_absorptance_and_unit_budget
776,0.0,0.5747326926393115,0.42526730736068846,,-0.14549302170809225,0.0,mean_of_treatment_models,mean_of_treatment_models,0.0,0.6002224339626766,0.39977756603732323,,-0.11077162405469121,0.0,implied_from_reflectance_transmittance_clamped_zero_budget_excess,rt_scaled_to_preserve_absorptance_and_unit_budget,0.0,0.5739763351081232,0.4260236648918769,,-0.09647910174474394,0.0,implied_from_reflectance_transmittance_clamped_zero_budget_excess,rt_scaled_to_preserve_absorptance_and_unit_budget,0.0,0.5647630313447746,0.4352369686552253,,-0.22436903170750977,0.0,implied_from_reflectance_transmittance_clamped_zero_budget_excess,rt_scaled_to_preserve_absorptance_and_unit_budget,0.0,0.5599689701416717,0.44003102985832837,,-0.15035232932542408,0.0,implied_from_reflectance_transmittance_clamped_zero_budget_excess,rt_scaled_to_preserve_absorptance_and_unit_budget
777,0.0,0.5746573976113846,0.42534260238861543,,-0.14508492593628558,0.0,mean_of_treatment_models,mean_of_treatment_models,0.0,0.600697393036579,0.3993026069634211,,-0.11181456610215967,0.0,implied_from_reflectance_transmittance_clamped_zero_budget_excess,rt_scaled_to_preserve_absorptance_and_unit_budget,0.0,0.573531878830321,0.4264681211696789,,-0.09533637384538163,0.0,implied_from_reflectance_transmittance_clamped_zero_budget_excess,rt_scaled_to_preserve_absorptance_and_unit_budget,0.0,0.5644370221067484,0.4355629778932517,,-0.2232193734041088,0.0,implied_from_reflectance_transmittance_clamped_zero_budget_excess,rt_scaled_to_preserve_absorptance_and_unit_budget,0.0,0.5599632964718898,0.44003670352811003,,-0.14996939039349222,0.0,implied_from_reflectance_transmittance_clamped_zero_budget_excess,rt_scaled_to_preserve_absorptance_and_unit_budget
778,0.0,0.5747407944724936,0.4252592055275064,,-0.14475559581152664,0.0,mean_of_treatment_models,mean_of_treatment_models,0.0,0.6011714618711012,0.39882853812889874,,-0.11285750814962858,0.0,implied_from_reflectance_transmittance_clamped_zero_budget_excess,rt_scaled_to_preserve_absorptance_and_unit_budget,0.0,0.5730864942111955,0.42691350578880455,,-0.09419364594601909,0.0,implied_from_reflectance_transmittance_clamped_zero_budget_excess,rt_scaled_to_preserve_absorptance_and_unit_budget,0.0,0.564152721499197,0.43584727850080307,,-0.22197803699539076,0.0,implied_from_reflectance_transmittance_clamped_zero_budget_excess,rt_scaled_to_preserve_absorptance_and_unit_budget,0.0,0.5605525003084808,0.4394474996915193,,-0.14999319215506812,0.0,implied_from_reflectance_transmittance_clamped_zero_budget_excess,rt_scaled_to_preserve_absorptance_and_unit_budget
779,0.0,0.5745874629302973,0.42541253706970267,,-0.1438477772541672,0.0,mean_of_treatment_models,mean_of_treatment_models,0.0,0.60164464296683,0.3983553570331701,,-0.11390045019709705,0.0,implied_from_reflectance_transmittance_clamped_zero_budget_excess,rt_scaled_to_preserve_absorptance_and_unit_budget,0.0,0.5716956863032585,0.4283043136967414,,-0.09073696431625455,0.0,implied_from_reflectance_transmittance_clamped_zero_budget_excess,rt_scaled_to_preserve_absorptance_and_unit_budget,0.0,0.5638678426953893,0.4361321573046109,,-0.22073670058667272,0.0,implied_from_reflectance_transmittance_clamped_zero_budget_excess,rt_scaled_to_preserve_absorptance_and_unit_budget,0.0,0.5611416797557116,0.43885832024428834,,-0.15001699391664447,0.0,implied_from_reflectance_transmittance_clamped_zero_budget_excess,rt_scaled_to_preserve_absorptance_and_unit_budget
780,0.0,0.5733831325512754,0.4266168674487246,,-0.14018708987391765,0.0,mean_of_treatment_models,mean_of_treatment_models,0.0,0.6008580380299329,0.39914196197006707,,-0.11142684112859547,0.0,implied_from_reflectance_transmittance_clamped_zero_budget_excess,rt_scaled_to_preserve_absorptance_and_unit_budget,0.0,0.569383129624156,0.43061687037584395,,-0.0851373355867453,0.0,implied_from_reflectance_transmittance_clamped_zero_budget_excess,rt_scaled_to_preserve_absorptance_and_unit_budget,0.0,0.5632087621546017,0.4367912378453984,,-0.21845223422667814,0.0,implied_from_reflectance_transmittance_clamped_zero_budget_excess,rt_scaled_to_preserve_absorptance_and_unit_budget,0.0,0.5600826003964108,0.4399173996035891,,-0.14573194855365168,0.0,implied_from_reflectance_transmittance_clamped_zero_budget_excess,rt_scaled_to_preserve_absorptance_and_unit_budget
781,0.0,0.5713675358192449,0.42863246418075507,,-0.13481005864711704,0.0,mean_of_treatment_models,mean_of_treatment_models,0.0,0.5990795852158495,0.4009204147841504,,-0.10621946904256996,0.0,implied_from_reflectance_transmittance_clamped_zero_budget_excess,rt_scaled_to_preserve_absorptance_and_unit_budget,0.0,0.5670465821965384,0.43295341780346147,,-0.07953770685723649,0.0,implied_from_reflectance_transmittance_clamped_zero_budget_excess,rt_scaled_to_preserve_absorptance_and_unit_budget,0.0,0.5619030860807667,0.4380969139192334,,-0.2148208093790256,0.0,implied_from_reflectance_transmittance_clamped_zero_budget_excess,rt_scaled_to_preserve_absorptance_and_unit_budget,0.0,0.557440889783825,0.44255911021617494,,-0.1386622493096361,0.0,implied_from_reflectance_transmittance_clamped_zero_budget_excess,rt_scaled_to_preserve_absorptance_and_unit_budget
782,0.0,0.5693705465996202,0.4306294534003798,,-0.13011907863755134,0.0,mean_of_treatment_models,mean_of_treatment_models,0.0,0.5972843095792632,0.4027156904207367,,-0.10101209695654445,0.0,implied_from_reflectance_transmittance_clamped_zero_budget_excess,rt_scaled_to_preserve_absorptance_and_unit_budget,0.0,0.565008269102881,0.43499173089711884,,-0.07473453649473494,0.0,implied_from_reflectance_transmittance_clamped_zero_budget_excess,rt_scaled_to_preserve_absorptance_and_unit_budget,0.0,0.5604525139908257,0.4395474860091742,,-0.21148559800771394,0.0,implied_from_reflectance_transmittance_clamped_zero_budget_excess,rt_scaled_to_preserve_absorptance_and_unit_budget,0.0,0.5547370937255106,0.4452629062744894,,-0.13324408309121205,0.0,implied_from_reflectance_transmittance_clamped_zero_budget_excess,rt_scaled_to_preserve_absorptance_and_unit_budget
783,0.0,0.5677573589835085,0.43224264101649146,,-0.12632349260400827,0.0,mean_of_treatment_models,mean_of_treatment_models,0.0,0.5957290206298754,0.4042709793701245,,-0.09650147506181472,0.0,implied_from_reflectance_transmittance_clamped_zero_budget_excess,rt_scaled_to_preserve_absorptance_and_unit_budget,0.0,0.5631216861356213,0.4368783138643787,,-0.06992831308050773,0.0,implied_from_reflectance_transmittance_clamped_zero_budget_excess,rt_scaled_to_preserve_absorptance_and_unit_budget,0.0,0.5585806308906546,0.4414193691093454,,-0.207019192208181,0.0,implied_from_reflectance_transmittance_clamped_zero_budget_excess,rt_scaled_to_preserve_absorptance_and_unit_budget,0.0,0.5535980982778828,0.44640190172211713,,-0.13184499006552963,0.0,implied_from_reflectance_transmittance_clamped_zero_budget_excess,rt_scaled_to_preserve_absorptance_and_unit_budget
784,0.0,0.5661356343341295,0.4338643656658704,,-0.12244464356030954,0.0,mean_of_treatment_models,mean_of_treatment_models,0.0,0.5942698954866145,0.4057301045133856,,-0.09228425174941202,0.0,implied_from_reflectance_transmittance_clamped_zero_budget_excess,rt_scaled_to_preserve_absorptance_and_unit_budget,0.0,0.5612971817813672,0.4387028182186327,,-0.06497198027110906,0.0,implied_from_reflectance_transmittance_clamped_zero_budget_excess,rt_scaled_to_preserve_absorptance_and_unit_budget,0.0,0.556519176586985,0.44348082341301504,,-0.20207644518086987,0.0,implied_from_reflectance_transmittance_clamped_zero_budget_excess,rt_scaled_to_preserve_absorptance_and_unit_budget,0.0,0.5524562834815516,0.4475437165184483,,-0.13044589703984721,0.0,implied_from_reflectance_transmittance_clamped_zero_budget_excess,rt_scaled_to_preserve_absorptance_and_unit_budget
785,0.0,0.5648979115120405,0.4351020884879596,,-0.11897400455589835,0.0,mean_of_treatment_models,mean_of_treatment_models,0.0,0.5927994595391308,0.4072005404608693,,-0.08806702843700931,0.0,implied_from_reflectance_transmittance_clamped_zero_budget_excess,rt_scaled_to_preserve_absorptance_and_unit_budget,0.0,0.5605433395134329,0.43945666048656706,,-0.06263935161708711,0.0,implied_from_reflectance_transmittance_clamped_zero_budget_excess,rt_scaled_to_preserve_absorptance_and_unit_budget,0.0,0.554481312335545,0.44551868766445496,,-0.1970757047372267,0.0,implied_from_reflectance_transmittance_clamped_zero_budget_excess,rt_scaled_to_preserve_absorptance_and_unit_budget,0.0,0.551767534660053,0.44823246533994693,,-0.1281139334322703,0.0,implied_from_reflectance_transmittance_clamped_zero_budget_excess,rt_scaled_to_preserve_absorptance_and_unit_budget
786,0.0,0.5646383376265068,0.43536166237349305,,-0.11735897623416641,0.0,mean_of_treatment_models,mean_of_treatment_models,0.0,0.5926356854274396,0.4073643145725603,,-0.08735680718270533,0.0,implied_from_reflectance_transmittance_clamped_zero_budget_excess,rt_scaled_to_preserve_absorptance_and_unit_budget,0.0,0.5600622168756845,0.4399377831243154,,-0.06097200641165035,0.0,implied_from_reflectance_transmittance_clamped_zero_budget_excess,rt_scaled_to_preserve_absorptance_and_unit_budget,0.0,0.554474381076226,0.44552561892377396,,-0.1959481300299457,0.0,implied_from_reflectance_transmittance_clamped_zero_budget_excess,rt_scaled_to_preserve_absorptance_and_unit_budget,0.0,0.5513810671266773,0.44861893287332266,,-0.12515896131236426,0.0,implied_from_reflectance_transmittance_clamped_zero_budget_excess,rt_scaled_to_preserve_absorptance_and_unit_budget
787,0.0,0.5645949813093454,0.4354050186906546,,-0.11620084045817952,0.0,mean_of_treatment_models,mean_of_treatment_models,0.0,0.5927589187195212,0.40724108128047887,,-0.08720742447881835,0.0,implied_from_reflectance_transmittance_clamped_zero_budget_excess,rt_scaled_to_preserve_absorptance_and_unit_budget,0.0,0.5596223925193079,0.44037760748069205,,-0.0592236211020114,0.0,implied_from_reflectance_transmittance_clamped_zero_budget_excess,rt_scaled_to_preserve_absorptance_and_unit_budget,0.0,0.5544674367345865,0.44553256326541335,,-0.19482055532266518,0.0,implied_from_reflectance_transmittance_clamped_zero_budget_excess,rt_scaled_to_preserve_absorptance_and_unit_budget,0.0,0.5515311772639658,0.44846882273603406,,-0.12355176092922315,0.0,implied_from_reflectance_transmittance_clamped_zero_budget_excess,rt_scaled_to_preserve_absorptance_and_unit_budget
788,0.0,0.5645754373122054,0.4354245626877945,,-0.11506920808512883,0.0,mean_of_treatment_models,mean_of_treatment_models,0.0,0.5928971493110247,0.4071028506889753,,-0.08703060680224595,0.0,implied_from_reflectance_transmittance_clamped_zero_budget_excess,rt_scaled_to_preserve_absorptance_and_unit_budget,0.0,0.5591970475840451,0.44080295241595485,,-0.057445104027163074,0.0,implied_from_reflectance_transmittance_clamped_zero_budget_excess,rt_scaled_to_preserve_absorptance_and_unit_budget,0.0,0.5544604792735537,0.44553952072644626,,-0.19369298061538442,0.0,implied_from_reflectance_transmittance_clamped_zero_budget_excess,rt_scaled_to_preserve_absorptance_and_unit_budget,0.0,0.5517470730801984,0.44825292691980156,,-0.12210814089572186,0.0,implied_from_reflectance_transmittance_clamped_zero_budget_excess,rt_scaled_to_preserve_absorptance_and_unit_budget
789,0.0,0.5642202636451328,0.43577973635486733,,-0.11356441033919273,0.0,mean_of_treatment_models,mean_of_treatment_models,0.0,0.5923968932395562,0.40760310676044376,,-0.08515117567481645,0.0,implied_from_reflectance_transmittance_clamped_zero_budget_excess,rt_scaled_to_preserve_absorptance_and_unit_budget,0.0,0.55849471634419,0.44150528365580993,,-0.05500772231102968,0.0,implied_from_reflectance_transmittance_clamped_zero_budget_excess,rt_scaled_to_preserve_absorptance_and_unit_budget,0.0,0.5544535086559139,0.4455464913440861,,-0.19256540590810367,0.0,implied_from_reflectance_transmittance_clamped_zero_budget_excess,rt_scaled_to_preserve_absorptance_and_unit_budget,0.0,0.5515359363408706,0.4484640636591295,,-0.12153333746282113,0.0,implied_from_reflectance_transmittance_clamped_zero_budget_excess,rt_scaled_to_preserve_absorptance_and_unit_budget
790,0.0,0.5633556210953554,0.4366443789046445,,-0.11118586558304294,0.0,mean_of_treatment_models,mean_of_treatment_models,0.0,0.591276001129408,0.4087239988705919,,-0.08163142713872662,0.0,implied_from_reflectance_transmittance_clamped_zero_budget_excess,rt_scaled_to_preserve_absorptance_and_unit_budget,0.0,0.5577851471539949,0.44221485284600515,,-0.05256085481398598,0.0,implied_from_reflectance_transmittance_clamped_zero_budget_excess,rt_scaled_to_preserve_absorptance_and_unit_budget,0.0,0.5532999008415787,0.44670009915842135,,-0.18970836278832426,0.0,implied_from_reflectance_transmittance_clamped_zero_budget_excess,rt_scaled_to_preserve_absorptance_and_unit_budget,0.0,0.5510614352564401,0.44893856474355975,,-0.12084281759113491,0.0,implied_from_reflectance_transmittance_clamped_zero_budget_excess,rt_scaled_to_preserve_absorptance_and_unit_budget
791,0.0,0.561726061221991,0.438273938778009,,-0.10763002808327027,0.0,mean_of_treatment_models,mean_of_treatment_models,0.0,0.5898078071922881,0.4101921928077119,,-0.07873313466758036,0.0,implied_from_reflectance_transmittance_clamped_zero_budget_excess,rt_scaled_to_preserve_absorptance_and_unit_budget,0.0,0.5568045838565372,0.4431954161434629,,-0.05061883635570741,0.0,implied_from_reflectance_transmittance_clamped_zero_budget_excess,rt_scaled_to_preserve_absorptance_and_unit_budget,0.0,0.5513702632514779,0.448629736748522,,-0.18514989899786194,0.0,implied_from_reflectance_transmittance_clamped_zero_budget_excess,rt_scaled_to_preserve_absorptance_and_unit_budget,0.0,0.5489215905876607,0.45107840941233934,,-0.11601824231193136,0.0,implied_from_reflectance_transmittance_clamped_zero_budget_excess,rt_scaled_to_preserve_absorptance_and_unit_budget
792,0.0,0.5600461111433599,0.4399538888566401,,-0.10403618313185564,0.0,mean_of_treatment_models,mean_of_treatment_models,0.0,0.5883070690501409,0.411692930949859,,-0.07587988955385327,0.0,implied_from_reflectance_transmittance_clamped_zero_budget_excess,rt_scaled_to_preserve_absorptance_and_unit_budget,0.0,0.5556884867935733,0.4443115132064267,,-0.04847974073344208,0.0,implied_from_reflectance_transmittance_clamped_zero_budget_excess,rt_scaled_to_preserve_absorptance_and_unit_budget,0.0,0.5494257243452726,0.4505742756547274,,-0.1805914352073994,0.0,implied_from_reflectance_transmittance_clamped_zero_budget_excess,rt_scaled_to_preserve_absorptance_and_unit_budget,0.0,0.5467631643844527,0.4532368356155473,,-0.11119366703272782,0.0,implied_from_reflectance_transmittance_clamped_zero_budget_excess,rt_scaled_to_preserve_absorptance_and_unit_budget
793,0.0,0.557810990414964,0.4421890095850361,,-0.0991445422659063,0.0,mean_of_treatment_models,mean_of_treatment_models,0.0,0.5864724013240499,0.4135275986759502,,-0.07218086922580769,0.0,implied_from_reflectance_transmittance_clamped_zero_budget_excess,rt_scaled_to_preserve_absorptance_and_unit_budget,0.0,0.554066033973617,0.445933966026383,,-0.045163238201756606,0.0,implied_from_reflectance_transmittance_clamped_zero_budget_excess,rt_scaled_to_preserve_absorptance_and_unit_budget,0.0,0.5479603886810231,0.45203961131897685,,-0.17731889198314588,0.0,implied_from_reflectance_transmittance_clamped_zero_budget_excess,rt_scaled_to_preserve_absorptance_and_unit_budget,0.0,0.5427451376811656,0.4572548623188344,,-0.10191516965291503,0.0,implied_from_reflectance_transmittance_clamped_zero_budget_excess,rt_scaled_to_preserve_absorptance_and_unit_budget
794,0.0,0.5553278416331109,0.4446721583668891,,-0.09370146577134325,0.0,mean_of_treatment_models,mean_of_treatment_models,0.0,0.5834887465672536,0.4165112534327464,,-0.06545059728649139,0.0,implied_from_reflectance_transmittance_clamped_zero_budget_excess,rt_scaled_to_preserve_absorptance_and_unit_budget,0.0,0.5524180354737628,0.44758196452623733,,-0.04187543304130825,0.0,implied_from_reflectance_transmittance_clamped_zero_budget_excess,rt_scaled_to_preserve_absorptance_and_unit_budget,0.0,0.5472967775626779,0.4527032224373219,,-0.17614673699847394,0.0,implied_from_reflectance_transmittance_clamped_zero_budget_excess,rt_scaled_to_preserve_absorptance_and_unit_budget,0.0,0.5381078069287494,0.46189219307125073,,-0.09133309575909943,0.0,implied_from_reflectance_transmittance_clamped_zero_budget_excess,rt_scaled_to_preserve_absorptance_and_unit_budget
795,0.0,0.5526344324321167,0.4473655675678832,,-0.08774146305750652,0.0,mean_of_treatment_models,mean_of_treatment_models,0.0,0.5795634987466729,0.42043650125332704,,-0.05550341710002327,0.0,implied_from_reflectance_transmittance_clamped_zero_budget_excess,rt_scaled_to_preserve_absorptance_and_unit_budget,0.0,0.5505982460098939,0.44940175399010607,,-0.03889199385927933,0.0,implied_from_reflectance_transmittance_clamped_zero_budget_excess,rt_scaled_to_preserve_absorptance_and_unit_budget,0.0,0.5466318424070437,0.4533681575929563,,-0.17497458201380178,0.0,implied_from_reflectance_transmittance_clamped_zero_budget_excess,rt_scaled_to_preserve_absorptance_and_unit_budget,0.0,0.5337441425648566,0.46625585743514336,,-0.0815958592569217,0.0,implied_from_reflectance_transmittance_clamped_zero_budget_excess,rt_scaled_to_preserve_absorptance_and_unit_budget
796,0.0,0.5482514271006773,0.45174857289932274,,-0.07763922805697099,0.0,mean_of_treatment_models,mean_of_treatment_models,0.0,0.5724246268830475,0.42757537311695243,,-0.037880550770360344,0.0,implied_from_reflectance_transmittance_clamped_zero_budget_excess,rt_scaled_to_preserve_absorptance_and_unit_budget,0.0,0.5487679744795049,0.4512320255204952,,-0.035908554677250404,0.0,implied_from_reflectance_transmittance_clamped_zero_budget_excess,rt_scaled_to_preserve_absorptance_and_unit_budget,0.0,0.5461594310446566,0.4538405689553435,,-0.173385801961512,0.0,implied_from_reflectance_transmittance_clamped_zero_budget_excess,rt_scaled_to_preserve_absorptance_and_unit_budget,0.0,0.5256536759955004,0.4743463240044998,,-0.06338200481876122,0.0,implied_from_reflectance_transmittance_clamped_zero_budget_excess,rt_scaled_to_preserve_absorptance_and_unit_budget
797,0.0,0.5491985134931022,0.4508014865068978,,-0.07957621048507213,0.0,mean_of_treatment_models,mean_of_treatment_models,0.0,0.5746172882035572,0.42538271179644277,,-0.04323036982946782,0.0,implied_from_reflectance_transmittance_clamped_zero_budget_excess,rt_scaled_to_preserve_absorptance_and_unit_budget,0.0,0.5469271300552717,0.4530728699447284,,-0.03292511549522148,0.0,implied_from_reflectance_transmittance_clamped_zero_budget_excess,rt_scaled_to_preserve_absorptance_and_unit_budget,0.0,0.5458232109254098,0.45417678907459014,,-0.17150189043552277,0.0,implied_from_reflectance_transmittance_clamped_zero_budget_excess,rt_scaled_to_preserve_absorptance_and_unit_budget,0.0,0.5294264247881701,0.47057357521182974,,-0.07064746618007645,0.0,implied_from_reflectance_transmittance_clamped_zero_budget_excess,rt_scaled_to_preserve_absorptance_and_unit_budget
