profile_id,profile_version,species,cultivar,treatment_id,treatment_label,optical_property,wavelength_nm_raw,value_percent_raw,value_fraction_raw
rex_green_butterhead_mature_leaf_optics_v1,0.2,Lactuca sativa,Rex,o_plus_fr,O+FR,absorptance,401.10557630713726,84.11222673655823,0.8411222673655823
rex_green_butterhead_mature_leaf_optics_v1,0.2,Lactuca sativa,Rex,o_plus_fr,O+FR,absorptance,402.536255483279,87.51780253039101,0.8751780253039101
rex_green_butterhead_mature_leaf_optics_v1,0.2,Lactuca sativa,Rex,o_plus_fr,O+FR,absorptance,407.3051860704182,86.41257259247377,0.8641257259247377
rex_green_butterhead_mature_leaf_optics_v1,0.2,Lactuca sativa,Rex,o_plus_fr,O+FR,absorptance,409.8221845893311,87.42739485628456,0.8742739485628457
rex_green_butterhead_mature_leaf_optics_v1,0.2,Lactuca sativa,Rex,o_plus_fr,O+FR,absorptance,416.3661541859826,88.20301193428075,0.8820301193428075
rex_green_butterhead_mature_leaf_optics_v1,0.2,Lactuca sativa,Rex,o_plus_fr,O+FR,absorptance,422.692633361558,88.76139438735235,0.8876139438735235
rex_green_butterhead_mature_leaf_optics_v1,0.2,Lactuca sativa,Rex,o_plus_fr,O+FR,absorptance,424.72480948348857,87.06914292910626,0.8706914292910626
rex_green_butterhead_mature_leaf_optics_v1,0.2,Lactuca sativa,Rex,o_plus_fr,O+FR,absorptance,427.7730736663844,87.91649730159202,0.8791649730159201
rex_green_butterhead_mature_leaf_optics_v1,0.2,Lactuca sativa,Rex,o_plus_fr,O+FR,absorptance,431.626732064828,89.56968248948266,0.8956968248948266
rex_green_butterhead_mature_leaf_optics_v1,0.2,Lactuca sativa,Rex,o_plus_fr,O+FR,absorptance,434.4880904171115,90.59209046179195,0.9059209046179195
rex_green_butterhead_mature_leaf_optics_v1,0.2,Lactuca sativa,Rex,o_plus_fr,O+FR,absorptance,440.2108071216785,91.35997766772896,0.9135997766772895
rex_green_butterhead_mature_leaf_optics_v1,0.2,Lactuca sativa,Rex,o_plus_fr,O+FR,absorptance,443.072165473962,90.76494257104164,0.9076494257104164
rex_green_butterhead_mature_leaf_optics_v1,0.2,Lactuca sativa,Rex,o_plus_fr,O+FR,absorptance,447.3642030023873,90.42572571277265,0.9042572571277264
rex_green_butterhead_mature_leaf_optics_v1,0.2,Lactuca sativa,Rex,o_plus_fr,O+FR,absorptance,450.8614187662894,89.40523992127237,0.8940523992127237
rex_green_butterhead_mature_leaf_optics_v1,0.2,Lactuca sativa,Rex,o_plus_fr,O+FR,absorptance,454.51759888309607,88.81044509718616,0.8881044509718616
rex_green_butterhead_mature_leaf_optics_v1,0.2,Lactuca sativa,Rex,o_plus_fr,O+FR,absorptance,458.33274335280737,88.21569832762017,0.8821569832762017
rex_green_butterhead_mature_leaf_optics_v1,0.2,Lactuca sativa,Rex,o_plus_fr,O+FR,absorptance,462.1478878225187,88.04659447094804,0.8804659447094804
rex_green_butterhead_mature_leaf_optics_v1,0.2,Lactuca sativa,Rex,o_plus_fr,O+FR,absorptance,466.91681840965794,88.47367901944864,0.8847367901944864
rex_green_butterhead_mature_leaf_optics_v1,0.2,Lactuca sativa,Rex,o_plus_fr,O+FR,absorptance,470.25506982065536,89.75161690305491,0.8975161690305491
rex_green_butterhead_mature_leaf_optics_v1,0.2,Lactuca sativa,Rex,o_plus_fr,O+FR,absorptance,477.2495013484595,89.0159502529288,0.890159502529288
rex_green_butterhead_mature_leaf_optics_v1,0.2,Lactuca sativa,Rex,o_plus_fr,O+FR,absorptance,482.6542893472172,89.07433649500231,0.8907433649500232
rex_green_butterhead_mature_leaf_optics_v1,0.2,Lactuca sativa,Rex,o_plus_fr,O+FR,absorptance,487.1052912285471,89.13243440995446,0.8913243440995445
rex_green_butterhead_mature_leaf_optics_v1,0.2,Lactuca sativa,Rex,o_plus_fr,O+FR,absorptance,490.2845782866399,88.73612878165804,0.8873612878165804
rex_green_butterhead_mature_leaf_optics_v1,0.2,Lactuca sativa,Rex,o_plus_fr,O+FR,absorptance,495.53040193249296,87.71617158988023,0.8771617158988023
rex_green_butterhead_mature_leaf_optics_v1,0.2,Lactuca sativa,Rex,o_plus_fr,O+FR,absorptance,499.3455464022044,87.03629623773548,0.8703629623773549
rex_green_butterhead_mature_leaf_optics_v1,0.2,Lactuca sativa,Rex,o_plus_fr,O+FR,absorptance,502.68379781320175,85.6752480613999,0.856752480613999
rex_green_butterhead_mature_leaf_optics_v1,0.2,Lactuca sativa,Rex,o_plus_fr,O+FR,absorptance,504.5913700480575,84.48402455953983,0.8448402455953983
rex_green_butterhead_mature_leaf_optics_v1,0.2,Lactuca sativa,Rex,o_plus_fr,O+FR,absorptance,507.9296214590549,82.78246205288917,0.8278246205288917
rex_green_butterhead_mature_leaf_optics_v1,0.2,Lactuca sativa,Rex,o_plus_fr,O+FR,absorptance,509.83719369391054,81.42098138587157,0.8142098138587157
rex_green_butterhead_mature_leaf_optics_v1,0.2,Lactuca sativa,Rex,o_plus_fr,O+FR,absorptance,514.6061242810497,77.25112247511863,0.7725112247511864
rex_green_butterhead_mature_leaf_optics_v1,0.2,Lactuca sativa,Rex,o_plus_fr,O+FR,absorptance,516.5136965159054,75.46399889520718,0.7546399889520718
rex_green_butterhead_mature_leaf_optics_v1,0.2,Lactuca sativa,Rex,o_plus_fr,O+FR,absorptance,518.4212687507611,73.5066181501382,0.7350661815013819
rex_green_butterhead_mature_leaf_optics_v1,0.2,Lactuca sativa,Rex,o_plus_fr,O+FR,absorptance,519.8519479269028,72.23012190213868,0.7223012190213868
rex_green_butterhead_mature_leaf_optics_v1,0.2,Lactuca sativa,Rex,o_plus_fr,O+FR,absorptance,521.2826271030445,70.27259699350901,0.7027259699350901
rex_green_butterhead_mature_leaf_optics_v1,0.2,Lactuca sativa,Rex,o_plus_fr,O+FR,absorptance,523.1901993379003,68.14495908328249,0.6814495908328249
rex_green_butterhead_mature_leaf_optics_v1,0.2,Lactuca sativa,Rex,o_plus_fr,O+FR,absorptance,524.620878514042,67.12384858301928,0.6712384858301929
rex_green_butterhead_mature_leaf_optics_v1,0.2,Lactuca sativa,Rex,o_plus_fr,O+FR,absorptance,526.0515576901837,65.42170942212593,0.6542170942212593
rex_green_butterhead_mature_leaf_optics_v1,0.2,Lactuca sativa,Rex,o_plus_fr,O+FR,absorptance,527.4822368663255,46.52359658032118,0.4652359658032118
rex_green_butterhead_mature_leaf_optics_v1,0.2,Lactuca sativa,Rex,o_plus_fr,O+FR,absorptance,528.9129160424673,62.52820259581183,0.6252820259581182
rex_green_butterhead_mature_leaf_optics_v1,0.2,Lactuca sativa,Rex,o_plus_fr,O+FR,absorptance,529.0718803953719,48.05639161194128,0.4805639161194128
rex_green_butterhead_mature_leaf_optics_v1,0.2,Lactuca sativa,Rex,o_plus_fr,O+FR,absorptance,529.3898091011812,44.48108725267342,0.4448108725267342
rex_green_butterhead_mature_leaf_optics_v1,0.2,Lactuca sativa,Rex,o_plus_fr,O+FR,absorptance,530.820488277323,61.16672192879422,0.6116672192879422
rex_green_butterhead_mature_leaf_optics_v1,0.2,Lactuca sativa,Rex,o_plus_fr,O+FR,absorptance,532.7280605121786,59.63498409661907,0.5963498409661907
rex_green_butterhead_mature_leaf_optics_v1,0.2,Lactuca sativa,Rex,o_plus_fr,O+FR,absorptance,535.1125258057482,58.1033904280046,0.581033904280046
rex_green_butterhead_mature_leaf_optics_v1,0.2,Lactuca sativa,Rex,o_plus_fr,O+FR,absorptance,535.4304545115575,45.10718959668629,0.4510718959668629
rex_green_butterhead_mature_leaf_optics_v1,0.2,Lactuca sativa,Rex,o_plus_fr,O+FR,absorptance,536.066311923176,48.05850601083119,0.48058506010831187
rex_green_butterhead_mature_leaf_optics_v1,0.2,Lactuca sativa,Rex,o_plus_fr,O+FR,absorptance,537.9738841580318,46.356511013498505,0.463565110134985
rex_green_butterhead_mature_leaf_optics_v1,0.2,Lactuca sativa,Rex,o_plus_fr,O+FR,absorptance,539.4045633341734,57.16827349168422,0.5716827349168422
rex_green_butterhead_mature_leaf_optics_v1,0.2,Lactuca sativa,Rex,o_plus_fr,O+FR,absorptance,543.0607434509802,56.23296433728293,0.5623296433728293
rex_green_butterhead_mature_leaf_optics_v1,0.2,Lactuca sativa,Rex,o_plus_fr,O+FR,absorptance,543.6966008625986,47.37978396717184,0.4737978396717184
rex_green_butterhead_mature_leaf_optics_v1,0.2,Lactuca sativa,Rex,o_plus_fr,O+FR,absorptance,544.1734939213127,45.16658498368451,0.4516658498368451
rex_green_butterhead_mature_leaf_optics_v1,0.2,Lactuca sativa,Rex,o_plus_fr,O+FR,absorptance,550.3731036845936,55.44064140781144,0.5544064140781144
rex_green_butterhead_mature_leaf_optics_v1,0.2,Lactuca sativa,Rex,o_plus_fr,O+FR,absorptance,551.3268898020215,47.2118334189851,0.472118334189851
rex_green_butterhead_mature_leaf_optics_v1,0.2,Lactuca sativa,Rex,o_plus_fr,O+FR,absorptance,551.8037828607353,44.74324868776147,0.4474324868776147
rex_green_butterhead_mature_leaf_optics_v1,0.2,Lactuca sativa,Rex,o_plus_fr,O+FR,absorptance,555.4599629775421,54.98816004537188,0.5498816004537188
rex_green_butterhead_mature_leaf_optics_v1,0.2,Lactuca sativa,Rex,o_plus_fr,O+FR,absorptance,558.0033926240162,46.36256588304687,0.4636256588304687
rex_green_butterhead_mature_leaf_optics_v1,0.2,Lactuca sativa,Rex,o_plus_fr,O+FR,absorptance,559.9109648588719,55.95429617449757,0.5595429617449758
rex_green_butterhead_mature_leaf_optics_v1,0.2,Lactuca sativa,Rex,o_plus_fr,O+FR,absorptance,561.8185370937276,47.21500501731997,0.47215005017319966
rex_green_butterhead_mature_leaf_optics_v1,0.2,Lactuca sativa,Rex,o_plus_fr,O+FR,absorptance,562.2954301524416,44.74642028609633,0.44746420286096333
rex_green_butterhead_mature_leaf_optics_v1,0.2,Lactuca sativa,Rex,o_plus_fr,O+FR,absorptance,562.7723232111555,57.14696131196438,0.5714696131196438
rex_green_butterhead_mature_leaf_optics_v1,0.2,Lactuca sativa,Rex,o_plus_fr,O+FR,absorptance,565.6336815634389,58.73689316813213,0.5873689316813213
rex_green_butterhead_mature_leaf_optics_v1,0.2,Lactuca sativa,Rex,o_plus_fr,O+FR,absorptance,568.0181468570086,59.90103794784535,0.5990103794784535
rex_green_butterhead_mature_leaf_optics_v1,0.2,Lactuca sativa,Rex,o_plus_fr,O+FR,absorptance,568.1135254687513,46.09321068628112,0.46093210686281116
rex_green_butterhead_mature_leaf_optics_v1,0.2,Lactuca sativa,Rex,o_plus_fr,O+FR,absorptance,569.7667547389595,47.84168401557552,0.47841684015575514
rex_green_butterhead_mature_leaf_optics_v1,0.2,Lactuca sativa,Rex,o_plus_fr,O+FR,absorptance,570.4026121505781,44.6069900956632,0.446069900956632
rex_green_butterhead_mature_leaf_optics_v1,0.2,Lactuca sativa,Rex,o_plus_fr,O+FR,absorptance,570.879505209292,61.68960316336355,0.6168960316336355
rex_green_butterhead_mature_leaf_optics_v1,0.2,Lactuca sativa,Rex,o_plus_fr,O+FR,absorptance,574.2177566202895,63.84720306695044,0.6384720306695044
rex_green_butterhead_mature_leaf_optics_v1,0.2,Lactuca sativa,Rex,o_plus_fr,O+FR,absorptance,578.0329010900008,65.69280899797585,0.6569280899797585
rex_green_butterhead_mature_leaf_optics_v1,0.2,Lactuca sativa,Rex,o_plus_fr,O+FR,absorptance,581.8480455597121,67.48166254061539,0.6748166254061538
rex_green_butterhead_mature_leaf_optics_v1,0.2,Lactuca sativa,Rex,o_plus_fr,O+FR,absorptance,588.047655322993,69.52662264879464,0.6952662264879464
rex_green_butterhead_mature_leaf_optics_v1,0.2,Lactuca sativa,Rex,o_plus_fr,O+FR,absorptance,590.4321206165627,69.86785779691309,0.6986785779691309
rex_green_butterhead_mature_leaf_optics_v1,0.2,Lactuca sativa,Rex,o_plus_fr,O+FR,absorptance,595.2010512037018,70.89084242346507,0.7089084242346507
rex_green_butterhead_mature_leaf_optics_v1,0.2,Lactuca sativa,Rex,o_plus_fr,O+FR,absorptance,599.0161956734132,71.40276722742308,0.7140276722742308
rex_green_butterhead_mature_leaf_optics_v1,0.2,Lactuca sativa,Rex,o_plus_fr,O+FR,absorptance,605.3747697895988,72.59648956433486,0.7259648956433487
rex_green_butterhead_mature_leaf_optics_v1,0.2,Lactuca sativa,Rex,o_plus_fr,O+FR,absorptance,607.6002707302637,73.27819098824817,0.7327819098824817
rex_green_butterhead_mature_leaf_optics_v1,0.2,Lactuca sativa,Rex,o_plus_fr,O+FR,absorptance,615.2305596696864,75.66409791742451,0.7566409791742451
rex_green_butterhead_mature_leaf_optics_v1,0.2,Lactuca sativa,Rex,o_plus_fr,O+FR,absorptance,623.337741667823,77.53937751468891,0.7753937751468891
rex_green_butterhead_mature_leaf_optics_v1,0.2,Lactuca sativa,Rex,o_plus_fr,O+FR,absorptance,626.6759930788204,78.05115815508626,0.7805115815508625
rex_green_butterhead_mature_leaf_optics_v1,0.2,Lactuca sativa,Rex,o_plus_fr,O+FR,absorptance,634.783175076957,78.7346375962479,0.7873463759624789
rex_green_butterhead_mature_leaf_optics_v1,0.2,Lactuca sativa,Rex,o_plus_fr,O+FR,absorptance,638.5983195466683,79.92759106083606,0.7992759106083607
rex_green_butterhead_mature_leaf_optics_v1,0.2,Lactuca sativa,Rex,o_plus_fr,O+FR,absorptance,643.8441431925214,82.14252000705149,0.8214252000705149
rex_green_butterhead_mature_leaf_optics_v1,0.2,Lactuca sativa,Rex,o_plus_fr,O+FR,absorptance,646.705501544805,83.50544230967584,0.8350544230967585
rex_green_butterhead_mature_leaf_optics_v1,0.2,Lactuca sativa,Rex,o_plus_fr,O+FR,absorptance,653.8588974255138,85.55069074497644,0.8555069074497643
rex_green_butterhead_mature_leaf_optics_v1,0.2,Lactuca sativa,Rex,o_plus_fr,O+FR,absorptance,657.6740418952252,86.74364420956461,0.8674364420956461
rex_green_butterhead_mature_leaf_optics_v1,0.2,Lactuca sativa,Rex,o_plus_fr,O+FR,absorptance,661.9660794236504,87.93674183771346,0.8793674183771345
rex_green_butterhead_mature_leaf_optics_v1,0.2,Lactuca sativa,Rex,o_plus_fr,O+FR,absorptance,667.2119030695035,88.95987062782612,0.8895987062782612
rex_green_butterhead_mature_leaf_optics_v1,0.2,Lactuca sativa,Rex,o_plus_fr,O+FR,absorptance,671.0270475392149,89.3015382666266,0.8930153826662659
rex_green_butterhead_mature_leaf_optics_v1,0.2,Lactuca sativa,Rex,o_plus_fr,O+FR,absorptance,675.3598645215918,88.83777504973446,0.8883777504973446
rex_green_butterhead_mature_leaf_optics_v1,0.2,Lactuca sativa,Rex,o_plus_fr,O+FR,absorptance,678.7468247248095,88.1132850135202,0.8811328501352019
rex_green_butterhead_mature_leaf_optics_v1,0.2,Lactuca sativa,Rex,o_plus_fr,O+FR,absorptance,682.4724809483489,86.78430244285018,0.8678430244285018
rex_green_butterhead_mature_leaf_optics_v1,0.2,Lactuca sativa,Rex,o_plus_fr,O+FR,absorptance,684.3800531832045,84.53837422191442,0.8453837422191443
rex_green_butterhead_mature_leaf_optics_v1,0.2,Lactuca sativa,Rex,o_plus_fr,O+FR,absorptance,687.5529212531753,82.91643075007654,0.8291643075007654
rex_green_butterhead_mature_leaf_optics_v1,0.2,Lactuca sativa,Rex,o_plus_fr,O+FR,absorptance,688.9077053344622,81.10305553365613,0.8110305553365613
rex_green_butterhead_mature_leaf_optics_v1,0.2,Lactuca sativa,Rex,o_plus_fr,O+FR,absorptance,690.2624894157493,79.28968031723572,0.7928968031723572
rex_green_butterhead_mature_leaf_optics_v1,0.2,Lactuca sativa,Rex,o_plus_fr,O+FR,absorptance,691.2785774767146,77.59712169814895,0.7759712169814895
rex_green_butterhead_mature_leaf_optics_v1,0.2,Lactuca sativa,Rex,o_plus_fr,O+FR,absorptance,692.29466553768,75.78364409478165,0.7578364409478165
rex_green_butterhead_mature_leaf_optics_v1,0.2,Lactuca sativa,Rex,o_plus_fr,O+FR,absorptance,693.3107535986453,73.97016649141435,0.7397016649141435
rex_green_butterhead_mature_leaf_optics_v1,0.2,Lactuca sativa,Rex,o_plus_fr,O+FR,absorptance,693.9881456392887,71.79382954825856,0.7179382954825856
rex_green_butterhead_mature_leaf_optics_v1,0.2,Lactuca sativa,Rex,o_plus_fr,O+FR,absorptance,694.3268416596104,69.85922818671693,0.6985922818671694
rex_green_butterhead_mature_leaf_optics_v1,0.2,Lactuca sativa,Rex,o_plus_fr,O+FR,absorptance,695.6816257408975,67.44125804889387,0.6744125804889387
rex_green_butterhead_mature_leaf_optics_v1,0.2,Lactuca sativa,Rex,o_plus_fr,O+FR,absorptance,696.0203217612193,65.38573770307171,0.6538573770307171
rex_green_butterhead_mature_leaf_optics_v1,0.2,Lactuca sativa,Rex,o_plus_fr,O+FR,absorptance,697.0364098221846,63.33042213114335,0.6333042213114335
rex_green_butterhead_mature_leaf_optics_v1,0.2,Lactuca sativa,Rex,o_plus_fr,O+FR,absorptance,698.05249788315,61.15418757493445,0.6115418757493445
rex_green_butterhead_mature_leaf_optics_v1,0.2,Lactuca sativa,Rex,o_plus_fr,O+FR,absorptance,698.7298899237934,58.97785063177866,0.5897785063177866
rex_green_butterhead_mature_leaf_optics_v1,0.2,Lactuca sativa,Rex,o_plus_fr,O+FR,absorptance,699.7459779847586,56.80161607556976,0.5680161607556976
rex_green_butterhead_mature_leaf_optics_v1,0.2,Lactuca sativa,Rex,o_plus_fr,O+FR,absorptance,700.7620660457239,54.98813847220247,0.5498813847220247
rex_green_butterhead_mature_leaf_optics_v1,0.2,Lactuca sativa,Rex,o_plus_fr,O+FR,absorptance,701.1007620660457,52.69078015781925,0.5269078015781925
rex_green_butterhead_mature_leaf_optics_v1,0.2,Lactuca sativa,Rex,o_plus_fr,O+FR,absorptance,702.9788824730473,49.64127774348539,0.4964127774348539
rex_green_butterhead_mature_leaf_optics_v1,0.2,Lactuca sativa,Rex,o_plus_fr,O+FR,absorptance,703.9326685904751,47.768737253873816,0.47768737253873816
rex_green_butterhead_mature_leaf_optics_v1,0.2,Lactuca sativa,Rex,o_plus_fr,O+FR,absorptance,704.886454707903,44.53413944300193,0.44534139443001935
rex_green_butterhead_mature_leaf_optics_v1,0.2,Lactuca sativa,Rex,o_plus_fr,O+FR,absorptance,705.8402408253307,43.00211328370544,0.4300211328370544
rex_green_butterhead_mature_leaf_optics_v1,0.2,Lactuca sativa,Rex,o_plus_fr,O+FR,absorptance,706.7940269427586,40.10802980314864,0.40108029803148637
rex_green_butterhead_mature_leaf_optics_v1,0.2,Lactuca sativa,Rex,o_plus_fr,O+FR,absorptance,707.7478130601864,38.57600364385215,0.38576003643852147
rex_green_butterhead_mature_leaf_optics_v1,0.2,Lactuca sativa,Rex,o_plus_fr,O+FR,absorptance,708.7015991776143,35.85217732845288,0.35852177328452883
rex_green_butterhead_mature_leaf_optics_v1,0.2,Lactuca sativa,Rex,o_plus_fr,O+FR,absorptance,709.6553852950422,34.14989400399885,0.34149894003998854
rex_green_butterhead_mature_leaf_optics_v1,0.2,Lactuca sativa,Rex,o_plus_fr,O+FR,absorptance,710.60917141247,32.617867844702346,0.3261786784470235
rex_green_butterhead_mature_leaf_optics_v1,0.2,Lactuca sativa,Rex,o_plus_fr,O+FR,absorptance,711.5629575298979,30.74532735509078,0.3074532735509078
rex_green_butterhead_mature_leaf_optics_v1,0.2,Lactuca sativa,Rex,o_plus_fr,O+FR,absorptance,712.5167436473257,29.04304403063675,0.2904304403063675
rex_green_butterhead_mature_leaf_optics_v1,0.2,Lactuca sativa,Rex,o_plus_fr,O+FR,absorptance,713.4705297647536,26.65973204555256,0.2665973204555256
rex_green_butterhead_mature_leaf_optics_v1,0.2,Lactuca sativa,Rex,o_plus_fr,O+FR,absorptance,713.9474228234674,25.04243314011663,0.25042433140116627
rex_green_butterhead_mature_leaf_optics_v1,0.2,Lactuca sativa,Rex,o_plus_fr,O+FR,absorptance,714.4243158821814,23.93590573015329,0.2393590573015329
rex_green_butterhead_mature_leaf_optics_v1,0.2,Lactuca sativa,Rex,o_plus_fr,O+FR,absorptance,715.6960307054185,22.12021373796801,0.2212021373796801
rex_green_butterhead_mature_leaf_optics_v1,0.2,Lactuca sativa,Rex,o_plus_fr,O+FR,absorptance,716.8087811757509,20.36122607964836,0.20361226079648362
rex_green_butterhead_mature_leaf_optics_v1,0.2,Lactuca sativa,Rex,o_plus_fr,O+FR,absorptance,717.7625672931788,18.82919992035187,0.1882919992035187
rex_green_butterhead_mature_leaf_optics_v1,0.2,Lactuca sativa,Rex,o_plus_fr,O+FR,absorptance,718.7163534106066,16.871530848161527,0.16871530848161526
rex_green_butterhead_mature_leaf_optics_v1,0.2,Lactuca sativa,Rex,o_plus_fr,O+FR,absorptance,720.1470325867483,15.254520269846935,0.15254520269846936
rex_green_butterhead_mature_leaf_optics_v1,0.2,Lactuca sativa,Rex,o_plus_fr,O+FR,absorptance,721.5777117628901,12.87135244832342,0.1287135244832342
rex_green_butterhead_mature_leaf_optics_v1,0.2,Lactuca sativa,Rex,o_plus_fr,O+FR,absorptance,723.4852839977458,9.807300129730436,0.09807300129730435
rex_green_butterhead_mature_leaf_optics_v1,0.2,Lactuca sativa,Rex,o_plus_fr,O+FR,absorptance,725.3928562326014,7.424276471767598,0.07424276471767598
rex_green_butterhead_mature_leaf_optics_v1,0.2,Lactuca sativa,Rex,o_plus_fr,O+FR,absorptance,727.3004284674571,5.211509978962297,0.052115099789622976
rex_green_butterhead_mature_leaf_optics_v1,0.2,Lactuca sativa,Rex,o_plus_fr,O+FR,absorptance,729.2080007023128,3.935157894523471,0.03935157894523471
rex_green_butterhead_mature_leaf_optics_v1,0.2,Lactuca sativa,Rex,o_plus_fr,O+FR,absorptance,731.1155729371685,2.318291479769556,0.02318291479769556
rex_green_butterhead_mature_leaf_optics_v1,0.2,Lactuca sativa,Rex,o_plus_fr,O+FR,absorptance,732.5462521133102,1.1269238143488138,0.011269238143488139
rex_green_butterhead_mature_leaf_optics_v1,0.2,Lactuca sativa,Rex,r_plus_fr,R+FR,absorptance,402.8541841890883,85.19105071561177,0.8519105071561177
rex_green_butterhead_mature_leaf_optics_v1,0.2,Lactuca sativa,Rex,r_plus_fr,R+FR,absorptance,403.4900416007068,86.38304308979544,0.8638304308979543
rex_green_butterhead_mature_leaf_optics_v1,0.2,Lactuca sativa,Rex,r_plus_fr,R+FR,absorptance,406.92367162344704,84.55665416140806,0.8455665416140806
rex_green_butterhead_mature_leaf_optics_v1,0.2,Lactuca sativa,Rex,r_plus_fr,R+FR,absorptance,409.5306870110831,83.71750690742923,0.8371750690742923
rex_green_butterhead_mature_leaf_optics_v1,0.2,Lactuca sativa,Rex,r_plus_fr,R+FR,absorptance,410.8024018343202,85.53396777193811,0.8553396777193811
rex_green_butterhead_mature_leaf_optics_v1,0.2,Lactuca sativa,Rex,r_plus_fr,R+FR,absorptance,411.1203305401296,82.07216818944194,0.8207216818944194
rex_green_butterhead_mature_leaf_optics_v1,0.2,Lactuca sativa,Rex,r_plus_fr,R+FR,absorptance,413.0279027749852,87.81892416775156,0.8781892416775157
rex_green_butterhead_mature_leaf_optics_v1,0.2,Lactuca sativa,Rex,r_plus_fr,R+FR,absorptance,415.4123680685548,84.3293730998254,0.843293730998254
rex_green_butterhead_mature_leaf_optics_v1,0.2,Lactuca sativa,Rex,r_plus_fr,R+FR,absorptance,415.5713324214594,85.53540940754485,0.8553540940754485
rex_green_butterhead_mature_leaf_optics_v1,0.2,Lactuca sativa,Rex,r_plus_fr,R+FR,absorptance,418.2737264208383,87.09691701499945,0.8709691701499945
rex_green_butterhead_mature_leaf_optics_v1,0.2,Lactuca sativa,Rex,r_plus_fr,R+FR,absorptance,420.181298655694,88.84262961210692,0.8884262961210692
rex_green_butterhead_mature_leaf_optics_v1,0.2,Lactuca sativa,Rex,r_plus_fr,R+FR,absorptance,423.0426570079775,89.0563160499179,0.8905631604991789
rex_green_butterhead_mature_leaf_optics_v1,0.2,Lactuca sativa,Rex,r_plus_fr,R+FR,absorptance,425.0456078545759,87.62676134954941,0.8762676134954941
rex_green_butterhead_mature_leaf_optics_v1,0.2,Lactuca sativa,Rex,r_plus_fr,R+FR,absorptance,428.7653737125445,88.16419589556892,0.8816419589556892
rex_green_butterhead_mature_leaf_optics_v1,0.2,Lactuca sativa,Rex,r_plus_fr,R+FR,absorptance,432.29438234702747,88.34403272933334,0.8834403272933333
rex_green_butterhead_mature_leaf_optics_v1,0.2,Lactuca sativa,Rex,r_plus_fr,R+FR,absorptance,435.600840887444,89.34387429894491,0.8934387429894491
rex_green_butterhead_mature_leaf_optics_v1,0.2,Lactuca sativa,Rex,r_plus_fr,R+FR,absorptance,439.2570210042507,90.25301776708363,0.9025301776708363
rex_green_butterhead_mature_leaf_optics_v1,0.2,Lactuca sativa,Rex,r_plus_fr,R+FR,absorptance,442.5952724152481,89.51624586299235,0.8951624586299235
rex_green_butterhead_mature_leaf_optics_v1,0.2,Lactuca sativa,Rex,r_plus_fr,R+FR,absorptance,446.88730994367336,89.02095993666228,0.8902095993666228
rex_green_butterhead_mature_leaf_optics_v1,0.2,Lactuca sativa,Rex,r_plus_fr,R+FR,absorptance,450.2255613546708,88.61051426578962,0.8861051426578962
rex_green_butterhead_mature_leaf_optics_v1,0.2,Lactuca sativa,Rex,r_plus_fr,R+FR,absorptance,453.5638127656682,87.49066374009388,0.8749066374009388
rex_green_butterhead_mature_leaf_optics_v1,0.2,Lactuca sativa,Rex,r_plus_fr,R+FR,absorptance,457.3789572353796,86.76822409665975,0.8676822409665975
rex_green_butterhead_mature_leaf_optics_v1,0.2,Lactuca sativa,Rex,r_plus_fr,R+FR,absorptance,461.1941017050909,87.02476315288146,0.8702476315288146
rex_green_butterhead_mature_leaf_optics_v1,0.2,Lactuca sativa,Rex,r_plus_fr,R+FR,absorptance,465.00924617480223,87.1961736265244,0.871961736265244
rex_green_butterhead_mature_leaf_optics_v1,0.2,Lactuca sativa,Rex,r_plus_fr,R+FR,absorptance,467.8706045270858,87.70781010336107,0.8770781010336107
rex_green_butterhead_mature_leaf_optics_v1,0.2,Lactuca sativa,Rex,r_plus_fr,R+FR,absorptance,470.7319628793692,88.61671329889866,0.8861671329889866
rex_green_butterhead_mature_leaf_optics_v1,0.2,Lactuca sativa,Rex,r_plus_fr,R+FR,absorptance,474.5471073490806,88.39085705384068,0.8839085705384068
rex_green_butterhead_mature_leaf_optics_v1,0.2,Lactuca sativa,Rex,r_plus_fr,R+FR,absorptance,477.885358760078,88.3918661987654,0.883918661987654
rex_green_butterhead_mature_leaf_optics_v1,0.2,Lactuca sativa,Rex,r_plus_fr,R+FR,absorptance,481.22361017107545,87.88210384821751,0.8788210384821751
rex_green_butterhead_mature_leaf_optics_v1,0.2,Lactuca sativa,Rex,r_plus_fr,R+FR,absorptance,485.0387546407868,88.09607861314984,0.8809607861314984
rex_green_butterhead_mature_leaf_optics_v1,0.2,Lactuca sativa,Rex,r_plus_fr,R+FR,absorptance,488.85389911049816,88.18236050421402,0.8818236050421402
rex_green_butterhead_mature_leaf_optics_v1,0.2,Lactuca sativa,Rex,r_plus_fr,R+FR,absorptance,492.6690435802095,87.63017802593741,0.8763017802593741
rex_green_butterhead_mature_leaf_optics_v1,0.2,Lactuca sativa,Rex,r_plus_fr,R+FR,absorptance,496.4841880499208,86.99286696508204,0.8699286696508204
rex_green_butterhead_mature_leaf_optics_v1,0.2,Lactuca sativa,Rex,r_plus_fr,R+FR,absorptance,499.8224394609183,85.95814502196508,0.8595814502196508
rex_green_butterhead_mature_leaf_optics_v1,0.2,Lactuca sativa,Rex,r_plus_fr,R+FR,absorptance,502.68379781320175,84.54020029368297,0.8454020029368298
rex_green_butterhead_mature_leaf_optics_v1,0.2,Lactuca sativa,Rex,r_plus_fr,R+FR,absorptance,505.5451561654853,83.23576034217257,0.8323576034217257
rex_green_butterhead_mature_leaf_optics_v1,0.2,Lactuca sativa,Rex,r_plus_fr,R+FR,absorptance,507.9296214590549,81.93117622710149,0.8193117622710149
rex_green_butterhead_mature_leaf_optics_v1,0.2,Lactuca sativa,Rex,r_plus_fr,R+FR,absorptance,509.83719369391054,80.48456697750511,0.8048456697750511
rex_green_butterhead_mature_leaf_optics_v1,0.2,Lactuca sativa,Rex,r_plus_fr,R+FR,absorptance,511.74476592876624,78.95282914532997,0.7895282914532997
rex_green_butterhead_mature_leaf_optics_v1,0.2,Lactuca sativa,Rex,r_plus_fr,R+FR,absorptance,513.175445104908,78.01684722764553,0.7801684722764552
rex_green_butterhead_mature_leaf_optics_v1,0.2,Lactuca sativa,Rex,r_plus_fr,R+FR,absorptance,514.6061242810497,76.31470806675217,0.7631470806675218
rex_green_butterhead_mature_leaf_optics_v1,0.2,Lactuca sativa,Rex,r_plus_fr,R+FR,absorptance,516.0368034571915,74.44231174070129,0.7444231174070128
rex_green_butterhead_mature_leaf_optics_v1,0.2,Lactuca sativa,Rex,r_plus_fr,R+FR,absorptance,518.4212687507611,72.39994657661418,0.7239994657661418
rex_green_butterhead_mature_leaf_optics_v1,0.2,Lactuca sativa,Rex,r_plus_fr,R+FR,absorptance,519.8519479269028,71.20857891119346,0.7120857891119345
rex_green_butterhead_mature_leaf_optics_v1,0.2,Lactuca sativa,Rex,r_plus_fr,R+FR,absorptance,521.2826271030445,69.22267780837086,0.6922267780837086
rex_green_butterhead_mature_leaf_optics_v1,0.2,Lactuca sativa,Rex,r_plus_fr,R+FR,absorptance,523.0312349849956,66.82068863309252,0.6682068863309252
rex_green_butterhead_mature_leaf_optics_v1,0.2,Lactuca sativa,Rex,r_plus_fr,R+FR,absorptance,524.620878514042,65.59153409660144,0.6559153409660143
rex_green_butterhead_mature_leaf_optics_v1,0.2,Lactuca sativa,Rex,r_plus_fr,R+FR,absorptance,525.5746646314699,64.00275554891908,0.6400275554891909
rex_green_butterhead_mature_leaf_optics_v1,0.2,Lactuca sativa,Rex,r_plus_fr,R+FR,absorptance,527.9591299250394,61.93201419063909,0.6193201419063908
rex_green_butterhead_mature_leaf_optics_v1,0.2,Lactuca sativa,Rex,r_plus_fr,R+FR,absorptance,529.8667021598951,59.91788105718425,0.5991788105718425
rex_green_butterhead_mature_leaf_optics_v1,0.2,Lactuca sativa,Rex,r_plus_fr,R+FR,absorptance,531.7742743947508,58.61315277855249,0.5861315277855249
rex_green_butterhead_mature_leaf_optics_v1,0.2,Lactuca sativa,Rex,r_plus_fr,R+FR,absorptance,533.2049535708925,57.819051831832674,0.5781905183183267
rex_green_butterhead_mature_leaf_optics_v1,0.2,Lactuca sativa,Rex,r_plus_fr,R+FR,absorptance,535.5894188644621,56.48609152256866,0.5648609152256866
rex_green_butterhead_mature_leaf_optics_v1,0.2,Lactuca sativa,Rex,r_plus_fr,R+FR,absorptance,539.4045633341734,55.29544467495129,0.5529544467495129
rex_green_butterhead_mature_leaf_optics_v1,0.2,Lactuca sativa,Rex,r_plus_fr,R+FR,absorptance,548.9424245084518,53.510627712010645,0.5351062771201065
rex_green_butterhead_mature_leaf_optics_v1,0.2,Lactuca sativa,Rex,r_plus_fr,R+FR,absorptance,555.4599629775421,53.34234078218234,0.5334234078218234
rex_green_butterhead_mature_leaf_optics_v1,0.2,Lactuca sativa,Rex,r_plus_fr,R+FR,absorptance,560.3878579175858,54.36537346325455,0.5436537346325455
rex_green_butterhead_mature_leaf_optics_v1,0.2,Lactuca sativa,Rex,r_plus_fr,R+FR,absorptance,563.7261093285833,55.671687541053736,0.5567168754105374
rex_green_butterhead_mature_leaf_optics_v1,0.2,Lactuca sativa,Rex,r_plus_fr,R+FR,absorptance,566.1105746221529,57.17634665108204,0.5717634665108204
rex_green_butterhead_mature_leaf_optics_v1,0.2,Lactuca sativa,Rex,r_plus_fr,R+FR,absorptance,568.4950399157225,58.5107485959528,0.585107485959528
rex_green_butterhead_mature_leaf_optics_v1,0.2,Lactuca sativa,Rex,r_plus_fr,R+FR,absorptance,570.879505209292,59.98703151178817,0.5998703151178817
rex_green_butterhead_mature_leaf_optics_v1,0.2,Lactuca sativa,Rex,r_plus_fr,R+FR,absorptance,572.7870774441477,61.43479406986995,0.6143479406986995
rex_green_butterhead_mature_leaf_optics_v1,0.2,Lactuca sativa,Rex,r_plus_fr,R+FR,absorptance,574.6946496790034,62.79742804537296,0.6279742804537296
rex_green_butterhead_mature_leaf_optics_v1,0.2,Lactuca sativa,Rex,r_plus_fr,R+FR,absorptance,577.0791149725729,63.9899490192791,0.639899490192791
rex_green_butterhead_mature_leaf_optics_v1,0.2,Lactuca sativa,Rex,r_plus_fr,R+FR,absorptance,579.9404733248565,65.66500945802562,0.6566500945802562
rex_green_butterhead_mature_leaf_optics_v1,0.2,Lactuca sativa,Rex,r_plus_fr,R+FR,absorptance,583.2787247358539,66.92875924453543,0.6692875924453543
rex_green_butterhead_mature_leaf_optics_v1,0.2,Lactuca sativa,Rex,r_plus_fr,R+FR,absorptance,588.047655322993,68.71790111429632,0.6871790111429632
rex_green_butterhead_mature_leaf_optics_v1,0.2,Lactuca sativa,Rex,r_plus_fr,R+FR,absorptance,591.8627997927044,69.57034024856942,0.6957034024856942
rex_green_butterhead_mature_leaf_optics_v1,0.2,Lactuca sativa,Rex,r_plus_fr,R+FR,absorptance,595.2010512037018,70.20981376283493,0.7020981376283493
rex_green_butterhead_mature_leaf_optics_v1,0.2,Lactuca sativa,Rex,r_plus_fr,R+FR,absorptance,599.3341243792224,70.72183467583338,0.7072183467583337
rex_green_butterhead_mature_leaf_optics_v1,0.2,Lactuca sativa,Rex,r_plus_fr,R+FR,absorptance,603.3082332018384,71.57432186462671,0.7157432186462671
rex_green_butterhead_mature_leaf_optics_v1,0.2,Lactuca sativa,Rex,r_plus_fr,R+FR,absorptance,607.1233776715499,72.34163241632103,0.7234163241632103
rex_green_butterhead_mature_leaf_optics_v1,0.2,Lactuca sativa,Rex,r_plus_fr,R+FR,absorptance,610.4616290825472,73.56281791154144,0.7356281791154144
rex_green_butterhead_mature_leaf_optics_v1,0.2,Lactuca sativa,Rex,r_plus_fr,R+FR,absorptance,613.64091614064,74.69882676966287,0.7469882676966287
rex_green_butterhead_mature_leaf_optics_v1,0.2,Lactuca sativa,Rex,r_plus_fr,R+FR,absorptance,617.615024963256,75.83507590038542,0.7583507590038542
rex_green_butterhead_mature_leaf_optics_v1,0.2,Lactuca sativa,Rex,r_plus_fr,R+FR,absorptance,620.9532763742534,76.91438042464122,0.7691438042464123
rex_green_butterhead_mature_leaf_optics_v1,0.2,Lactuca sativa,Rex,r_plus_fr,R+FR,absorptance,625.2453139026786,77.45482558635284,0.7745482558635284
rex_green_butterhead_mature_leaf_optics_v1,0.2,Lactuca sativa,Rex,r_plus_fr,R+FR,absorptance,629.06045837239,77.79649322515333,0.7779649322515333
rex_green_butterhead_mature_leaf_optics_v1,0.2,Lactuca sativa,Rex,r_plus_fr,R+FR,absorptance,632.8756028421013,78.1381608639538,0.781381608639538
rex_green_butterhead_mature_leaf_optics_v1,0.2,Lactuca sativa,Rex,r_plus_fr,R+FR,absorptance,636.6907473118127,78.73521425049059,0.7873521425049058
rex_green_butterhead_mature_leaf_optics_v1,0.2,Lactuca sativa,Rex,r_plus_fr,R+FR,absorptance,640.0289987228101,79.87127116313223,0.7987127116313224
rex_green_butterhead_mature_leaf_optics_v1,0.2,Lactuca sativa,Rex,r_plus_fr,R+FR,absorptance,642.8903570750937,81.17744107737076,0.8117744107737076
rex_green_butterhead_mature_leaf_optics_v1,0.2,Lactuca sativa,Rex,r_plus_fr,R+FR,absorptance,645.7517154273771,82.37010621483758,0.8237010621483758
rex_green_butterhead_mature_leaf_optics_v1,0.2,Lactuca sativa,Rex,r_plus_fr,R+FR,absorptance,649.0899668383746,83.8466774577943,0.838466774577943
rex_green_butterhead_mature_leaf_optics_v1,0.2,Lactuca sativa,Rex,r_plus_fr,R+FR,absorptance,653.0640756609906,84.64241225820177,0.8464241225820177
rex_green_butterhead_mature_leaf_optics_v1,0.2,Lactuca sativa,Rex,r_plus_fr,R+FR,absorptance,656.7202557777973,85.67924860020864,0.8567924860020864
rex_green_butterhead_mature_leaf_optics_v1,0.2,Lactuca sativa,Rex,r_plus_fr,R+FR,absorptance,660.5354002475086,86.99989493866497,0.8699989493866497
rex_green_butterhead_mature_leaf_optics_v1,0.2,Lactuca sativa,Rex,r_plus_fr,R+FR,absorptance,664.3505447172199,88.19284840325314,0.8819284840325313
rex_green_butterhead_mature_leaf_optics_v1,0.2,Lactuca sativa,Rex,r_plus_fr,R+FR,absorptance,670.073261421787,88.96073560919017,0.8896073560919017
rex_green_butterhead_mature_leaf_optics_v1,0.2,Lactuca sativa,Rex,r_plus_fr,R+FR,absorptance,672.9346197740705,88.96160059055421,0.8896160059055421
rex_green_butterhead_mature_leaf_optics_v1,0.2,Lactuca sativa,Rex,r_plus_fr,R+FR,absorptance,677.7035503612096,88.23944927424144,0.8823944927424143
rex_green_butterhead_mature_leaf_optics_v1,0.2,Lactuca sativa,Rex,r_plus_fr,R+FR,absorptance,681.518694830921,87.04880242662406,0.8704880242662406
rex_green_butterhead_mature_leaf_optics_v1,0.2,Lactuca sativa,Rex,r_plus_fr,R+FR,absorptance,684.3800531832045,85.21940288254459,0.8521940288254458
rex_green_butterhead_mature_leaf_optics_v1,0.2,Lactuca sativa,Rex,r_plus_fr,R+FR,absorptance,685.8107323593463,84.19829238228138,0.8419829238228138
rex_green_butterhead_mature_leaf_optics_v1,0.2,Lactuca sativa,Rex,r_plus_fr,R+FR,absorptance,687.2414115354879,82.49615322138801,0.8249615322138801
rex_green_butterhead_mature_leaf_optics_v1,0.2,Lactuca sativa,Rex,r_plus_fr,R+FR,absorptance,689.1489837703436,80.08475336923226,0.8008475336923226
rex_green_butterhead_mature_leaf_optics_v1,0.2,Lactuca sativa,Rex,r_plus_fr,R+FR,absorptance,689.6258768290577,79.09173073604063,0.7909173073604063
rex_green_butterhead_mature_leaf_optics_v1,0.2,Lactuca sativa,Rex,r_plus_fr,R+FR,absorptance,690.5796629464854,77.38944741158659,0.7738944741158659
rex_green_butterhead_mature_leaf_optics_v1,0.2,Lactuca sativa,Rex,r_plus_fr,R+FR,absorptance,691.5334490639133,75.8574212522901,0.7585742125229009
rex_green_butterhead_mature_leaf_optics_v1,0.2,Lactuca sativa,Rex,r_plus_fr,R+FR,absorptance,692.0103421226272,74.4103795120117,0.744103795120117
rex_green_butterhead_mature_leaf_optics_v1,0.2,Lactuca sativa,Rex,r_plus_fr,R+FR,absorptance,693.4410212987689,71.09079728212173,0.7109079728212173
rex_green_butterhead_mature_leaf_optics_v1,0.2,Lactuca sativa,Rex,r_plus_fr,R+FR,absorptance,693.9179143574829,69.95589367796546,0.6995589367796546
rex_green_butterhead_mature_leaf_optics_v1,0.2,Lactuca sativa,Rex,r_plus_fr,R+FR,absorptance,694.8717004749108,68.19685796512559,0.6819685796512559
rex_green_butterhead_mature_leaf_optics_v1,0.2,Lactuca sativa,Rex,r_plus_fr,R+FR,absorptance,695.3485935336246,66.66468764226843,0.6666468764226843
rex_green_butterhead_mature_leaf_optics_v1,0.2,Lactuca sativa,Rex,r_plus_fr,R+FR,absorptance,696.3023796510524,63.94086132686916,0.6394086132686916
rex_green_butterhead_mature_leaf_optics_v1,0.2,Lactuca sativa,Rex,r_plus_fr,R+FR,absorptance,697.2561657684803,61.89806367210005,0.6189806367210005
rex_green_butterhead_mature_leaf_optics_v1,0.2,Lactuca sativa,Rex,r_plus_fr,R+FR,absorptance,698.2099518859081,59.85526601733094,0.5985526601733094
rex_green_butterhead_mature_leaf_optics_v1,0.2,Lactuca sativa,Rex,r_plus_fr,R+FR,absorptance,698.8458092975268,57.58536269997799,0.5758536269997799
rex_green_butterhead_mature_leaf_optics_v1,0.2,Lactuca sativa,Rex,r_plus_fr,R+FR,absorptance,700.1175241207638,54.57787055168995,0.5457787055168994
rex_green_butterhead_mature_leaf_optics_v1,0.2,Lactuca sativa,Rex,r_plus_fr,R+FR,absorptance,700.7533815323824,52.42147201110869,0.5242147201110869
rex_green_butterhead_mature_leaf_optics_v1,0.2,Lactuca sativa,Rex,r_plus_fr,R+FR,absorptance,702.0250963556196,50.32201807699419,0.5032201807699419
rex_green_butterhead_mature_leaf_optics_v1,0.2,Lactuca sativa,Rex,r_plus_fr,R+FR,absorptance,702.5019894143334,48.61959058897949,0.4861959058897949
rex_green_butterhead_mature_leaf_optics_v1,0.2,Lactuca sativa,Rex,r_plus_fr,R+FR,absorptance,703.4557755317612,45.98089285615899,0.4598089285615899
rex_green_butterhead_mature_leaf_optics_v1,0.2,Lactuca sativa,Rex,r_plus_fr,R+FR,absorptance,704.886454707903,43.17208212174163,0.43172082121741634
rex_green_butterhead_mature_leaf_optics_v1,0.2,Lactuca sativa,Rex,r_plus_fr,R+FR,absorptance,705.3633477666169,41.49803082791984,0.4149803082791984
rex_green_butterhead_mature_leaf_optics_v1,0.2,Lactuca sativa,Rex,r_plus_fr,R+FR,absorptance,705.8402408253307,39.93748431086975,0.3993748431086975
rex_green_butterhead_mature_leaf_optics_v1,0.2,Lactuca sativa,Rex,r_plus_fr,R+FR,absorptance,706.3171338840448,38.23505682285504,0.3823505682285504
rex_green_butterhead_mature_leaf_optics_v1,0.2,Lactuca sativa,Rex,r_plus_fr,R+FR,absorptance,707.2709200014726,36.67465446936564,0.3667465446936564
rex_green_butterhead_mature_leaf_optics_v1,0.2,Lactuca sativa,Rex,r_plus_fr,R+FR,absorptance,707.7478130601864,35.05735556392968,0.3505735556392968
rex_green_butterhead_mature_leaf_optics_v1,0.2,Lactuca sativa,Rex,r_plus_fr,R+FR,absorptance,708.2247061189005,33.55356143526544,0.33553561435265444
rex_green_butterhead_mature_leaf_optics_v1,0.2,Lactuca sativa,Rex,r_plus_fr,R+FR,absorptance,709.1784922363282,31.26956612985648,0.3126956612985648
rex_green_butterhead_mature_leaf_optics_v1,0.2,Lactuca sativa,Rex,r_plus_fr,R+FR,absorptance,710.60917141247,29.21272454155158,0.2921272454155158
rex_green_butterhead_mature_leaf_optics_v1,0.2,Lactuca sativa,Rex,r_plus_fr,R+FR,absorptance,711.0860644711839,27.31166369418642,0.2731166369418642
rex_green_butterhead_mature_leaf_optics_v1,0.2,Lactuca sativa,Rex,r_plus_fr,R+FR,absorptance,712.0398505886117,25.07023268006684,0.2507023268006684
rex_green_butterhead_mature_leaf_optics_v1,0.2,Lactuca sativa,Rex,r_plus_fr,R+FR,absorptance,713.9474228234674,20.913696885046313,0.20913696885046312
rex_green_butterhead_mature_leaf_optics_v1,0.2,Lactuca sativa,Rex,r_plus_fr,R+FR,absorptance,715.3781019996092,18.601469549005103,0.18601469549005104
rex_green_butterhead_mature_leaf_optics_v1,0.2,Lactuca sativa,Rex,r_plus_fr,R+FR,absorptance,715.8549950583231,16.955794449376242,0.1695579444937624
rex_green_butterhead_mature_leaf_optics_v1,0.2,Lactuca sativa,Rex,r_plus_fr,R+FR,absorptance,717.2856742344649,14.232112297537654,0.14232112297537655
rex_green_butterhead_mature_leaf_optics_v1,0.2,Lactuca sativa,Rex,r_plus_fr,R+FR,absorptance,718.2394603518926,12.756838526626993,0.12756838526626993
rex_green_butterhead_mature_leaf_optics_v1,0.2,Lactuca sativa,Rex,r_plus_fr,R+FR,absorptance,719.1932464693205,10.997802813787132,0.10997802813787132
rex_green_butterhead_mature_leaf_optics_v1,0.2,Lactuca sativa,Rex,r_plus_fr,R+FR,absorptance,720.6239256454624,8.27412066194853,0.0827412066194853
rex_green_butterhead_mature_leaf_optics_v1,0.2,Lactuca sativa,Rex,r_plus_fr,R+FR,absorptance,721.1008187041762,7.252721834563985,0.07252721834563985
rex_green_butterhead_mature_leaf_optics_v1,0.2,Lactuca sativa,Rex,r_plus_fr,R+FR,absorptance,722.054604821604,5.777448063653338,0.057774480636533385
rex_green_butterhead_mature_leaf_optics_v1,0.2,Lactuca sativa,Rex,r_plus_fr,R+FR,absorptance,723.4852839977458,4.103685096952901,0.04103685096952901
rex_green_butterhead_mature_leaf_optics_v1,0.2,Lactuca sativa,Rex,r_plus_fr,R+FR,absorptance,724.9159631738876,1.8056458580081485,0.018056458580081484
rex_green_butterhead_mature_leaf_optics_v1,0.2,Lactuca sativa,Rex,r_plus_fr,R+FR,absorptance,725.8697492913154,0.6141340290267294,0.006141340290267294
rex_green_butterhead_mature_leaf_optics_v1,0.2,Lactuca sativa,Rex,orange,Orange,absorptance,403.1721128948976,90.29886177937836,0.9029886177937836
rex_green_butterhead_mature_leaf_optics_v1,0.2,Lactuca sativa,Rex,orange,Orange,absorptance,405.7155425413718,89.35375751193787,0.8935375751193787
rex_green_butterhead_mature_leaf_optics_v1,0.2,Lactuca sativa,Rex,orange,Orange,absorptance,409.2127583052738,90.52769740469031,0.9052769740469031
rex_green_butterhead_mature_leaf_optics_v1,0.2,Lactuca sativa,Rex,orange,Orange,absorptance,409.68965136398776,91.94665127789716,0.9194665127789716
rex_green_butterhead_mature_leaf_optics_v1,0.2,Lactuca sativa,Rex,orange,Orange,absorptance,410.929573316644,92.8323633619741,0.928323633619741
rex_green_butterhead_mature_leaf_optics_v1,0.2,Lactuca sativa,Rex,orange,Orange,absorptance,413.0279027749852,94.16100356986985,0.9416100356986985
rex_green_butterhead_mature_leaf_optics_v1,0.2,Lactuca sativa,Rex,orange,Orange,absorptance,414.9354750098408,89.9051510951741,0.8990515109517411
rex_green_butterhead_mature_leaf_optics_v1,0.2,Lactuca sativa,Rex,orange,Orange,absorptance,415.4123680685548,91.52273832773139,0.9152273832773139
rex_green_butterhead_mature_leaf_optics_v1,0.2,Lactuca sativa,Rex,orange,Orange,absorptance,419.2275125382661,92.58799891845142,0.9258799891845142
rex_green_butterhead_mature_leaf_optics_v1,0.2,Lactuca sativa,Rex,orange,Orange,absorptance,423.2470397474263,92.0318244825304,0.920318244825304
rex_green_butterhead_mature_leaf_optics_v1,0.2,Lactuca sativa,Rex,orange,Orange,absorptance,426.142461889618,91.31316055139968,0.9131316055139967
rex_green_butterhead_mature_leaf_optics_v1,0.2,Lactuca sativa,Rex,orange,Orange,absorptance,429.2422667712584,92.46333347935744,0.9246333347935745
rex_green_butterhead_mature_leaf_optics_v1,0.2,Lactuca sativa,Rex,orange,Orange,absorptance,433.05741124096977,93.42927739040223,0.9342927739040223
rex_green_butterhead_mature_leaf_optics_v1,0.2,Lactuca sativa,Rex,orange,Orange,absorptance,436.3956626519672,94.38088904078988,0.9438088904078988
rex_green_butterhead_mature_leaf_optics_v1,0.2,Lactuca sativa,Rex,orange,Orange,absorptance,440.2108071216785,94.0840923102496,0.940840923102496
rex_green_butterhead_mature_leaf_optics_v1,0.2,Lactuca sativa,Rex,orange,Orange,absorptance,443.54905853267593,93.26219182357954,0.9326219182357954
rex_green_butterhead_mature_leaf_optics_v1,0.2,Lactuca sativa,Rex,orange,Orange,absorptance,446.4104168849594,94.43593949825107,0.9443593949825108
rex_green_butterhead_mature_leaf_optics_v1,0.2,Lactuca sativa,Rex,orange,Orange,absorptance,449.74866829595686,92.85261113407094,0.9285261113407094
rex_green_butterhead_mature_leaf_optics_v1,0.2,Lactuca sativa,Rex,orange,Orange,absorptance,453.4048484127636,92.13012343611658,0.9213012343611657
rex_green_butterhead_mature_leaf_optics_v1,0.2,Lactuca sativa,Rex,orange,Orange,absorptance,454.99449194181,92.47111831163392,0.9247111831163392
rex_green_butterhead_mature_leaf_optics_v1,0.2,Lactuca sativa,Rex,orange,Orange,absorptance,458.1737789999028,91.33703163432148,0.9133703163432147
rex_green_butterhead_mature_leaf_optics_v1,0.2,Lactuca sativa,Rex,orange,Orange,absorptance,458.8096364115213,90.42918563822886,0.9042918563822886
rex_green_butterhead_mature_leaf_optics_v1,0.2,Lactuca sativa,Rex,orange,Orange,absorptance,462.1478878225187,91.79225210441388,0.9179225210441387
rex_green_butterhead_mature_leaf_optics_v1,0.2,Lactuca sativa,Rex,orange,Orange,absorptance,465.9630322922301,92.17648403450374,0.9217648403450375
rex_green_butterhead_mature_leaf_optics_v1,0.2,Lactuca sativa,Rex,orange,Orange,absorptance,469.77817676194144,93.19918033393438,0.9319918033393438
rex_green_butterhead_mature_leaf_optics_v1,0.2,Lactuca sativa,Rex,orange,Orange,absorptance,473.5933212316528,92.561869273079,0.92561869273079
rex_green_butterhead_mature_leaf_optics_v1,0.2,Lactuca sativa,Rex,orange,Orange,absorptance,477.4084657013641,93.24405124219456,0.9324405124219456
rex_green_butterhead_mature_leaf_optics_v1,0.2,Lactuca sativa,Rex,orange,Orange,absorptance,481.22361017107545,92.73443305520736,0.9273443305520737
rex_green_butterhead_mature_leaf_optics_v1,0.2,Lactuca sativa,Rex,orange,Orange,absorptance,485.0387546407868,93.24635785916536,0.9324635785916535
rex_green_butterhead_mature_leaf_optics_v1,0.2,Lactuca sativa,Rex,orange,Orange,absorptance,488.85389911049816,93.2475111676508,0.932475111676508
rex_green_butterhead_mature_leaf_optics_v1,0.2,Lactuca sativa,Rex,orange,Orange,absorptance,492.6690435802095,92.99327872839989,0.9299327872839989
rex_green_butterhead_mature_leaf_optics_v1,0.2,Lactuca sativa,Rex,orange,Orange,absorptance,496.4841880499208,92.52622483270204,0.9252622483270204
rex_green_butterhead_mature_leaf_optics_v1,0.2,Lactuca sativa,Rex,orange,Orange,absorptance,500.2993325196322,91.71865660668914,0.9171865660668914
rex_green_butterhead_mature_leaf_optics_v1,0.2,Lactuca sativa,Rex,orange,Orange,absorptance,504.11447698934353,90.57057405036116,0.9057057405036116
rex_green_butterhead_mature_leaf_optics_v1,0.2,Lactuca sativa,Rex,orange,Orange,absorptance,507.45272840034096,89.70610927240173,0.8970610927240174
rex_green_butterhead_mature_leaf_optics_v1,0.2,Lactuca sativa,Rex,orange,Orange,absorptance,510.31408675262446,88.17465976734795,0.8817465976734795
rex_green_butterhead_mature_leaf_optics_v1,0.2,Lactuca sativa,Rex,orange,Orange,absorptance,512.6985520461941,86.95520423485563,0.8695520423485563
rex_green_butterhead_mature_leaf_optics_v1,0.2,Lactuca sativa,Rex,orange,Orange,absorptance,514.6061242810497,85.59372356783801,0.8559372356783801
rex_green_butterhead_mature_leaf_optics_v1,0.2,Lactuca sativa,Rex,orange,Orange,absorptance,516.5136965159054,84.31737148339919,0.8431737148339918
rex_green_butterhead_mature_leaf_optics_v1,0.2,Lactuca sativa,Rex,orange,Orange,absorptance,518.4212687507611,82.78563365122403,0.8278563365122403
rex_green_butterhead_mature_leaf_optics_v1,0.2,Lactuca sativa,Rex,orange,Orange,absorptance,520.3288409856167,80.91338148873382,0.8091338148873382
rex_green_butterhead_mature_leaf_optics_v1,0.2,Lactuca sativa,Rex,orange,Orange,absorptance,522.2364132204724,79.38164365655867,0.7938164365655866
rex_green_butterhead_mature_leaf_optics_v1,0.2,Lactuca sativa,Rex,orange,Orange,absorptance,524.1439854553281,77.9350344069623,0.779350344069623
rex_green_butterhead_mature_leaf_optics_v1,0.2,Lactuca sativa,Rex,orange,Orange,absorptance,526.0515576901837,76.14791082705085,0.7614791082705085
rex_green_butterhead_mature_leaf_optics_v1,0.2,Lactuca sativa,Rex,orange,Orange,absorptance,527.9591299250394,74.44591582971816,0.7444591582971816
rex_green_butterhead_mature_leaf_optics_v1,0.2,Lactuca sativa,Rex,orange,Orange,absorptance,530.343595218609,72.80081738433199,0.72800817384332
rex_green_butterhead_mature_leaf_optics_v1,0.2,Lactuca sativa,Rex,orange,Orange,absorptance,532.7280605121786,71.29759990991045,0.7129759990991045
rex_green_butterhead_mature_leaf_optics_v1,0.2,Lactuca sativa,Rex,orange,Orange,absorptance,535.5894188644621,70.06410044388235,0.7006410044388235
rex_green_butterhead_mature_leaf_optics_v1,0.2,Lactuca sativa,Rex,orange,Orange,absorptance,539.4045633341734,69.46935367431637,0.6946935367431637
rex_green_butterhead_mature_leaf_optics_v1,0.2,Lactuca sativa,Rex,orange,Orange,absorptance,543.2197078038848,68.66178544830346,0.6866178544830346
rex_green_butterhead_mature_leaf_optics_v1,0.2,Lactuca sativa,Rex,orange,Orange,absorptance,547.0348522735961,67.89678151357994,0.6789678151357994
rex_green_butterhead_mature_leaf_optics_v1,0.2,Lactuca sativa,Rex,orange,Orange,absorptance,551.6448185078307,67.52928457015847,0.6752928457015847
rex_green_butterhead_mature_leaf_optics_v1,0.2,Lactuca sativa,Rex,orange,Orange,absorptance,555.6189273304467,67.51629783606764,0.6751629783606764
rex_green_butterhead_mature_leaf_optics_v1,0.2,Lactuca sativa,Rex,orange,Orange,absorptance,559.434071800158,68.19847980518318,0.6819847980518319
rex_green_butterhead_mature_leaf_optics_v1,0.2,Lactuca sativa,Rex,orange,Orange,absorptance,562.7723232111555,69.29197242653545,0.6929197242653545
rex_green_butterhead_mature_leaf_optics_v1,0.2,Lactuca sativa,Rex,orange,Orange,absorptance,565.6336815634389,70.54138995238813,0.7054138995238813
rex_green_butterhead_mature_leaf_optics_v1,0.2,Lactuca sativa,Rex,orange,Orange,absorptance,568.0181468570086,71.73391092629427,0.7173391092629428
rex_green_butterhead_mature_leaf_optics_v1,0.2,Lactuca sativa,Rex,orange,Orange,absorptance,570.4026121505781,73.0399366769721,0.7303993667697211
rex_green_butterhead_mature_leaf_optics_v1,0.2,Lactuca sativa,Rex,orange,Orange,absorptance,572.7870774441477,74.11895287410655,0.7411895287410656
rex_green_butterhead_mature_leaf_optics_v1,0.2,Lactuca sativa,Rex,orange,Orange,absorptance,575.1715427377173,75.65198817832778,0.7565198817832779
rex_green_butterhead_mature_leaf_optics_v1,0.2,Lactuca sativa,Rex,orange,Orange,absorptance,578.5097941487147,77.10018322709159,0.7710018322709159
rex_green_butterhead_mature_leaf_optics_v1,0.2,Lactuca sativa,Rex,orange,Orange,absorptance,582.3249386184261,78.59108673070546,0.7859108673070545
rex_green_butterhead_mature_leaf_optics_v1,0.2,Lactuca sativa,Rex,orange,Orange,absorptance,586.1400830881374,79.69891161271485,0.7969891161271485
rex_green_butterhead_mature_leaf_optics_v1,0.2,Lactuca sativa,Rex,orange,Orange,absorptance,589.9552275578487,80.4236578731198,0.8042365787311979
rex_green_butterhead_mature_leaf_optics_v1,0.2,Lactuca sativa,Rex,orange,Orange,absorptance,593.7703720275601,81.02071125965658,0.8102071125965657
rex_green_butterhead_mature_leaf_optics_v1,0.2,Lactuca sativa,Rex,orange,Orange,absorptance,597.5855164972714,81.44750748103583,0.8144750748103583
rex_green_butterhead_mature_leaf_optics_v1,0.2,Lactuca sativa,Rex,orange,Orange,absorptance,601.4006609669827,82.00199657628323,0.8200199657628323
rex_green_butterhead_mature_leaf_optics_v1,0.2,Lactuca sativa,Rex,orange,Orange,absorptance,605.2158054366942,82.55648567153064,0.8255648567153063
rex_green_butterhead_mature_leaf_optics_v1,0.2,Lactuca sativa,Rex,orange,Orange,absorptance,609.0309499064055,83.11097476677804,0.8311097476677805
rex_green_butterhead_mature_leaf_optics_v1,0.2,Lactuca sativa,Rex,orange,Orange,absorptance,612.8460943761168,84.3464925226556,0.8434649252265559
rex_green_butterhead_mature_leaf_optics_v1,0.2,Lactuca sativa,Rex,orange,Orange,absorptance,616.6612388458282,85.28406023950745,0.8528406023950745
rex_green_butterhead_mature_leaf_optics_v1,0.2,Lactuca sativa,Rex,orange,Orange,absorptance,620.4763833155395,86.09393508249117,0.8609393508249117
rex_green_butterhead_mature_leaf_optics_v1,0.2,Lactuca sativa,Rex,orange,Orange,absorptance,624.2915277852509,86.64842417773856,0.8664842417773856
rex_green_butterhead_mature_leaf_optics_v1,0.2,Lactuca sativa,Rex,orange,Orange,absorptance,628.1066722549622,86.90496323396027,0.8690496323396028
rex_green_butterhead_mature_leaf_optics_v1,0.2,Lactuca sativa,Rex,orange,Orange,absorptance,631.9218167246736,86.99124512502445,0.8699124512502445
rex_green_butterhead_mature_leaf_optics_v1,0.2,Lactuca sativa,Rex,orange,Orange,absorptance,635.7369611943849,87.29034847253554,0.8729034847253554
rex_green_butterhead_mature_leaf_optics_v1,0.2,Lactuca sativa,Rex,orange,Orange,absorptance,639.5521056640962,88.01509473294048,0.8801509473294048
rex_green_butterhead_mature_leaf_optics_v1,0.2,Lactuca sativa,Rex,orange,Orange,absorptance,643.3672501338076,89.03779103237112,0.8903779103237112
rex_green_butterhead_mature_leaf_optics_v1,0.2,Lactuca sativa,Rex,orange,Orange,absorptance,647.1823946035189,90.06048733180175,0.9006048733180175
rex_green_butterhead_mature_leaf_optics_v1,0.2,Lactuca sativa,Rex,orange,Orange,absorptance,650.9975390732302,90.95549075736425,0.9095549075736424
rex_green_butterhead_mature_leaf_optics_v1,0.2,Lactuca sativa,Rex,orange,Orange,absorptance,654.8126835429416,91.50997985261164,0.9150997985261163
rex_green_butterhead_mature_leaf_optics_v1,0.2,Lactuca sativa,Rex,orange,Orange,absorptance,658.627828012653,92.23472611301658,0.9223472611301657
rex_green_butterhead_mature_leaf_optics_v1,0.2,Lactuca sativa,Rex,orange,Orange,absorptance,662.4429724823642,92.9594723734215,0.929594723734215
rex_green_butterhead_mature_leaf_optics_v1,0.2,Lactuca sativa,Rex,orange,Orange,absorptance,666.4170813049802,93.44306903770683,0.9344306903770684
rex_green_butterhead_mature_leaf_optics_v1,0.2,Lactuca sativa,Rex,orange,Orange,absorptance,670.073261421787,93.51511477715432,0.9351511477715433
rex_green_butterhead_mature_leaf_optics_v1,0.2,Lactuca sativa,Rex,orange,Orange,absorptance,673.8884058914983,93.2608823379034,0.932608823379034
rex_green_butterhead_mature_leaf_optics_v1,0.2,Lactuca sativa,Rex,orange,Orange,absorptance,677.7035503612096,92.79382844220558,0.9279382844220558
rex_green_butterhead_mature_leaf_optics_v1,0.2,Lactuca sativa,Rex,orange,Orange,absorptance,681.518694830921,91.90113163361391,0.9190113163361392
rex_green_butterhead_mature_leaf_optics_v1,0.2,Lactuca sativa,Rex,orange,Orange,absorptance,684.8569462419184,90.66777633114648,0.9066777633114649
rex_green_butterhead_mature_leaf_optics_v1,0.2,Lactuca sativa,Rex,orange,Orange,absorptance,687.2414115354879,89.39156841026832,0.8939156841026832
rex_green_butterhead_mature_leaf_optics_v1,0.2,Lactuca sativa,Rex,orange,Orange,absorptance,689.1489837703436,87.8882067722861,0.8788820677228609
rex_green_butterhead_mature_leaf_optics_v1,0.2,Lactuca sativa,Rex,orange,Orange,absorptance,690.8975916522948,85.78889700173227,0.8578889700173227
rex_green_butterhead_mature_leaf_optics_v1,0.2,Lactuca sativa,Rex,orange,Orange,absorptance,692.4872351813411,83.94492492439451,0.8394492492439452
rex_green_butterhead_mature_leaf_optics_v1,0.2,Lactuca sativa,Rex,orange,Orange,absorptance,693.4410212987689,81.90212726962541,0.8190212726962541
rex_green_butterhead_mature_leaf_optics_v1,0.2,Lactuca sativa,Rex,orange,Orange,absorptance,694.3948074161967,80.51198208129354,0.8051198208129354
rex_green_butterhead_mature_leaf_optics_v1,0.2,Lactuca sativa,Rex,orange,Orange,absorptance,695.3485935336246,79.3204702523121,0.793204702523121
rex_green_butterhead_mature_leaf_optics_v1,0.2,Lactuca sativa,Rex,orange,Orange,absorptance,695.8254865923386,77.90180470622664,0.7790180470622664
rex_green_butterhead_mature_leaf_optics_v1,0.2,Lactuca sativa,Rex,orange,Orange,absorptance,696.7792727097664,76.02926421661506,0.7602926421661507
rex_green_butterhead_mature_leaf_optics_v1,0.2,Lactuca sativa,Rex,orange,Orange,absorptance,697.7330588271942,74.07159514442472,0.7407159514442472
rex_green_butterhead_mature_leaf_optics_v1,0.2,Lactuca sativa,Rex,orange,Orange,absorptance,698.6868449446221,72.11392607223438,0.7211392607223438
rex_green_butterhead_mature_leaf_optics_v1,0.2,Lactuca sativa,Rex,orange,Orange,absorptance,699.163738003336,70.58175574937721,0.7058175574937721
rex_green_butterhead_mature_leaf_optics_v1,0.2,Lactuca sativa,Rex,orange,Orange,absorptance,700.1175241207638,69.39024392039579,0.6939024392039579
rex_green_butterhead_mature_leaf_optics_v1,0.2,Lactuca sativa,Rex,orange,Orange,absorptance,700.435452826573,67.49859374990803,0.6749859374990802
rex_green_butterhead_mature_leaf_optics_v1,0.2,Lactuca sativa,Rex,orange,Orange,absorptance,701.0713102381917,65.55974603147253,0.6555974603147253
rex_green_butterhead_mature_leaf_optics_v1,0.2,Lactuca sativa,Rex,orange,Orange,absorptance,702.0250963556196,64.62361995022741,0.6462361995022741
rex_green_butterhead_mature_leaf_optics_v1,0.2,Lactuca sativa,Rex,orange,Orange,absorptance,702.3430250614288,62.86439201930664,0.6286439201930665
rex_green_butterhead_mature_leaf_optics_v1,0.2,Lactuca sativa,Rex,orange,Orange,absorptance,703.2968111788566,60.93509914130922,0.6093509914130922
rex_green_butterhead_mature_leaf_optics_v1,0.2,Lactuca sativa,Rex,orange,Orange,absorptance,704.4095616491891,58.66533998751695,0.5866533998751695
rex_green_butterhead_mature_leaf_optics_v1,0.2,Lactuca sativa,Rex,orange,Orange,absorptance,705.2043834137123,56.45223711307008,0.5645223711307008
rex_green_butterhead_mature_leaf_optics_v1,0.2,Lactuca sativa,Rex,orange,Orange,absorptance,705.8402408253307,54.66472909699682,0.5466472909699682
rex_green_butterhead_mature_leaf_optics_v1,0.2,Lactuca sativa,Rex,orange,Orange,absorptance,706.7940269427586,53.78535540413756,0.5378535540413756
rex_green_butterhead_mature_leaf_optics_v1,0.2,Lactuca sativa,Rex,orange,Orange,absorptance,707.1119556485679,51.87478777085452,0.5187478777085451
rex_green_butterhead_mature_leaf_optics_v1,0.2,Lactuca sativa,Rex,orange,Orange,absorptance,707.7478130601864,50.66426237003737,0.5066426237003737
rex_green_butterhead_mature_leaf_optics_v1,0.2,Lactuca sativa,Rex,orange,Orange,absorptance,708.7015991776143,48.96197904558333,0.48961979045583326
rex_green_butterhead_mature_leaf_optics_v1,0.2,Lactuca sativa,Rex,orange,Orange,absorptance,709.1784922363282,47.6000658878837,0.476000658878837
rex_green_butterhead_mature_leaf_optics_v1,0.2,Lactuca sativa,Rex,orange,Orange,absorptance,710.1322783537561,45.89778256342967,0.45897782563429673
rex_green_butterhead_mature_leaf_optics_v1,0.2,Lactuca sativa,Rex,orange,Orange,absorptance,710.60917141247,44.25210746380081,0.4425210746380081
rex_green_butterhead_mature_leaf_optics_v1,0.2,Lactuca sativa,Rex,orange,Orange,absorptance,711.5629575298979,43.17410041159109,0.43174100411591093
rex_green_butterhead_mature_leaf_optics_v1,0.2,Lactuca sativa,Rex,orange,Orange,absorptance,711.8808862357071,41.41487248067031,0.4141487248067031
rex_green_butterhead_mature_leaf_optics_v1,0.2,Lactuca sativa,Rex,orange,Orange,absorptance,712.5167436473257,40.109759765876746,0.40109759765876746
rex_green_butterhead_mature_leaf_optics_v1,0.2,Lactuca sativa,Rex,orange,Orange,absorptance,713.4705297647536,38.74799077173779,0.3874799077173779
rex_green_butterhead_mature_leaf_optics_v1,0.2,Lactuca sativa,Rex,orange,Orange,absorptance,713.9474228234674,37.30094903145938,0.3730094903145938
rex_green_butterhead_mature_leaf_optics_v1,0.2,Lactuca sativa,Rex,orange,Orange,absorptance,714.4243158821814,35.7404025144093,0.357404025144093
rex_green_butterhead_mature_leaf_optics_v1,0.2,Lactuca sativa,Rex,orange,Orange,absorptance,715.3781019996092,34.662395462199555,0.3466239546219956
rex_green_butterhead_mature_leaf_optics_v1,0.2,Lactuca sativa,Rex,orange,Orange,absorptance,715.8549950583231,33.130225139342386,0.33130225139342384
rex_green_butterhead_mature_leaf_optics_v1,0.2,Lactuca sativa,Rex,orange,Orange,absorptance,716.8087811757509,31.541446591660048,0.3154144659166005
rex_green_butterhead_mature_leaf_optics_v1,0.2,Lactuca sativa,Rex,orange,Orange,absorptance,717.6036029402742,29.27159132882734,0.2927159132882734
rex_green_butterhead_mature_leaf_optics_v1,0.2,Lactuca sativa,Rex,orange,Orange,absorptance,718.7163534106066,27.172089340192613,0.2717208934019261
rex_green_butterhead_mature_leaf_optics_v1,0.2,Lactuca sativa,Rex,orange,Orange,absorptance,719.1932464693205,25.81017618249298,0.25810176182492983
rex_green_butterhead_mature_leaf_optics_v1,0.2,Lactuca sativa,Rex,orange,Orange,absorptance,720.4649612925576,23.767474636764305,0.23767474636764305
rex_green_butterhead_mature_leaf_optics_v1,0.2,Lactuca sativa,Rex,orange,Orange,absorptance,721.5777117628901,21.724725036515423,0.21724725036515424
rex_green_butterhead_mature_leaf_optics_v1,0.2,Lactuca sativa,Rex,orange,Orange,absorptance,722.5314978803179,19.852184546903857,0.19852184546903856
rex_green_butterhead_mature_leaf_optics_v1,0.2,Lactuca sativa,Rex,orange,Orange,absorptance,723.4852839977458,17.97964405729229,0.1797964405729229
rex_green_butterhead_mature_leaf_optics_v1,0.2,Lactuca sativa,Rex,orange,Orange,absorptance,724.9159631738876,15.851861983505074,0.15851861983505075
rex_green_butterhead_mature_leaf_optics_v1,0.2,Lactuca sativa,Rex,orange,Orange,absorptance,725.8697492913154,14.404964406787345,0.14404964406787346
rex_green_butterhead_mature_leaf_optics_v1,0.2,Lactuca sativa,Rex,orange,Orange,absorptance,726.8235354087433,12.674304888140384,0.12674304888140384
rex_green_butterhead_mature_leaf_optics_v1,0.2,Lactuca sativa,Rex,orange,Orange,absorptance,728.254214584885,11.255927669176272,0.11255927669176272
rex_green_butterhead_mature_leaf_optics_v1,0.2,Lactuca sativa,Rex,orange,Orange,absorptance,729.2080007023128,9.72390150987978,0.0972390150987978
rex_green_butterhead_mature_leaf_optics_v1,0.2,Lactuca sativa,Rex,orange,Orange,absorptance,730.1617868197407,8.277003933162035,0.08277003933162036
rex_green_butterhead_mature_leaf_optics_v1,0.2,Lactuca sativa,Rex,orange,Orange,absorptance,731.1155729371685,7.000363521601855,0.07000363521601854
rex_green_butterhead_mature_leaf_optics_v1,0.2,Lactuca sativa,Rex,orange,Orange,absorptance,732.228323407501,5.496761611018499,0.05496761611018499
rex_green_butterhead_mature_leaf_optics_v1,0.2,Lactuca sativa,Rex,orange,Orange,absorptance,733.976931289452,4.10685669528776,0.041068566952877604
rex_green_butterhead_mature_leaf_optics_v1,0.2,Lactuca sativa,Rex,orange,Orange,absorptance,735.8845035243077,2.3197331153763088,0.023197331153763087
rex_green_butterhead_mature_leaf_optics_v1,0.2,Lactuca sativa,Rex,orange,Orange,absorptance,737.7920757591633,0.7879952832011696,0.007879952832011696
rex_green_butterhead_mature_leaf_optics_v1,0.2,Lactuca sativa,Rex,red,Red,absorptance,401.10557630713726,87.09172712681514,0.8709172712681514
rex_green_butterhead_mature_leaf_optics_v1,0.2,Lactuca sativa,Rex,red,Red,absorptance,402.536255483279,89.64601709486024,0.8964601709486024
rex_green_butterhead_mature_leaf_optics_v1,0.2,Lactuca sativa,Rex,red,Red,absorptance,403.9669346594208,91.5192784022752,0.9151927840227521
rex_green_butterhead_mature_leaf_optics_v1,0.2,Lactuca sativa,Rex,red,Red,absorptance,407.3051860704182,87.00847267052515,0.8700847267052515
rex_green_butterhead_mature_leaf_optics_v1,0.2,Lactuca sativa,Rex,red,Red,absorptance,407.4959432939037,88.7451534205563,0.8874515342055631
rex_green_butterhead_mature_leaf_optics_v1,0.2,Lactuca sativa,Rex,red,Red,absorptance,407.7820791291321,90.44213633142952,0.9044213633142952
rex_green_butterhead_mature_leaf_optics_v1,0.2,Lactuca sativa,Rex,red,Red,absorptance,411.6653511786597,90.2689993275242,0.902689993275242
rex_green_butterhead_mature_leaf_optics_v1,0.2,Lactuca sativa,Rex,red,Red,absorptance,415.5713324214594,89.905343313255,0.89905343313255
rex_green_butterhead_mature_leaf_optics_v1,0.2,Lactuca sativa,Rex,red,Red,absorptance,416.3661541859826,89.39481209038352,0.8939481209038352
rex_green_butterhead_mature_leaf_optics_v1,0.2,Lactuca sativa,Rex,red,Red,absorptance,420.181298655694,90.289815515946,0.90289815515946
rex_green_butterhead_mature_leaf_optics_v1,0.2,Lactuca sativa,Rex,red,Red,absorptance,423.5195500666914,90.0780032044238,0.900780032044238
rex_green_butterhead_mature_leaf_optics_v1,0.2,Lactuca sativa,Rex,red,Red,absorptance,425.904015360261,88.97205244870318,0.8897205244870318
rex_green_butterhead_mature_leaf_optics_v1,0.2,Lactuca sativa,Rex,red,Red,absorptance,429.0515095477728,90.69260129629475,0.9069260129629475
rex_green_butterhead_mature_leaf_optics_v1,0.2,Lactuca sativa,Rex,red,Red,absorptance,432.2625894764466,91.6980892720328,0.916980892720328
rex_green_butterhead_mature_leaf_optics_v1,0.2,Lactuca sativa,Rex,red,Red,absorptance,437.349448769395,92.63604142504646,0.9263604142504646
rex_green_butterhead_mature_leaf_optics_v1,0.2,Lactuca sativa,Rex,red,Red,absorptance,440.2108071216785,93.06254931930437,0.9306254931930437
rex_green_butterhead_mature_leaf_optics_v1,0.2,Lactuca sativa,Rex,red,Red,absorptance,443.072165473962,92.04187130972318,0.9204187130972318
rex_green_butterhead_mature_leaf_optics_v1,0.2,Lactuca sativa,Rex,red,Red,absorptance,446.4104168849594,92.9414599374238,0.929414599374238
rex_green_butterhead_mature_leaf_optics_v1,0.2,Lactuca sativa,Rex,red,Red,absorptance,449.9076326488615,91.05077085734057,0.9105077085734057
rex_green_butterhead_mature_leaf_optics_v1,0.2,Lactuca sativa,Rex,red,Red,absorptance,453.0869197069543,90.76797000581584,0.9076797000581585
rex_green_butterhead_mature_leaf_optics_v1,0.2,Lactuca sativa,Rex,red,Red,absorptance,457.3789572353796,90.25849598238928,0.9025849598238928
rex_green_butterhead_mature_leaf_optics_v1,0.2,Lactuca sativa,Rex,red,Red,absorptance,461.1941017050909,90.60016362118976,0.9060016362118977
rex_green_butterhead_mature_leaf_optics_v1,0.2,Lactuca sativa,Rex,red,Red,absorptance,465.00924617480223,90.77157409483272,0.9077157409483272
rex_green_butterhead_mature_leaf_optics_v1,0.2,Lactuca sativa,Rex,red,Red,absorptance,468.34749758579966,91.39685951200174,0.9139685951200174
rex_green_butterhead_mature_leaf_optics_v1,0.2,Lactuca sativa,Rex,red,Red,absorptance,471.6857489967971,91.92282824949557,0.9192282824949557
rex_green_butterhead_mature_leaf_optics_v1,0.2,Lactuca sativa,Rex,red,Red,absorptance,475.0240004077945,91.45563019023704,0.9145563019023705
rex_green_butterhead_mature_leaf_optics_v1,0.2,Lactuca sativa,Rex,red,Red,absorptance,479.3160379362198,91.45692766228312,0.9145692766228312
rex_green_butterhead_mature_leaf_optics_v1,0.2,Lactuca sativa,Rex,red,Red,absorptance,483.1311824059311,91.841159592373,0.91841159592373
rex_green_butterhead_mature_leaf_optics_v1,0.2,Lactuca sativa,Rex,red,Red,absorptance,486.94632687564246,91.67205573570084,0.9167205573570084
rex_green_butterhead_mature_leaf_optics_v1,0.2,Lactuca sativa,Rex,red,Red,absorptance,490.7614713453538,91.58808046160748,0.9158808046160748
rex_green_butterhead_mature_leaf_optics_v1,0.2,Lactuca sativa,Rex,red,Red,absorptance,494.5766158150652,91.50410518751411,0.9150410518751412
rex_green_butterhead_mature_leaf_optics_v1,0.2,Lactuca sativa,Rex,red,Red,absorptance,498.3917602847765,90.86679412665876,0.9086679412665876
rex_green_butterhead_mature_leaf_optics_v1,0.2,Lactuca sativa,Rex,red,Red,absorptance,502.2069047544878,89.63358298775199,0.8963358298775199
rex_green_butterhead_mature_leaf_optics_v1,0.2,Lactuca sativa,Rex,red,Red,absorptance,506.0220492241992,88.44293614013463,0.8844293614013463
rex_green_butterhead_mature_leaf_optics_v1,0.2,Lactuca sativa,Rex,red,Red,absorptance,508.8834075764827,87.37969383926406,0.8737969383926406
rex_green_butterhead_mature_leaf_optics_v1,0.2,Lactuca sativa,Rex,red,Red,absorptance,510.7909798113384,86.188470337404,0.86188470337404
rex_green_butterhead_mature_leaf_optics_v1,0.2,Lactuca sativa,Rex,red,Red,absorptance,512.6985520461941,84.99724683554393,0.8499724683554394
rex_green_butterhead_mature_leaf_optics_v1,0.2,Lactuca sativa,Rex,red,Red,absorptance,514.6061242810497,83.4655090033688,0.834655090033688
rex_green_butterhead_mature_leaf_optics_v1,0.2,Lactuca sativa,Rex,red,Red,absorptance,516.5136965159054,82.01889975377242,0.8201889975377241
rex_green_butterhead_mature_leaf_optics_v1,0.2,Lactuca sativa,Rex,red,Red,absorptance,518.5436071126164,80.08420302512474,0.8008420302512473
rex_green_butterhead_mature_leaf_optics_v1,0.2,Lactuca sativa,Rex,red,Red,absorptance,520.3288409856167,78.35952401137074,0.7835952401137074
rex_green_butterhead_mature_leaf_optics_v1,0.2,Lactuca sativa,Rex,red,Red,absorptance,522.2364132204724,76.48727184888051,0.7648727184888051
rex_green_butterhead_mature_leaf_optics_v1,0.2,Lactuca sativa,Rex,red,Red,absorptance,523.6670923966142,75.52291373700317,0.7552291373700316
rex_green_butterhead_mature_leaf_optics_v1,0.2,Lactuca sativa,Rex,red,Red,absorptance,525.097771572756,73.93427935288149,0.7393427935288149
rex_green_butterhead_mature_leaf_optics_v1,0.2,Lactuca sativa,Rex,red,Red,absorptance,526.5284507488976,72.7996640758466,0.7279966407584659
rex_green_butterhead_mature_leaf_optics_v1,0.2,Lactuca sativa,Rex,red,Red,absorptance,527.9591299250394,71.32453446849662,0.7132453446849663
rex_green_butterhead_mature_leaf_optics_v1,0.2,Lactuca sativa,Rex,red,Red,absorptance,529.8667021598951,69.67929185954979,0.696792918595498
rex_green_butterhead_mature_leaf_optics_v1,0.2,Lactuca sativa,Rex,red,Red,absorptance,531.7742743947508,68.31781119253218,0.6831781119253217
rex_green_butterhead_mature_leaf_optics_v1,0.2,Lactuca sativa,Rex,red,Red,absorptance,534.1587396883203,67.12673185423279,0.6712673185423279
rex_green_butterhead_mature_leaf_optics_v1,0.2,Lactuca sativa,Rex,red,Red,absorptance,537.4969910993177,65.97850513434412,0.6597850513434412
rex_green_butterhead_mature_leaf_optics_v1,0.2,Lactuca sativa,Rex,red,Red,absorptance,541.3121355690291,65.08580832575245,0.6508580832575245
rex_green_butterhead_mature_leaf_optics_v1,0.2,Lactuca sativa,Rex,red,Red,absorptance,546.0810661561683,64.06570697041398,0.6406570697041398
rex_green_butterhead_mature_leaf_optics_v1,0.2,Lactuca sativa,Rex,red,Red,absorptance,549.737246272975,63.78305028244992,0.6378305028244992
rex_green_butterhead_mature_leaf_optics_v1,0.2,Lactuca sativa,Rex,red,Red,absorptance,554.6651412130188,63.727787584191056,0.6372778758419105
rex_green_butterhead_mature_leaf_optics_v1,0.2,Lactuca sativa,Rex,red,Red,absorptance,558.4802856827301,64.28227667943845,0.6428227667943845
rex_green_butterhead_mature_leaf_optics_v1,0.2,Lactuca sativa,Rex,red,Red,absorptance,561.8185370937276,65.31901691240488,0.6531901691240488
rex_green_butterhead_mature_leaf_optics_v1,0.2,Lactuca sativa,Rex,red,Red,absorptance,564.6798954460111,66.62518682664339,0.6662518682664339
rex_green_butterhead_mature_leaf_optics_v1,0.2,Lactuca sativa,Rex,red,Red,absorptance,567.5412537982946,68.10161390603943,0.6810161390603944
rex_green_butterhead_mature_leaf_optics_v1,0.2,Lactuca sativa,Rex,red,Red,absorptance,569.9257190918643,69.35088726833143,0.6935088726833143
rex_green_butterhead_mature_leaf_optics_v1,0.2,Lactuca sativa,Rex,red,Red,absorptance,572.3101843854338,70.65691301900927,0.7065691301900927
rex_green_butterhead_mature_leaf_optics_v1,0.2,Lactuca sativa,Rex,red,Red,absorptance,575.1715427377173,72.4738544287204,0.724738544287204
rex_green_butterhead_mature_leaf_optics_v1,0.2,Lactuca sativa,Rex,red,Red,absorptance,578.5097941487147,74.24837571070282,0.7424837571070282
rex_green_butterhead_mature_leaf_optics_v1,0.2,Lactuca sativa,Rex,red,Red,absorptance,581.8480455597121,75.54050169140555,0.7554050169140555
rex_green_butterhead_mature_leaf_optics_v1,0.2,Lactuca sativa,Rex,red,Red,absorptance,585.1862969707096,76.67655860404719,0.7667655860404718
rex_green_butterhead_mature_leaf_optics_v1,0.2,Lactuca sativa,Rex,red,Red,absorptance,589.0014414404209,77.61412632089906,0.7761412632089906
rex_green_butterhead_mature_leaf_optics_v1,0.2,Lactuca sativa,Rex,red,Red,absorptance,593.7703720275601,78.55198236487227,0.7855198236487227
rex_green_butterhead_mature_leaf_optics_v1,0.2,Lactuca sativa,Rex,red,Red,absorptance,597.1086234385575,78.83675345172622,0.7883675345172623
rex_green_butterhead_mature_leaf_optics_v1,0.2,Lactuca sativa,Rex,red,Red,absorptance,601.4006609669827,79.49070339020955,0.7949070339020955
rex_green_butterhead_mature_leaf_optics_v1,0.2,Lactuca sativa,Rex,red,Red,absorptance,604.7389123779802,80.20111738995735,0.8020111738995734
rex_green_butterhead_mature_leaf_optics_v1,0.2,Lactuca sativa,Rex,red,Red,absorptance,609.0309499064055,80.85506732844065,0.8085506732844066
rex_green_butterhead_mature_leaf_optics_v1,0.2,Lactuca sativa,Rex,red,Red,absorptance,612.8460943761168,82.13314937560759,0.8213314937560758
rex_green_butterhead_mature_leaf_optics_v1,0.2,Lactuca sativa,Rex,red,Red,absorptance,616.8202031987328,83.09914134117261,0.8309914134117261
rex_green_butterhead_mature_leaf_optics_v1,0.2,Lactuca sativa,Rex,red,Red,absorptance,620.6353476684442,84.12183764060325,0.8412183764060325
rex_green_butterhead_mature_leaf_optics_v1,0.2,Lactuca sativa,Rex,red,Red,absorptance,624.4504921381555,84.46350527940372,0.8446350527940372
rex_green_butterhead_mature_leaf_optics_v1,0.2,Lactuca sativa,Rex,red,Red,absorptance,628.1066722549622,84.86187725206982,0.8486187725206982
rex_green_butterhead_mature_leaf_optics_v1,0.2,Lactuca sativa,Rex,red,Red,absorptance,631.9218167246736,85.03328772571275,0.8503328772571276
rex_green_butterhead_mature_leaf_optics_v1,0.2,Lactuca sativa,Rex,red,Red,absorptance,635.7369611943849,85.41751965580262,0.8541751965580262
rex_green_butterhead_mature_leaf_optics_v1,0.2,Lactuca sativa,Rex,red,Red,absorptance,639.5521056640962,86.22739449878634,0.8622739449878634
rex_green_butterhead_mature_leaf_optics_v1,0.2,Lactuca sativa,Rex,red,Red,absorptance,643.3672501338076,87.4203479633745,0.874203479633745
rex_green_butterhead_mature_leaf_optics_v1,0.2,Lactuca sativa,Rex,red,Red,absorptance,647.1823946035189,88.61330142796267,0.8861330142796267
rex_green_butterhead_mature_leaf_optics_v1,0.2,Lactuca sativa,Rex,red,Red,absorptance,651.4744321319442,89.63614189095398,0.8963614189095398
rex_green_butterhead_mature_leaf_optics_v1,0.2,Lactuca sativa,Rex,red,Red,absorptance,655.7664696603695,90.27590373234082,0.9027590373234082
rex_green_butterhead_mature_leaf_optics_v1,0.2,Lactuca sativa,Rex,red,Red,absorptance,659.5816141300808,91.2134714491927,0.912134714491927
rex_green_butterhead_mature_leaf_optics_v1,0.2,Lactuca sativa,Rex,red,Red,absorptance,663.3967585997921,91.93821770959764,0.9193821770959764
rex_green_butterhead_mature_leaf_optics_v1,0.2,Lactuca sativa,Rex,red,Red,absorptance,668.3246535398359,92.47885508939017,0.9247885508939017
rex_green_butterhead_mature_leaf_optics_v1,0.2,Lactuca sativa,Rex,red,Red,absorptance,671.9808336566426,92.36645556658364,0.9236645556658364
rex_green_butterhead_mature_leaf_optics_v1,0.2,Lactuca sativa,Rex,red,Red,absorptance,675.9549424792586,91.97039021088834,0.9197039021088834
rex_green_butterhead_mature_leaf_optics_v1,0.2,Lactuca sativa,Rex,red,Red,absorptance,679.6111225960653,91.30465490131982,0.9130465490131983
rex_green_butterhead_mature_leaf_optics_v1,0.2,Lactuca sativa,Rex,red,Red,absorptance,682.4724809483489,90.58192693076434,0.9058192693076434
rex_green_butterhead_mature_leaf_optics_v1,0.2,Lactuca sativa,Rex,red,Red,absorptance,684.8569462419184,89.41922378665787,0.8941922378665786
rex_green_butterhead_mature_leaf_optics_v1,0.2,Lactuca sativa,Rex,red,Red,absorptance,687.2414115354879,87.94438250642925,0.8794438250642925
rex_green_butterhead_mature_leaf_optics_v1,0.2,Lactuca sativa,Rex,red,Red,absorptance,689.1489837703436,86.4126446742541,0.8641264467425409
rex_green_butterhead_mature_leaf_optics_v1,0.2,Lactuca sativa,Rex,red,Red,absorptance,691.0565560051994,84.19987818144881,0.8419987818144881
rex_green_butterhead_mature_leaf_optics_v1,0.2,Lactuca sativa,Rex,red,Red,absorptance,692.0103421226272,82.66785202215232,0.8266785202215232
rex_green_butterhead_mature_leaf_optics_v1,0.2,Lactuca sativa,Rex,red,Red,absorptance,692.9641282400551,81.05069728027705,0.8105069728027705
rex_green_butterhead_mature_leaf_optics_v1,0.2,Lactuca sativa,Rex,red,Red,absorptance,693.9179143574829,79.17815679066547,0.7917815679066547
rex_green_butterhead_mature_leaf_optics_v1,0.2,Lactuca sativa,Rex,red,Red,absorptance,694.3948074161967,77.73111505038707,0.7773111505038708
rex_green_butterhead_mature_leaf_optics_v1,0.2,Lactuca sativa,Rex,red,Red,absorptance,695.3485935336246,76.53960322140566,0.7653960322140566
rex_green_butterhead_mature_leaf_optics_v1,0.2,Lactuca sativa,Rex,red,Red,absorptance,695.8254865923386,75.09256148112725,0.7509256148112725
rex_green_butterhead_mature_leaf_optics_v1,0.2,Lactuca sativa,Rex,red,Red,absorptance,696.7792727097664,73.30514957409446,0.7330514957409445
rex_green_butterhead_mature_leaf_optics_v1,0.2,Lactuca sativa,Rex,red,Red,absorptance,697.7330588271942,70.63807564708104,0.7063807564708103
rex_green_butterhead_mature_leaf_optics_v1,0.2,Lactuca sativa,Rex,red,Red,absorptance,698.6868449446221,68.70878276908361,0.6870878276908361
rex_green_butterhead_mature_leaf_optics_v1,0.2,Lactuca sativa,Rex,red,Red,absorptance,699.163738003336,67.34686961138398,0.6734686961138397
rex_green_butterhead_mature_leaf_optics_v1,0.2,Lactuca sativa,Rex,red,Red,absorptance,700.1175241207638,65.98510061724502,0.6598510061724503
rex_green_butterhead_mature_leaf_optics_v1,0.2,Lactuca sativa,Rex,red,Red,absorptance,700.435452826573,64.22587268632424,0.6422587268632424
rex_green_butterhead_mature_leaf_optics_v1,0.2,Lactuca sativa,Rex,red,Red,absorptance,701.0713102381917,62.49511705863684,0.6249511705863684
rex_green_butterhead_mature_leaf_optics_v1,0.2,Lactuca sativa,Rex,red,Red,absorptance,702.0250963556196,61.55899097739172,0.6155899097739173
rex_green_butterhead_mature_leaf_optics_v1,0.2,Lactuca sativa,Rex,red,Red,absorptance,702.3430250614288,59.57275349292756,0.5957275349292757
rex_green_butterhead_mature_leaf_optics_v1,0.2,Lactuca sativa,Rex,red,Red,absorptance,703.2968111788566,57.359698673000906,0.573596986730009
rex_green_butterhead_mature_leaf_optics_v1,0.2,Lactuca sativa,Rex,red,Red,absorptance,703.9326685904751,55.60056685112058,0.5560056685112058
rex_green_butterhead_mature_leaf_optics_v1,0.2,Lactuca sativa,Rex,red,Red,absorptance,704.886454707903,53.8415311382807,0.538415311382807
rex_green_butterhead_mature_leaf_optics_v1,0.2,Lactuca sativa,Rex,red,Red,absorptance,705.8402408253307,51.1318929199779,0.5113189291997791
rex_green_butterhead_mature_leaf_optics_v1,0.2,Lactuca sativa,Rex,red,Red,absorptance,706.7940269427586,48.96140239134064,0.4896140239134064
rex_green_butterhead_mature_leaf_optics_v1,0.2,Lactuca sativa,Rex,red,Red,absorptance,707.2709200014726,47.3441034859047,0.473441034859047
rex_green_butterhead_mature_leaf_optics_v1,0.2,Lactuca sativa,Rex,red,Red,absorptance,707.7478130601864,46.06731891078383,0.46067318910783833
rex_green_butterhead_mature_leaf_optics_v1,0.2,Lactuca sativa,Rex,red,Red,absorptance,708.7015991776143,44.53529275148733,0.4453529275148733
rex_green_butterhead_mature_leaf_optics_v1,0.2,Lactuca sativa,Rex,red,Red,absorptance,709.1784922363282,42.74773668089386,0.4274773668089386
rex_green_butterhead_mature_leaf_optics_v1,0.2,Lactuca sativa,Rex,red,Red,absorptance,710.1322783537561,40.96032477386106,0.4096032477386106
rex_green_butterhead_mature_leaf_optics_v1,0.2,Lactuca sativa,Rex,red,Red,absorptance,710.60917141247,39.42815445100389,0.39428154451003894
rex_green_butterhead_mature_leaf_optics_v1,0.2,Lactuca sativa,Rex,red,Red,absorptance,711.5629575298979,38.06638545686493,0.38066385456864926
rex_green_butterhead_mature_leaf_optics_v1,0.2,Lactuca sativa,Rex,red,Red,absorptance,711.8808862357071,36.09906543519604,0.36099065435196037
rex_green_butterhead_mature_leaf_optics_v1,0.2,Lactuca sativa,Rex,red,Red,absorptance,712.9936367060395,33.98064598376604,0.3398064598376604
rex_green_butterhead_mature_leaf_optics_v1,0.2,Lactuca sativa,Rex,red,Red,absorptance,713.9474228234674,32.0229769115757,0.32022976911575696
rex_green_butterhead_mature_leaf_optics_v1,0.2,Lactuca sativa,Rex,red,Red,absorptance,714.4243158821814,30.150292258403454,0.30150292258403455
rex_green_butterhead_mature_leaf_optics_v1,0.2,Lactuca sativa,Rex,red,Red,absorptance,715.3781019996092,29.214166177158333,0.29214166177158335
rex_green_butterhead_mature_leaf_optics_v1,0.2,Lactuca sativa,Rex,red,Red,absorptance,715.8549950583231,27.596867271722388,0.27596867271722386
rex_green_butterhead_mature_leaf_optics_v1,0.2,Lactuca sativa,Rex,red,Red,absorptance,716.8087811757509,25.89458394726836,0.25894583947268357
rex_green_butterhead_mature_leaf_optics_v1,0.2,Lactuca sativa,Rex,red,Red,absorptance,717.2856742344649,24.02189929409612,0.2402189929409612
rex_green_butterhead_mature_leaf_optics_v1,0.2,Lactuca sativa,Rex,red,Red,absorptance,718.2394603518926,22.745258882535936,0.22745258882535935
rex_green_butterhead_mature_leaf_optics_v1,0.2,Lactuca sativa,Rex,red,Red,absorptance,718.7163534106066,21.298217142257528,0.21298217142257528
rex_green_butterhead_mature_leaf_optics_v1,0.2,Lactuca sativa,Rex,red,Red,absorptance,719.6701395280345,19.68106240038226,0.1968106240038226
rex_green_butterhead_mature_leaf_optics_v1,0.2,Lactuca sativa,Rex,red,Red,absorptance,720.6239256454624,17.638264745613142,0.17638264745613141
rex_green_butterhead_mature_leaf_optics_v1,0.2,Lactuca sativa,Rex,red,Red,absorptance,721.5777117628901,16.02111000373789,0.16021110003737887
rex_green_butterhead_mature_leaf_optics_v1,0.2,Lactuca sativa,Rex,red,Red,absorptance,722.5314978803179,13.978312348968783,0.13978312348968783
rex_green_butterhead_mature_leaf_optics_v1,0.2,Lactuca sativa,Rex,red,Red,absorptance,723.6442483506505,12.058526256889223,0.12058526256889224
rex_green_butterhead_mature_leaf_optics_v1,0.2,Lactuca sativa,Rex,red,Red,absorptance,725.3928562326014,9.467362453658057,0.09467362453658057
rex_green_butterhead_mature_leaf_optics_v1,0.2,Lactuca sativa,Rex,red,Red,absorptance,726.8235354087433,7.594966127607165,0.07594966127607165
rex_green_butterhead_mature_leaf_optics_v1,0.2,Lactuca sativa,Rex,red,Red,absorptance,727.777321526171,6.2331971334682095,0.062331971334682094
rex_green_butterhead_mature_leaf_optics_v1,0.2,Lactuca sativa,Rex,red,Red,absorptance,728.5351397121084,4.573317756865819,0.04573317756865819
rex_green_butterhead_mature_leaf_optics_v1,0.2,Lactuca sativa,Rex,red,Red,absorptance,730.2286198137172,2.8809639116728505,0.028809639116728503
rex_green_butterhead_mature_leaf_optics_v1,0.2,Lactuca sativa,Rex,red,Red,absorptance,730.6386798784546,1.4668614904211807,0.014668614904211808
rex_green_butterhead_mature_leaf_optics_v1,0.2,Lactuca sativa,Rex,o_plus_fr,O+FR,reflectance,403.73211517801286,9.601163508437864,0.09601163508437864
rex_green_butterhead_mature_leaf_optics_v1,0.2,Lactuca sativa,Rex,o_plus_fr,O+FR,reflectance,407.332599805867,11.342089231898854,0.11342089231898854
rex_green_butterhead_mature_leaf_optics_v1,0.2,Lactuca sativa,Rex,o_plus_fr,O+FR,reflectance,408.02884044150176,9.346393890370392,0.09346393890370391
rex_green_butterhead_mature_leaf_optics_v1,0.2,Lactuca sativa,Rex,o_plus_fr,O+FR,reflectance,410.4294516461816,10.535318774685225,0.10535318774685225
rex_green_butterhead_mature_leaf_optics_v1,0.2,Lactuca sativa,Rex,o_plus_fr,O+FR,reflectance,410.9232883726363,12.120551953771669,0.12120551953771669
rex_green_butterhead_mature_leaf_optics_v1,0.2,Lactuca sativa,Rex,o_plus_fr,O+FR,reflectance,411.5241134525082,8.572649124387738,0.08572649124387738
rex_green_butterhead_mature_leaf_optics_v1,0.2,Lactuca sativa,Rex,o_plus_fr,O+FR,reflectance,412.78684493431047,7.478083357875676,0.07478083357875676
rex_green_butterhead_mature_leaf_optics_v1,0.2,Lactuca sativa,Rex,o_plus_fr,O+FR,reflectance,415.1900492139833,8.921777860257961,0.08921777860257961
rex_green_butterhead_mature_leaf_optics_v1,0.2,Lactuca sativa,Rex,o_plus_fr,O+FR,reflectance,418.84983842732674,8.66700824219049,0.08667008242190491
rex_green_butterhead_mature_leaf_optics_v1,0.2,Lactuca sativa,Rex,o_plus_fr,O+FR,reflectance,423.30320462835897,8.157469006055564,0.08157469006055564
rex_green_butterhead_mature_leaf_optics_v1,0.2,Lactuca sativa,Rex,o_plus_fr,O+FR,reflectance,428.4027267017342,8.553777300827178,0.08553777300827178
rex_green_butterhead_mature_leaf_optics_v1,0.2,Lactuca sativa,Rex,o_plus_fr,O+FR,reflectance,431.8983838719988,7.817776181965627,0.07817776181965627
rex_green_butterhead_mature_leaf_optics_v1,0.2,Lactuca sativa,Rex,o_plus_fr,O+FR,reflectance,435.2263075061387,6.246696870549599,0.062466968705495986
rex_green_butterhead_mature_leaf_optics_v1,0.2,Lactuca sativa,Rex,o_plus_fr,O+FR,reflectance,439.0500847028391,6.459004885605822,0.06459004885605822
rex_green_butterhead_mature_leaf_optics_v1,0.2,Lactuca sativa,Rex,o_plus_fr,O+FR,reflectance,442.7199580967111,7.195006004467388,0.07195006004467387
rex_green_butterhead_mature_leaf_optics_v1,0.2,Lactuca sativa,Rex,o_plus_fr,O+FR,reflectance,446.7028252462261,7.393160151853181,0.0739316015185318
rex_green_butterhead_mature_leaf_optics_v1,0.2,Lactuca sativa,Rex,o_plus_fr,O+FR,reflectance,450.5266024429265,7.605468166909404,0.07605468166909404
rex_green_butterhead_mature_leaf_optics_v1,0.2,Lactuca sativa,Rex,o_plus_fr,O+FR,reflectance,454.3486509229648,7.647929769920651,0.07647929769920651
rex_green_butterhead_mature_leaf_optics_v1,0.2,Lactuca sativa,Rex,o_plus_fr,O+FR,reflectance,458.1810717029754,8.709469845201738,0.08709469845201738
rex_green_butterhead_mature_leaf_optics_v1,0.2,Lactuca sativa,Rex,o_plus_fr,O+FR,reflectance,461.991451345545,7.605468166909404,0.07605468166909404
rex_green_butterhead_mature_leaf_optics_v1,0.2,Lactuca sativa,Rex,o_plus_fr,O+FR,reflectance,465.8147963630799,7.775314578954379,0.07775314578954379
rex_green_butterhead_mature_leaf_optics_v1,0.2,Lactuca sativa,Rex,o_plus_fr,O+FR,reflectance,469.4655098139476,6.628851297650797,0.06628851297650798
rex_green_butterhead_mature_leaf_optics_v1,0.2,Lactuca sativa,Rex,o_plus_fr,O+FR,reflectance,471.0552568643183,6.374081679583327,0.06374081679583327
rex_green_butterhead_mature_leaf_optics_v1,0.2,Lactuca sativa,Rex,o_plus_fr,O+FR,reflectance,474.4052216358991,6.968544121740749,0.06968544121740748
rex_green_butterhead_mature_leaf_optics_v1,0.2,Lactuca sativa,Rex,o_plus_fr,O+FR,reflectance,478.2225161451169,6.543928091628303,0.06543928091628304
rex_green_butterhead_mature_leaf_optics_v1,0.2,Lactuca sativa,Rex,o_plus_fr,O+FR,reflectance,482.0424037293277,6.374081679583327,0.06374081679583327
rex_green_butterhead_mature_leaf_optics_v1,0.2,Lactuca sativa,Rex,o_plus_fr,O+FR,reflectance,485.86229131353855,6.204235267538351,0.062042352675383515
rex_green_butterhead_mature_leaf_optics_v1,0.2,Lactuca sativa,Rex,o_plus_fr,O+FR,reflectance,489.68606851023895,6.416543282594574,0.06416543282594574
rex_green_butterhead_mature_leaf_optics_v1,0.2,Lactuca sativa,Rex,o_plus_fr,O+FR,reflectance,493.50854916944286,6.501466488617069,0.06501466488617069
rex_green_butterhead_mature_leaf_optics_v1,0.2,Lactuca sativa,Rex,o_plus_fr,O+FR,reflectance,497.3331907244743,6.798697709695773,0.06798697709695772
rex_green_butterhead_mature_leaf_optics_v1,0.2,Lactuca sativa,Rex,o_plus_fr,O+FR,reflectance,501.1599931753332,7.3082369458307,0.073082369458307
rex_green_butterhead_mature_leaf_optics_v1,0.2,Lactuca sativa,Rex,o_plus_fr,O+FR,reflectance,505.94479277640346,8.072545800033083,0.08072545800033083
rex_green_butterhead_mature_leaf_optics_v1,0.2,Lactuca sativa,Rex,o_plus_fr,O+FR,reflectance,509.774620481421,8.879316257246714,0.08879316257246714
rex_green_butterhead_mature_leaf_optics_v1,0.2,Lactuca sativa,Rex,o_plus_fr,O+FR,reflectance,513.6079056197625,10.025779538550296,0.10025779538550296
rex_green_butterhead_mature_leaf_optics_v1,0.2,Lactuca sativa,Rex,o_plus_fr,O+FR,reflectance,517.4442160122627,11.469474040932582,0.11469474040932581
rex_green_butterhead_mature_leaf_optics_v1,0.2,Lactuca sativa,Rex,o_plus_fr,O+FR,reflectance,520.8005194116043,12.686706660588229,0.1268670666058823
rex_green_butterhead_mature_leaf_optics_v1,0.2,Lactuca sativa,Rex,o_plus_fr,O+FR,reflectance,524.1592718262173,14.144555030640944,0.14144555030640946
rex_green_butterhead_mature_leaf_optics_v1,0.2,Lactuca sativa,Rex,o_plus_fr,O+FR,reflectance,527.9964465770485,15.673172739045713,0.15673172739045713
rex_green_butterhead_mature_leaf_optics_v1,0.2,Lactuca sativa,Rex,o_plus_fr,O+FR,reflectance,531.8331891487142,17.159328844439244,0.17159328844439245
rex_green_butterhead_mature_leaf_optics_v1,0.2,Lactuca sativa,Rex,o_plus_fr,O+FR,reflectance,535.1845945175133,17.895329963300796,0.17895329963300796
rex_green_butterhead_mature_leaf_optics_v1,0.2,Lactuca sativa,Rex,o_plus_fr,O+FR,reflectance,539.4872262295976,18.220868919720346,0.18220868919720346
rex_green_butterhead_mature_leaf_optics_v1,0.2,Lactuca sativa,Rex,o_plus_fr,O+FR,reflectance,543.4705255582779,18.461484670117382,0.1846148467011738
rex_green_butterhead_mature_leaf_optics_v1,0.2,Lactuca sativa,Rex,o_plus_fr,O+FR,reflectance,547.1360771604949,18.772869758866506,0.18772869758866506
rex_green_butterhead_mature_leaf_optics_v1,0.2,Lactuca sativa,Rex,o_plus_fr,O+FR,reflectance,550.9568291030367,18.687946552844025,0.18687946552844026
rex_green_butterhead_mature_leaf_optics_v1,0.2,Lactuca sativa,Rex,o_plus_fr,O+FR,reflectance,554.9382556553333,18.744562023525678,0.18744562023525677
rex_green_butterhead_mature_leaf_optics_v1,0.2,Lactuca sativa,Rex,o_plus_fr,O+FR,reflectance,558.5983329881203,18.51810014079905,0.1851810014079905
rex_green_butterhead_mature_leaf_optics_v1,0.2,Lactuca sativa,Rex,o_plus_fr,O+FR,reflectance,563.3675741392323,17.753791286596652,0.1775379128659665
rex_green_butterhead_mature_leaf_optics_v1,0.2,Lactuca sativa,Rex,o_plus_fr,O+FR,reflectance,567.9741238444838,16.649789608304317,0.16649789608304316
rex_green_butterhead_mature_leaf_optics_v1,0.2,Lactuca sativa,Rex,o_plus_fr,O+FR,reflectance,571.9467627537483,15.843019151090688,0.15843019151090687
rex_green_butterhead_mature_leaf_optics_v1,0.2,Lactuca sativa,Rex,o_plus_fr,O+FR,reflectance,575.7575745754834,14.7814790758096,0.147814790758096
rex_green_butterhead_mature_leaf_optics_v1,0.2,Lactuca sativa,Rex,o_plus_fr,O+FR,reflectance,579.5714116513772,14.017170221607202,0.14017170221607203
rex_green_butterhead_mature_leaf_optics_v1,0.2,Lactuca sativa,Rex,o_plus_fr,O+FR,reflectance,583.3861130856019,13.337784573427314,0.13337784573427314
rex_green_butterhead_mature_leaf_optics_v1,0.2,Lactuca sativa,Rex,o_plus_fr,O+FR,reflectance,587.2038397739851,12.955630146326117,0.12955630146326116
rex_green_butterhead_mature_leaf_optics_v1,0.2,Lactuca sativa,Rex,o_plus_fr,O+FR,reflectance,590.0661623871501,12.573475719224916,0.12573475719224916
rex_green_butterhead_mature_leaf_optics_v1,0.2,Lactuca sativa,Rex,o_plus_fr,O+FR,reflectance,593.884321254699,12.233782895134963,0.12233782895134963
rex_green_butterhead_mature_leaf_optics_v1,0.2,Lactuca sativa,Rex,o_plus_fr,O+FR,reflectance,598.6583163766315,11.93655167405626,0.11936551674056259
rex_green_butterhead_mature_leaf_optics_v1,0.2,Lactuca sativa,Rex,o_plus_fr,O+FR,reflectance,602.4769074233458,11.639320452977556,0.11639320452977556
rex_green_butterhead_mature_leaf_optics_v1,0.2,Lactuca sativa,Rex,o_plus_fr,O+FR,reflectance,606.2959306492255,11.3845508349101,0.113845508349101
rex_green_butterhead_mature_leaf_optics_v1,0.2,Lactuca sativa,Rex,o_plus_fr,O+FR,reflectance,609.6358112402779,10.988242540138486,0.10988242540138486
rex_green_butterhead_mature_leaf_optics_v1,0.2,Lactuca sativa,Rex,o_plus_fr,O+FR,reflectance,614.8841950262173,10.365472362640247,0.10365472362640248
rex_green_butterhead_mature_leaf_optics_v1,0.2,Lactuca sativa,Rex,o_plus_fr,O+FR,reflectance,620.6097046108785,9.686086714460345,0.09686086714460344
rex_green_butterhead_mature_leaf_optics_v1,0.2,Lactuca sativa,Rex,o_plus_fr,O+FR,reflectance,623.9518901574802,9.516240302415367,0.09516240302415367
rex_green_butterhead_mature_leaf_optics_v1,0.2,Lactuca sativa,Rex,o_plus_fr,O+FR,reflectance,628.247751062638,9.176547478325418,0.09176547478325418
rex_green_butterhead_mature_leaf_optics_v1,0.2,Lactuca sativa,Rex,o_plus_fr,O+FR,reflectance,632.0697995426764,9.219009081336663,0.09219009081336664
rex_green_butterhead_mature_leaf_optics_v1,0.2,Lactuca sativa,Rex,o_plus_fr,O+FR,reflectance,636.0479127213707,8.950085595598779,0.0895008559559878
rex_green_butterhead_mature_leaf_optics_v1,0.2,Lactuca sativa,Rex,o_plus_fr,O+FR,reflectance,639.706117277774,8.539623433156763,0.08539623433156762
rex_green_butterhead_mature_leaf_optics_v1,0.2,Lactuca sativa,Rex,o_plus_fr,O+FR,reflectance,643.5221152494952,7.987622594010602,0.07987622594010602
rex_green_butterhead_mature_leaf_optics_v1,0.2,Lactuca sativa,Rex,o_plus_fr,O+FR,reflectance,648.2922207589381,7.3082369458307,0.073082369458307
rex_green_butterhead_mature_leaf_optics_v1,0.2,Lactuca sativa,Rex,o_plus_fr,O+FR,reflectance,653.2238652364668,6.855313180377436,0.06855313180377437
rex_green_butterhead_mature_leaf_optics_v1,0.2,Lactuca sativa,Rex,o_plus_fr,O+FR,reflectance,656.8830782109229,6.543928091628303,0.06543928091628304
rex_green_butterhead_mature_leaf_optics_v1,0.2,Lactuca sativa,Rex,o_plus_fr,O+FR,reflectance,660.7003727201406,6.119312061515871,0.06119312061515871
rex_green_butterhead_mature_leaf_optics_v1,0.2,Lactuca sativa,Rex,o_plus_fr,O+FR,reflectance,665.3147016503713,5.779619237425919,0.05779619237425919
rex_green_butterhead_mature_leaf_optics_v1,0.2,Lactuca sativa,Rex,o_plus_fr,O+FR,reflectance,670.2487951431713,5.567311222369696,0.05567311222369696
rex_green_butterhead_mature_leaf_optics_v1,0.2,Lactuca sativa,Rex,o_plus_fr,O+FR,reflectance,674.0691149065476,5.439926413335968,0.05439926413335968
rex_green_butterhead_mature_leaf_optics_v1,0.2,Lactuca sativa,Rex,o_plus_fr,O+FR,reflectance,677.891163386586,5.482388016347215,0.05482388016347215
rex_green_butterhead_mature_leaf_optics_v1,0.2,Lactuca sativa,Rex,o_plus_fr,O+FR,reflectance,681.8750389541538,5.779619237425919,0.05779619237425919
rex_green_butterhead_mature_leaf_optics_v1,0.2,Lactuca sativa,Rex,o_plus_fr,O+FR,reflectance,685.5439039299728,6.416543282594574,0.06416543282594574
rex_green_butterhead_mature_leaf_optics_v1,0.2,Lactuca sativa,Rex,o_plus_fr,O+FR,reflectance,688.8986226723742,7.478083357875676,0.07478083357875676
rex_green_butterhead_mature_leaf_optics_v1,0.2,Lactuca sativa,Rex,o_plus_fr,O+FR,reflectance,691.7838507813112,9.346393890370392,0.09346393890370391
rex_green_butterhead_mature_leaf_optics_v1,0.2,Lactuca sativa,Rex,o_plus_fr,O+FR,reflectance,694.1931055693012,11.3845508349101,0.113845508349101
rex_green_butterhead_mature_leaf_optics_v1,0.2,Lactuca sativa,Rex,o_plus_fr,O+FR,reflectance,696.1212008863581,13.083014955359843,0.13083014955359842
rex_green_butterhead_mature_leaf_optics_v1,0.2,Lactuca sativa,Rex,o_plus_fr,O+FR,reflectance,698.2125638881627,15.1777873705812,0.151777873705812
rex_green_butterhead_mature_leaf_optics_v1,0.2,Lactuca sativa,Rex,o_plus_fr,O+FR,reflectance,699.4979607662005,16.310096784214366,0.16310096784214367
rex_green_butterhead_mature_leaf_optics_v1,0.2,Lactuca sativa,Rex,o_plus_fr,O+FR,reflectance,700.9492184039791,18.093484110686603,0.18093484110686603
rex_green_butterhead_mature_leaf_optics_v1,0.2,Lactuca sativa,Rex,o_plus_fr,O+FR,reflectance,702.883364229353,20.386410673293767,0.20386410673293767
rex_green_butterhead_mature_leaf_optics_v1,0.2,Lactuca sativa,Rex,o_plus_fr,O+FR,reflectance,704.3285713588147,21.5753355576086,0.215753355576086
rex_green_butterhead_mature_leaf_optics_v1,0.2,Lactuca sativa,Rex,o_plus_fr,O+FR,reflectance,705.7798289965933,23.358722884080837,0.23358722884080838
rex_green_butterhead_mature_leaf_optics_v1,0.2,Lactuca sativa,Rex,o_plus_fr,O+FR,reflectance,707.7113817469742,25.396879828620527,0.2539687982862053
rex_green_butterhead_mature_leaf_optics_v1,0.2,Lactuca sativa,Rex,o_plus_fr,O+FR,reflectance,709.6394770640309,27.095343949070283,0.27095343949070283
rex_green_butterhead_mature_leaf_optics_v1,0.2,Lactuca sativa,Rex,o_plus_fr,O+FR,reflectance,711.0820911184994,28.02949921531764,0.2802949921531764
rex_green_butterhead_mature_leaf_optics_v1,0.2,Lactuca sativa,Rex,o_plus_fr,O+FR,reflectance,712.5298913229541,29.473193717699928,0.2947319371769993
rex_green_butterhead_mature_leaf_optics_v1,0.2,Lactuca sativa,Rex,o_plus_fr,O+FR,reflectance,714.4579866400109,31.171657838149684,0.31171657838149686
rex_green_butterhead_mature_leaf_optics_v1,0.2,Lactuca sativa,Rex,o_plus_fr,O+FR,reflectance,716.3834888820745,32.61535234053197,0.3261535234053197
rex_green_butterhead_mature_leaf_optics_v1,0.2,Lactuca sativa,Rex,o_plus_fr,O+FR,reflectance,718.3089911241383,34.059046842914256,0.34059046842914253
rex_green_butterhead_mature_leaf_optics_v1,0.2,Lactuca sativa,Rex,o_plus_fr,O+FR,reflectance,720.2310359328781,35.16304852120659,0.3516304852120659
rex_green_butterhead_mature_leaf_optics_v1,0.2,Lactuca sativa,Rex,o_plus_fr,O+FR,reflectance,722.6385620042059,37.03135905370132,0.37031359053701324
rex_green_butterhead_mature_leaf_optics_v1,0.2,Lactuca sativa,Rex,o_plus_fr,O+FR,reflectance,725.5186039631569,38.39013035006112,0.3839013035006112
rex_green_butterhead_mature_leaf_optics_v1,0.2,Lactuca sativa,Rex,o_plus_fr,O+FR,reflectance,728.8785088555444,39.96120966147714,0.39961209661477143
rex_green_butterhead_mature_leaf_optics_v1,0.2,Lactuca sativa,Rex,o_plus_fr,O+FR,reflectance,732.713522710548,41.27751935482569,0.4127751935482569
rex_green_butterhead_mature_leaf_optics_v1,0.2,Lactuca sativa,Rex,o_plus_fr,O+FR,reflectance,736.3839723433073,42.070135944368914,0.42070135944368914
rex_green_butterhead_mature_leaf_optics_v1,0.2,Lactuca sativa,Rex,o_plus_fr,O+FR,reflectance,740.3736102997486,42.9335218722642,0.429335218722642
rex_green_butterhead_mature_leaf_optics_v1,0.2,Lactuca sativa,Rex,o_plus_fr,O+FR,reflectance,744.201709288104,43.570445917432856,0.43570445917432854
rex_green_butterhead_mature_leaf_optics_v1,0.2,Lactuca sativa,Rex,o_plus_fr,O+FR,reflectance,748.0276473806321,43.995061947545295,0.43995061947545294
rex_green_butterhead_mature_leaf_optics_v1,0.2,Lactuca sativa,Rex,o_plus_fr,O+FR,reflectance,751.8509923981669,44.16490835959027,0.4416490835959027
rex_green_butterhead_mature_leaf_optics_v1,0.2,Lactuca sativa,Rex,o_plus_fr,O+FR,reflectance,755.6743374157018,44.33475477163525,0.4433475477163525
rex_green_butterhead_mature_leaf_optics_v1,0.2,Lactuca sativa,Rex,o_plus_fr,O+FR,reflectance,759.4963858957401,44.37721637464649,0.4437721637464649
rex_green_butterhead_mature_leaf_optics_v1,0.2,Lactuca sativa,Rex,o_plus_fr,O+FR,reflectance,763.3167056591165,44.24983156561276,0.44249831565612757
rex_green_butterhead_mature_leaf_optics_v1,0.2,Lactuca sativa,Rex,o_plus_fr,O+FR,reflectance,767.1378897808238,44.20736996260151,0.4420736996260151
rex_green_butterhead_mature_leaf_optics_v1,0.2,Lactuca sativa,Rex,o_plus_fr,O+FR,reflectance,770.9616669775243,44.41967797765773,0.4441967797765773
rex_green_butterhead_mature_leaf_optics_v1,0.2,Lactuca sativa,Rex,o_plus_fr,O+FR,reflectance,774.7832832783971,44.41967797765773,0.4441967797765773
rex_green_butterhead_mature_leaf_optics_v1,0.2,Lactuca sativa,Rex,o_plus_fr,O+FR,reflectance,778.6044674001045,44.37721637464649,0.4437721637464649
rex_green_butterhead_mature_leaf_optics_v1,0.2,Lactuca sativa,Rex,o_plus_fr,O+FR,reflectance,782.4256515218118,44.33475477163525,0.4433475477163525
rex_green_butterhead_mature_leaf_optics_v1,0.2,Lactuca sativa,Rex,o_plus_fr,O+FR,reflectance,786.2468356435191,44.292293168624,0.44292293168624
rex_green_butterhead_mature_leaf_optics_v1,0.2,Lactuca sativa,Rex,o_plus_fr,O+FR,reflectance,790.067587586061,44.20736996260151,0.4420736996260151
rex_green_butterhead_mature_leaf_optics_v1,0.2,Lactuca sativa,Rex,o_plus_fr,O+FR,reflectance,793.8909326035958,44.37721637464649,0.4437721637464649
rex_green_butterhead_mature_leaf_optics_v1,0.2,Lactuca sativa,Rex,o_plus_fr,O+FR,reflectance,797.7125489044688,44.37721637464649,0.4437721637464649
rex_green_butterhead_mature_leaf_optics_v1,0.2,Lactuca sativa,Rex,o_plus_fr,O+FR,reflectance,800.1023556300108,44.50460118368022,0.4450460118368022
rex_green_butterhead_mature_leaf_optics_v1,0.2,Lactuca sativa,Rex,r_plus_fr,R+FR,reflectance,401.3750100093277,12.686706660588229,0.1268670666058823
rex_green_butterhead_mature_leaf_optics_v1,0.2,Lactuca sativa,Rex,r_plus_fr,R+FR,reflectance,403.2725646653551,11.3845508349101,0.113845508349101
rex_green_butterhead_mature_leaf_optics_v1,0.2,Lactuca sativa,Rex,r_plus_fr,R+FR,reflectance,406.9551153147487,13.366092308768131,0.13366092308768132
rex_green_butterhead_mature_leaf_optics_v1,0.2,Lactuca sativa,Rex,r_plus_fr,R+FR,reflectance,410.1340331766026,12.799937601951555,0.12799937601951555
rex_green_butterhead_mature_leaf_optics_v1,0.2,Lactuca sativa,Rex,r_plus_fr,R+FR,reflectance,410.9469141670175,14.441786251719648,0.1444178625171965
rex_green_butterhead_mature_leaf_optics_v1,0.2,Lactuca sativa,Rex,r_plus_fr,R+FR,reflectance,410.9572864669897,15.460864723989502,0.154608647239895
rex_green_butterhead_mature_leaf_optics_v1,0.2,Lactuca sativa,Rex,r_plus_fr,R+FR,reflectance,412.3342092883009,9.940856332527815,0.09940856332527816
rex_green_butterhead_mature_leaf_optics_v1,0.2,Lactuca sativa,Rex,r_plus_fr,R+FR,reflectance,412.8271816564246,11.441166305591764,0.11441166305591764
rex_green_butterhead_mature_leaf_optics_v1,0.2,Lactuca sativa,Rex,r_plus_fr,R+FR,reflectance,415.5481816824683,12.818809425512114,0.12818809425512115
rex_green_butterhead_mature_leaf_optics_v1,0.2,Lactuca sativa,Rex,r_plus_fr,R+FR,reflectance,418.0715317701526,10.422087833321896,0.10422087833321897
rex_green_butterhead_mature_leaf_optics_v1,0.2,Lactuca sativa,Rex,r_plus_fr,R+FR,reflectance,420.92074494863056,8.751931448212986,0.08751931448212985
rex_green_butterhead_mature_leaf_optics_v1,0.2,Lactuca sativa,Rex,r_plus_fr,R+FR,reflectance,424.58975398417147,9.403009361052057,0.09403009361052056
rex_green_butterhead_mature_leaf_optics_v1,0.2,Lactuca sativa,Rex,r_plus_fr,R+FR,reflectance,425.5538016426999,10.252241421276937,0.10252241421276936
rex_green_butterhead_mature_leaf_optics_v1,0.2,Lactuca sativa,Rex,r_plus_fr,R+FR,reflectance,429.5284573880701,9.643625111449095,0.09643625111449096
rex_green_butterhead_mature_leaf_optics_v1,0.2,Lactuca sativa,Rex,r_plus_fr,R+FR,reflectance,431.9208571886053,10.025779538550296,0.10025779538550296
rex_green_butterhead_mature_leaf_optics_v1,0.2,Lactuca sativa,Rex,r_plus_fr,R+FR,reflectance,433.34042168758,8.695315977531322,0.08695315977531322
rex_green_butterhead_mature_leaf_optics_v1,0.2,Lactuca sativa,Rex,r_plus_fr,R+FR,reflectance,437.1595889731816,8.454700227134282,0.08454700227134282
rex_green_butterhead_mature_leaf_optics_v1,0.2,Lactuca sativa,Rex,r_plus_fr,R+FR,reflectance,441.9370415284382,8.497161830145515,0.08497161830145515
rex_green_butterhead_mature_leaf_optics_v1,0.2,Lactuca sativa,Rex,r_plus_fr,R+FR,reflectance,445.7629796209661,8.921777860257961,0.08921777860257961
rex_green_butterhead_mature_leaf_optics_v1,0.2,Lactuca sativa,Rex,r_plus_fr,R+FR,reflectance,449.7487279649178,9.403009361052057,0.09403009361052056
rex_green_butterhead_mature_leaf_optics_v1,0.2,Lactuca sativa,Rex,r_plus_fr,R+FR,reflectance,452.9408993211807,10.139010479913608,0.10139010479913609
rex_green_butterhead_mature_leaf_optics_v1,0.2,Lactuca sativa,Rex,r_plus_fr,R+FR,reflectance,458.1974945112647,10.323010759629,0.10323010759628999
rex_green_butterhead_mature_leaf_optics_v1,0.2,Lactuca sativa,Rex,r_plus_fr,R+FR,reflectance,462.01262812465495,9.686086714460345,0.09686086714460344
rex_green_butterhead_mature_leaf_optics_v1,0.2,Lactuca sativa,Rex,r_plus_fr,R+FR,reflectance,465.8312191713693,9.38885549338164,0.09388855493381641
rex_green_butterhead_mature_leaf_optics_v1,0.2,Lactuca sativa,Rex,r_plus_fr,R+FR,reflectance,469.6403022764423,8.157469006055564,0.08157469006055564
rex_green_butterhead_mature_leaf_optics_v1,0.2,Lactuca sativa,Rex,r_plus_fr,R+FR,reflectance,473.4614863981497,8.11500740304433,0.0811500740304433
rex_green_butterhead_mature_leaf_optics_v1,0.2,Lactuca sativa,Rex,r_plus_fr,R+FR,reflectance,477.2805096240295,7.86023778497686,0.0786023778497686
rex_green_butterhead_mature_leaf_optics_v1,0.2,Lactuca sativa,Rex,r_plus_fr,R+FR,reflectance,481.10385464156434,8.030084197021836,0.08030084197021836
rex_green_butterhead_mature_leaf_optics_v1,0.2,Lactuca sativa,Rex,r_plus_fr,R+FR,reflectance,484.9246065841062,7.945160990999355,0.07945160990999355
rex_green_butterhead_mature_leaf_optics_v1,0.2,Lactuca sativa,Rex,r_plus_fr,R+FR,reflectance,488.2672243098734,7.817776181965627,0.07817776181965627
rex_green_butterhead_mature_leaf_optics_v1,0.2,Lactuca sativa,Rex,r_plus_fr,R+FR,reflectance,492.08999308852094,7.931007123328925,0.07931007123328924
rex_green_butterhead_mature_leaf_optics_v1,0.2,Lactuca sativa,Rex,r_plus_fr,R+FR,reflectance,496.8693184201615,8.157469006055564,0.08157469006055564
rex_green_butterhead_mature_leaf_optics_v1,0.2,Lactuca sativa,Rex,r_plus_fr,R+FR,reflectance,501.01631761275513,8.836854654235466,0.08836854654235467
rex_green_butterhead_mature_leaf_optics_v1,0.2,Lactuca sativa,Rex,r_plus_fr,R+FR,reflectance,505.8008290943817,9.572855773097032,0.09572855773097032
rex_green_butterhead_mature_leaf_optics_v1,0.2,Lactuca sativa,Rex,r_plus_fr,R+FR,reflectance,508.83347831866456,10.280549156617752,0.10280549156617752
rex_green_butterhead_mature_leaf_optics_v1,0.2,Lactuca sativa,Rex,r_plus_fr,R+FR,reflectance,512.6693565319991,11.681782055988805,0.11681782055988804
rex_green_butterhead_mature_leaf_optics_v1,0.2,Lactuca sativa,Rex,r_plus_fr,R+FR,reflectance,515.5472375951225,12.828245337292389,0.12828245337292388
rex_green_butterhead_mature_leaf_optics_v1,0.2,Lactuca sativa,Rex,r_plus_fr,R+FR,reflectance,518.9069984277883,14.385170781037983,0.14385170781037984
rex_green_butterhead_mature_leaf_optics_v1,0.2,Lactuca sativa,Rex,r_plus_fr,R+FR,reflectance,521.7876166256266,15.80055754807944,0.15800557548079439
rex_green_butterhead_mature_leaf_optics_v1,0.2,Lactuca sativa,Rex,r_plus_fr,R+FR,reflectance,524.6670823456901,17.102713373757595,0.17102713373757594
rex_green_butterhead_mature_leaf_optics_v1,0.2,Lactuca sativa,Rex,r_plus_fr,R+FR,reflectance,527.5471243046411,18.461484670117382,0.1846148467011738
rex_green_butterhead_mature_leaf_optics_v1,0.2,Lactuca sativa,Rex,r_plus_fr,R+FR,reflectance,530.7439055720027,19.650409554432212,0.19650409554432213
rex_green_butterhead_mature_leaf_optics_v1,0.2,Lactuca sativa,Rex,r_plus_fr,R+FR,reflectance,534.737000961768,20.853488306417447,0.20853488306417448
rex_green_butterhead_mature_leaf_optics_v1,0.2,Lactuca sativa,Rex,r_plus_fr,R+FR,reflectance,537.1276720456411,21.06579632147367,0.2106579632147367
rex_green_butterhead_mature_leaf_optics_v1,0.2,Lactuca sativa,Rex,r_plus_fr,R+FR,reflectance,541.9104548106056,21.63195102829025,0.2163195102829025
rex_green_butterhead_mature_leaf_optics_v1,0.2,Lactuca sativa,Rex,r_plus_fr,R+FR,reflectance,547.1697871354046,22.084874793743523,0.22084874793743522
rex_green_butterhead_mature_leaf_optics_v1,0.2,Lactuca sativa,Rex,r_plus_fr,R+FR,reflectance,550.8321694237411,22.084874793743523,0.22084874793743522
rex_green_butterhead_mature_leaf_optics_v1,0.2,Lactuca sativa,Rex,r_plus_fr,R+FR,reflectance,557.5188454724938,21.9716438523802,0.21971643852380202
rex_green_butterhead_mature_leaf_optics_v1,0.2,Lactuca sativa,Rex,r_plus_fr,R+FR,reflectance,561.3346993844932,21.40548914556362,0.21405489145563622
rex_green_butterhead_mature_leaf_optics_v1,0.2,Lactuca sativa,Rex,r_plus_fr,R+FR,reflectance,566.260149293983,20.34394907028253,0.2034394907028253
rex_green_butterhead_mature_leaf_optics_v1,0.2,Lactuca sativa,Rex,r_plus_fr,R+FR,reflectance,570.0700967573871,19.197485788978952,0.19197485788978952
rex_green_butterhead_mature_leaf_optics_v1,0.2,Lactuca sativa,Rex,r_plus_fr,R+FR,reflectance,573.8783155041292,17.881176095630394,0.17881176095630394
rex_green_butterhead_mature_leaf_optics_v1,0.2,Lactuca sativa,Rex,r_plus_fr,R+FR,reflectance,578.4835686718841,16.649789608304317,0.16649789608304316
rex_green_butterhead_mature_leaf_optics_v1,0.2,Lactuca sativa,Rex,r_plus_fr,R+FR,reflectance,582.4562075811486,15.843019151090688,0.15843019151090687
rex_green_butterhead_mature_leaf_optics_v1,0.2,Lactuca sativa,Rex,r_plus_fr,R+FR,reflectance,586.7476026349296,15.064556429217888,0.15064556429217887
rex_green_butterhead_mature_leaf_optics_v1,0.2,Lactuca sativa,Rex,r_plus_fr,R+FR,reflectance,590.5646090247037,14.611632663764624,0.14611632663764623
rex_green_butterhead_mature_leaf_optics_v1,0.2,Lactuca sativa,Rex,r_plus_fr,R+FR,reflectance,593.9050658546435,14.271939839674673,0.14271939839674672
rex_green_butterhead_mature_leaf_optics_v1,0.2,Lactuca sativa,Rex,r_plus_fr,R+FR,reflectance,598.6794931557414,14.017170221607202,0.14017170221607203
rex_green_butterhead_mature_leaf_optics_v1,0.2,Lactuca sativa,Rex,r_plus_fr,R+FR,reflectance,602.4976520232902,13.677477397517263,0.13677477397517263
rex_green_butterhead_mature_leaf_optics_v1,0.2,Lactuca sativa,Rex,r_plus_fr,R+FR,reflectance,608.2248903246134,13.167938161382338,0.1316793816138234
rex_green_butterhead_mature_leaf_optics_v1,0.2,Lactuca sativa,Rex,r_plus_fr,R+FR,reflectance,612.9932671173942,12.31870610115746,0.1231870610115746
rex_green_butterhead_mature_leaf_optics_v1,0.2,Lactuca sativa,Rex,r_plus_fr,R+FR,reflectance,617.6055792115192,11.780859129681716,0.11780859129681716
rex_green_butterhead_mature_leaf_optics_v1,0.2,Lactuca sativa,Rex,r_plus_fr,R+FR,reflectance,622.0572166958893,11.101473481501811,0.11101473481501811
rex_green_butterhead_mature_leaf_optics_v1,0.2,Lactuca sativa,Rex,r_plus_fr,R+FR,reflectance,627.3100663332057,10.917473201786422,0.10917473201786422
rex_green_butterhead_mature_leaf_optics_v1,0.2,Lactuca sativa,Rex,r_plus_fr,R+FR,reflectance,630.6535484173039,10.875011598775174,0.10875011598775174
rex_green_butterhead_mature_leaf_optics_v1,0.2,Lactuca sativa,Rex,r_plus_fr,R+FR,reflectance,636.8597852937328,10.492857171673975,0.10492857171673975
rex_green_butterhead_mature_leaf_optics_v1,0.2,Lactuca sativa,Rex,r_plus_fr,R+FR,reflectance,640.676647623785,10.025779538550296,0.10025779538550296
rex_green_butterhead_mature_leaf_optics_v1,0.2,Lactuca sativa,Rex,r_plus_fr,R+FR,reflectance,644.3326912843606,9.403009361052057,0.09403009361052056
rex_green_butterhead_mature_leaf_optics_v1,0.2,Lactuca sativa,Rex,r_plus_fr,R+FR,reflectance,648.3069148505655,8.751931448212986,0.08751931448212985
rex_green_butterhead_mature_leaf_optics_v1,0.2,Lactuca sativa,Rex,r_plus_fr,R+FR,reflectance,652.1259380764452,8.497161830145515,0.08497161830145515
rex_green_butterhead_mature_leaf_optics_v1,0.2,Lactuca sativa,Rex,r_plus_fr,R+FR,reflectance,657.3763386984904,8.072545800033083,0.08072545800033083
rex_green_butterhead_mature_leaf_optics_v1,0.2,Lactuca sativa,Rex,r_plus_fr,R+FR,reflectance,662.4646241135623,7.364852416512363,0.07364852416512363
rex_green_butterhead_mature_leaf_optics_v1,0.2,Lactuca sativa,Rex,r_plus_fr,R+FR,reflectance,665.4869010378729,7.053467327763229,0.0705346732776323
rex_green_butterhead_mature_leaf_optics_v1,0.2,Lactuca sativa,Rex,r_plus_fr,R+FR,reflectance,671.2167324141892,6.798697709695773,0.06798697709695772
rex_green_butterhead_mature_leaf_optics_v1,0.2,Lactuca sativa,Rex,r_plus_fr,R+FR,reflectance,675.038348715062,6.798697709695773,0.06798697709695772
rex_green_butterhead_mature_leaf_optics_v1,0.2,Lactuca sativa,Rex,r_plus_fr,R+FR,reflectance,677.9045609407167,6.798697709695773,0.06798697709695772
rex_green_butterhead_mature_leaf_optics_v1,0.2,Lactuca sativa,Rex,r_plus_fr,R+FR,reflectance,682.8448490015555,7.195006004467388,0.07195006004467387
rex_green_butterhead_mature_leaf_optics_v1,0.2,Lactuca sativa,Rex,r_plus_fr,R+FR,reflectance,686.5148664551493,7.945160990999355,0.07945160990999355
rex_green_butterhead_mature_leaf_optics_v1,0.2,Lactuca sativa,Rex,r_plus_fr,R+FR,reflectance,689.3936118766037,9.176547478325418,0.09176547478325418
rex_green_butterhead_mature_leaf_optics_v1,0.2,Lactuca sativa,Rex,r_plus_fr,R+FR,reflectance,691.3156566853434,10.280549156617752,0.10280549156617752
rex_green_butterhead_mature_leaf_optics_v1,0.2,Lactuca sativa,Rex,r_plus_fr,R+FR,reflectance,693.2446163607312,12.06393648308999,0.12063936483089989
rex_green_butterhead_mature_leaf_optics_v1,0.2,Lactuca sativa,Rex,r_plus_fr,R+FR,reflectance,694.6950096401789,13.762400603539746,0.13762400603539746
rex_green_butterhead_mature_leaf_optics_v1,0.2,Lactuca sativa,Rex,r_plus_fr,R+FR,reflectance,696.1442504418519,15.34763378262619,0.1534763378262619
rex_green_butterhead_mature_leaf_optics_v1,0.2,Lactuca sativa,Rex,r_plus_fr,R+FR,reflectance,697.5911862879755,16.70640507898598,0.1670640507898598
rex_green_butterhead_mature_leaf_optics_v1,0.2,Lactuca sativa,Rex,r_plus_fr,R+FR,reflectance,699.0435964035289,18.60302334682153,0.1860302334682153
rex_green_butterhead_mature_leaf_optics_v1,0.2,Lactuca sativa,Rex,r_plus_fr,R+FR,reflectance,700.814474544155,20.499641614657094,0.20499641614657094
rex_green_butterhead_mature_leaf_optics_v1,0.2,Lactuca sativa,Rex,r_plus_fr,R+FR,reflectance,702.4315929416746,22.9341068539684,0.22934106853968403
rex_green_butterhead_mature_leaf_optics_v1,0.2,Lactuca sativa,Rex,r_plus_fr,R+FR,reflectance,703.8802575044601,24.462724562373168,0.24462724562373167
rex_green_butterhead_mature_leaf_optics_v1,0.2,Lactuca sativa,Rex,r_plus_fr,R+FR,reflectance,705.8146914492777,26.78395886032115,0.2678395886032115
rex_green_butterhead_mature_leaf_optics_v1,0.2,Lactuca sativa,Rex,r_plus_fr,R+FR,reflectance,707.2656609676128,28.53903845145257,0.2853903845145257
rex_green_butterhead_mature_leaf_optics_v1,0.2,Lactuca sativa,Rex,r_plus_fr,R+FR,reflectance,708.2366234927892,30.06765615985735,0.3006765615985735
rex_green_butterhead_mature_leaf_optics_v1,0.2,Lactuca sativa,Rex,r_plus_fr,R+FR,reflectance,709.6870167722369,31.76612028030709,0.31766120280307086
rex_green_butterhead_mature_leaf_optics_v1,0.2,Lactuca sativa,Rex,r_plus_fr,R+FR,reflectance,711.6151120892937,33.46458440075685,0.33464584400756847
rex_green_butterhead_mature_leaf_optics_v1,0.2,Lactuca sativa,Rex,r_plus_fr,R+FR,reflectance,713.0626241743046,34.8799711677983,0.348799711677983
rex_green_butterhead_mature_leaf_optics_v1,0.2,Lactuca sativa,Rex,r_plus_fr,R+FR,reflectance,714.512441214865,36.5218198175664,0.36521819817566403
rex_green_butterhead_mature_leaf_optics_v1,0.2,Lactuca sativa,Rex,r_plus_fr,R+FR,reflectance,716.4448583235769,38.64489996812858,0.38644899968128577
rex_green_butterhead_mature_leaf_optics_v1,0.2,Lactuca sativa,Rex,r_plus_fr,R+FR,reflectance,717.8892010947075,39.74890164642092,0.3974890164642092
rex_green_butterhead_mature_leaf_optics_v1,0.2,Lactuca sativa,Rex,r_plus_fr,R+FR,reflectance,719.337865657493,41.27751935482569,0.4127751935482569
rex_green_butterhead_mature_leaf_optics_v1,0.2,Lactuca sativa,Rex,r_plus_fr,R+FR,reflectance,721.2650966162189,42.89106026925296,0.4289106026925296
rex_green_butterhead_mature_leaf_optics_v1,0.2,Lactuca sativa,Rex,r_plus_fr,R+FR,reflectance,723.6717583292157,44.6744475957252,0.446744475957252
rex_green_butterhead_mature_leaf_optics_v1,0.2,Lactuca sativa,Rex,r_plus_fr,R+FR,reflectance,726.0758269672197,46.20306530412997,0.4620306530412997
rex_green_butterhead_mature_leaf_optics_v1,0.2,Lactuca sativa,Rex,r_plus_fr,R+FR,reflectance,728.4781668885614,47.56183660048977,0.4756183660048977
rex_green_butterhead_mature_leaf_optics_v1,0.2,Lactuca sativa,Rex,r_plus_fr,R+FR,reflectance,731.8385039601144,49.17537751491703,0.4917537751491703
rex_green_butterhead_mature_leaf_optics_v1,0.2,Lactuca sativa,Rex,r_plus_fr,R+FR,reflectance,735.6748143526147,50.61907201729933,0.5061907201729933
rex_green_butterhead_mature_leaf_optics_v1,0.2,Lactuca sativa,Rex,r_plus_fr,R+FR,reflectance,740.4652322828365,51.935381710647874,0.5193538171064788
rex_green_butterhead_mature_leaf_optics_v1,0.2,Lactuca sativa,Rex,r_plus_fr,R+FR,reflectance,744.2924669128608,52.48738254979405,0.5248738254979405
rex_green_butterhead_mature_leaf_optics_v1,0.2,Lactuca sativa,Rex,r_plus_fr,R+FR,reflectance,747.9594591122961,52.94030631524731,0.5294030631524731
rex_green_butterhead_mature_leaf_optics_v1,0.2,Lactuca sativa,Rex,r_plus_fr,R+FR,reflectance,751.9430465604203,53.20922980098519,0.5320922980098519
rex_green_butterhead_mature_leaf_optics_v1,0.2,Lactuca sativa,Rex,r_plus_fr,R+FR,reflectance,755.6067253862533,53.33661461001892,0.5333661461001892
rex_green_butterhead_mature_leaf_optics_v1,0.2,Lactuca sativa,Rex,r_plus_fr,R+FR,reflectance,759.5875756996625,53.33661461001892,0.5333661461001892
rex_green_butterhead_mature_leaf_optics_v1,0.2,Lactuca sativa,Rex,r_plus_fr,R+FR,reflectance,763.4091920005353,53.33661461001892,0.5333661461001892
rex_green_butterhead_mature_leaf_optics_v1,0.2,Lactuca sativa,Rex,r_plus_fr,R+FR,reflectance,767.0704218110972,53.2233836686556,0.532233836686556
rex_green_butterhead_mature_leaf_optics_v1,0.2,Lactuca sativa,Rex,r_plus_fr,R+FR,reflectance,771.0524246022811,53.33661461001892,0.5333661461001892
rex_green_butterhead_mature_leaf_optics_v1,0.2,Lactuca sativa,Rex,r_plus_fr,R+FR,reflectance,776.9435068272394,53.279999139337264,0.5327999913933726
rex_green_butterhead_mature_leaf_optics_v1,0.2,Lactuca sativa,Rex,r_plus_fr,R+FR,reflectance,780.6051688169667,53.20922980098519,0.5320922980098519
rex_green_butterhead_mature_leaf_optics_v1,0.2,Lactuca sativa,Rex,r_plus_fr,R+FR,reflectance,784.9057836929452,53.33661461001892,0.5333661461001892
rex_green_butterhead_mature_leaf_optics_v1,0.2,Lactuca sativa,Rex,r_plus_fr,R+FR,reflectance,789.2029411355996,53.124306594962704,0.531243065949627
rex_green_butterhead_mature_leaf_optics_v1,0.2,Lactuca sativa,Rex,r_plus_fr,R+FR,reflectance,795.4146522814582,53.279999139337264,0.5327999913933726
rex_green_butterhead_mature_leaf_optics_v1,0.2,Lactuca sativa,Rex,r_plus_fr,R+FR,reflectance,799.7119537838345,53.081844991951456,0.5308184499195145
rex_green_butterhead_mature_leaf_optics_v1,0.2,Lactuca sativa,Rex,orange,Orange,reflectance,400.854666294055,8.497161830145515,0.08497161830145515
rex_green_butterhead_mature_leaf_optics_v1,0.2,Lactuca sativa,Rex,orange,Orange,reflectance,403.4663711861476,7.237635705669476,0.07237635705669476
rex_green_butterhead_mature_leaf_optics_v1,0.2,Lactuca sativa,Rex,orange,Orange,reflectance,405.63687282013217,9.006701066280442,0.09006701066280443
rex_green_butterhead_mature_leaf_optics_v1,0.2,Lactuca sativa,Rex,orange,Orange,reflectance,409.4446593877087,7.647929769920651,0.07647929769920651
rex_green_butterhead_mature_leaf_optics_v1,0.2,Lactuca sativa,Rex,orange,Orange,reflectance,410.62205949427664,5.991927252482142,0.059919272524821425
rex_green_butterhead_mature_leaf_optics_v1,0.2,Lactuca sativa,Rex,orange,Orange,reflectance,412.2780259967847,4.420847941066114,0.04420847941066114
rex_green_butterhead_mature_leaf_optics_v1,0.2,Lactuca sativa,Rex,orange,Orange,reflectance,413.2481241636302,5.864542443448414,0.058645424434484145
rex_green_butterhead_mature_leaf_optics_v1,0.2,Lactuca sativa,Rex,orange,Orange,reflectance,415.0166973487069,7.534698828557339,0.07534698828557339
rex_green_butterhead_mature_leaf_optics_v1,0.2,Lactuca sativa,Rex,orange,Orange,reflectance,418.98876001908417,6.671312900662045,0.06671312900662045
rex_green_butterhead_mature_leaf_optics_v1,0.2,Lactuca sativa,Rex,orange,Orange,reflectance,422.8116728574536,6.798697709695773,0.06798697709695772
rex_green_butterhead_mature_leaf_optics_v1,0.2,Lactuca sativa,Rex,orange,Orange,reflectance,423.2807313117525,5.949465649470895,0.05949465649470895
rex_green_butterhead_mature_leaf_optics_v1,0.2,Lactuca sativa,Rex,orange,Orange,reflectance,426.1648069429148,7.704545240602314,0.07704545240602313
rex_green_butterhead_mature_leaf_optics_v1,0.2,Lactuca sativa,Rex,orange,Orange,reflectance,428.5440973087629,6.798697709695773,0.06798697709695772
rex_green_butterhead_mature_leaf_optics_v1,0.2,Lactuca sativa,Rex,orange,Orange,reflectance,433.3081523098887,5.524849619358463,0.05524849619358463
rex_green_butterhead_mature_leaf_optics_v1,0.2,Lactuca sativa,Rex,orange,Orange,reflectance,437.1228537441133,4.84546397117856,0.0484546397117856
rex_green_butterhead_mature_leaf_optics_v1,0.2,Lactuca sativa,Rex,orange,Orange,reflectance,440.4722422768069,5.383310942654305,0.05383310942654305
rex_green_butterhead_mature_leaf_optics_v1,0.2,Lactuca sativa,Rex,orange,Orange,reflectance,443.345945607997,6.119312061515871,0.06119312061515871
rex_green_butterhead_mature_leaf_optics_v1,0.2,Lactuca sativa,Rex,orange,Orange,reflectance,446.2000568170174,4.930387177201041,0.04930387177201041
rex_green_butterhead_mature_leaf_optics_v1,0.2,Lactuca sativa,Rex,orange,Orange,reflectance,449.559961709405,6.501466488617069,0.06501466488617069
rex_green_butterhead_mature_leaf_optics_v1,0.2,Lactuca sativa,Rex,orange,Orange,reflectance,453.3837389061054,6.713774503673278,0.06713774503673278
rex_green_butterhead_mature_leaf_optics_v1,0.2,Lactuca sativa,Rex,orange,Orange,reflectance,456.73255119991154,7.195006004467388,0.07195006004467387
rex_green_butterhead_mature_leaf_optics_v1,0.2,Lactuca sativa,Rex,orange,Orange,reflectance,459.1256712990559,7.647929769920651,0.07647929769920651
rex_green_butterhead_mature_leaf_optics_v1,0.2,Lactuca sativa,Rex,orange,Orange,reflectance,461.9828077622348,6.756236106684526,0.06756236106684525
rex_green_butterhead_mature_leaf_optics_v1,0.2,Lactuca sativa,Rex,orange,Orange,reflectance,465.8009666297836,6.416543282594574,0.06416543282594574
rex_green_butterhead_mature_leaf_optics_v1,0.2,Lactuca sativa,Rex,orange,Orange,reflectance,469.6113462723532,5.31254160430224,0.0531254160430224
rex_green_butterhead_mature_leaf_optics_v1,0.2,Lactuca sativa,Rex,orange,Orange,reflectance,473.4372843648812,5.737157634414672,0.05737157634414672
rex_green_butterhead_mature_leaf_optics_v1,0.2,Lactuca sativa,Rex,orange,Orange,reflectance,477.2524179782714,5.100233589246017,0.051002335892460164
rex_green_butterhead_mature_leaf_optics_v1,0.2,Lactuca sativa,Rex,orange,Orange,reflectance,481.0757629958063,5.270080001290992,0.05270080001290992
rex_green_butterhead_mature_leaf_optics_v1,0.2,Lactuca sativa,Rex,orange,Orange,reflectance,484.8930575050241,4.84546397117856,0.0484546397117856
rex_green_butterhead_mature_leaf_optics_v1,0.2,Lactuca sativa,Rex,orange,Orange,reflectance,488.715538164228,4.930387177201041,0.04930387177201041
rex_green_butterhead_mature_leaf_optics_v1,0.2,Lactuca sativa,Rex,orange,Orange,reflectance,492.5380188234318,5.015310383223536,0.05015310383223536
rex_green_butterhead_mature_leaf_optics_v1,0.2,Lactuca sativa,Rex,orange,Orange,reflectance,496.3604994826357,5.100233589246017,0.051002335892460164
rex_green_butterhead_mature_leaf_optics_v1,0.2,Lactuca sativa,Rex,orange,Orange,reflectance,500.1851410376671,5.3974648103247205,0.0539746481032472
rex_green_butterhead_mature_leaf_optics_v1,0.2,Lactuca sativa,Rex,orange,Orange,reflectance,504.01151130936057,5.864542443448414,0.058645424434484145
rex_green_butterhead_mature_leaf_optics_v1,0.2,Lactuca sativa,Rex,orange,Orange,reflectance,507.8348563268954,6.03438885549339,0.060343888554933896
rex_green_butterhead_mature_leaf_optics_v1,0.2,Lactuca sativa,Rex,orange,Orange,reflectance,511.6633874944165,6.713774503673278,0.06713774503673278
rex_green_butterhead_mature_leaf_optics_v1,0.2,Lactuca sativa,Rex,orange,Orange,reflectance,515.4936473785995,7.563006563898156,0.07563006563898156
rex_green_butterhead_mature_leaf_optics_v1,0.2,Lactuca sativa,Rex,orange,Orange,reflectance,518.8476458223918,8.553777300827178,0.08553777300827178
rex_green_butterhead_mature_leaf_optics_v1,0.2,Lactuca sativa,Rex,orange,Orange,reflectance,522.2048135800644,9.85593312650532,0.0985593312650532
rex_green_butterhead_mature_leaf_optics_v1,0.2,Lactuca sativa,Rex,orange,Orange,reflectance,525.5596763821877,10.931627069456836,0.10931627069456835
rex_green_butterhead_mature_leaf_optics_v1,0.2,Lactuca sativa,Rex,orange,Orange,reflectance,528.9159797815294,12.148859689112484,0.12148859689112484
rex_green_butterhead_mature_leaf_optics_v1,0.2,Lactuca sativa,Rex,orange,Orange,reflectance,532.7479683823744,13.167938161382338,0.1316793816138234
rex_green_butterhead_mature_leaf_optics_v1,0.2,Lactuca sativa,Rex,orange,Orange,reflectance,536.57606737073,13.804862206550991,0.1380486220655099
rex_green_butterhead_mature_leaf_optics_v1,0.2,Lactuca sativa,Rex,orange,Orange,reflectance,540.3981158507684,13.847323809562226,0.13847323809562226
rex_green_butterhead_mature_leaf_optics_v1,0.2,Lactuca sativa,Rex,orange,Orange,reflectance,544.2231895849652,14.187016633652178,0.14187016633652177
rex_green_butterhead_mature_leaf_optics_v1,0.2,Lactuca sativa,Rex,orange,Orange,reflectance,548.0469667816657,14.3993246487084,0.143993246487084
rex_green_butterhead_mature_leaf_optics_v1,0.2,Lactuca sativa,Rex,orange,Orange,reflectance,551.8677187242075,14.31440144268592,0.1431440144268592
rex_green_butterhead_mature_leaf_optics_v1,0.2,Lactuca sativa,Rex,orange,Orange,reflectance,555.6901993834114,14.3993246487084,0.143993246487084
rex_green_butterhead_mature_leaf_optics_v1,0.2,Lactuca sativa,Rex,orange,Orange,reflectance,559.5083582509602,14.05963182461845,0.1405963182461845
rex_green_butterhead_mature_leaf_optics_v1,0.2,Lactuca sativa,Rex,orange,Orange,reflectance,563.323924043516,13.465169382461042,0.13465169382461042
rex_green_butterhead_mature_leaf_optics_v1,0.2,Lactuca sativa,Rex,orange,Orange,reflectance,567.1373289402441,12.658398925247411,0.1265839892524741
rex_green_butterhead_mature_leaf_optics_v1,0.2,Lactuca sativa,Rex,orange,Orange,reflectance,570.9503016578068,11.809166865022531,0.11809166865022531
rex_green_butterhead_mature_leaf_optics_v1,0.2,Lactuca sativa,Rex,orange,Orange,reflectance,574.7624100170384,10.875011598775174,0.10875011598775174
rex_green_butterhead_mature_leaf_optics_v1,0.2,Lactuca sativa,Rex,orange,Orange,reflectance,578.5758149137666,10.068241141561543,0.10068241141561543
rex_green_butterhead_mature_leaf_optics_v1,0.2,Lactuca sativa,Rex,orange,Orange,reflectance,582.3913807063224,9.473778699404122,0.09473778699404121
rex_green_butterhead_mature_leaf_optics_v1,0.2,Lactuca sativa,Rex,orange,Orange,reflectance,586.2091073947056,9.091624272302935,0.09091624272302935
rex_green_butterhead_mature_leaf_optics_v1,0.2,Lactuca sativa,Rex,orange,Orange,reflectance,590.0268340830889,8.709469845201738,0.08709469845201738
rex_green_butterhead_mature_leaf_optics_v1,0.2,Lactuca sativa,Rex,orange,Orange,reflectance,593.8467216672997,8.539623433156763,0.08539623433156762
rex_green_butterhead_mature_leaf_optics_v1,0.2,Lactuca sativa,Rex,orange,Orange,reflectance,597.665312714014,8.242392212078059,0.08242392212078059
rex_green_butterhead_mature_leaf_optics_v1,0.2,Lactuca sativa,Rex,orange,Orange,reflectance,601.4852002982249,8.072545800033083,0.08072545800033083
rex_green_butterhead_mature_leaf_optics_v1,0.2,Lactuca sativa,Rex,orange,Orange,reflectance,605.3050878824356,7.902699387988108,0.07902699387988107
rex_green_butterhead_mature_leaf_optics_v1,0.2,Lactuca sativa,Rex,orange,Orange,reflectance,609.1241111083154,7.647929769920651,0.07647929769920651
rex_green_butterhead_mature_leaf_optics_v1,0.2,Lactuca sativa,Rex,orange,Orange,reflectance,612.9414056175333,7.223313739808205,0.07223313739808206
rex_green_butterhead_mature_leaf_optics_v1,0.2,Lactuca sativa,Rex,orange,Orange,reflectance,616.759564485082,6.883620915718254,0.06883620915718254
rex_green_butterhead_mature_leaf_optics_v1,0.2,Lactuca sativa,Rex,orange,Orange,reflectance,620.5772911734653,6.501466488617069,0.06501466488617069
rex_green_butterhead_mature_leaf_optics_v1,0.2,Lactuca sativa,Rex,orange,Orange,reflectance,624.3963143993451,6.246696870549599,0.062466968705495986
rex_green_butterhead_mature_leaf_optics_v1,0.2,Lactuca sativa,Rex,orange,Orange,reflectance,628.2166341627214,6.119312061515871,0.06119312061515871
rex_green_butterhead_mature_leaf_optics_v1,0.2,Lactuca sativa,Rex,orange,Orange,reflectance,632.0382504635943,6.119312061515871,0.06119312061515871
rex_green_butterhead_mature_leaf_optics_v1,0.2,Lactuca sativa,Rex,orange,Orange,reflectance,635.8598667644671,6.119312061515871,0.06119312061515871
rex_green_butterhead_mature_leaf_optics_v1,0.2,Lactuca sativa,Rex,orange,Orange,reflectance,639.678889990347,5.864542443448414,0.058645424434484145
rex_green_butterhead_mature_leaf_optics_v1,0.2,Lactuca sativa,Rex,orange,Orange,reflectance,643.4970488578957,5.524849619358463,0.05524849619358463
rex_green_butterhead_mature_leaf_optics_v1,0.2,Lactuca sativa,Rex,orange,Orange,reflectance,647.31563990461,5.227618398279759,0.05227618398279759
rex_green_butterhead_mature_leaf_optics_v1,0.2,Lactuca sativa,Rex,orange,Orange,reflectance,651.1342309513243,4.930387177201041,0.04930387177201041
rex_green_butterhead_mature_leaf_optics_v1,0.2,Lactuca sativa,Rex,orange,Orange,reflectance,654.9558472521971,4.930387177201041,0.04930387177201041
rex_green_butterhead_mature_leaf_optics_v1,0.2,Lactuca sativa,Rex,orange,Orange,reflectance,658.774870478077,4.675617559133585,0.046756175591335845
rex_green_butterhead_mature_leaf_optics_v1,0.2,Lactuca sativa,Rex,orange,Orange,reflectance,662.5943258831222,4.463309544077362,0.04463309544077362
rex_green_butterhead_mature_leaf_optics_v1,0.2,Lactuca sativa,Rex,orange,Orange,reflectance,666.4150778256641,4.378386338054881,0.04378386338054881
rex_green_butterhead_mature_leaf_optics_v1,0.2,Lactuca sativa,Rex,orange,Orange,reflectance,670.2371263057025,4.420847941066114,0.04420847941066114
rex_green_butterhead_mature_leaf_optics_v1,0.2,Lactuca sativa,Rex,orange,Orange,reflectance,674.0587426065754,4.420847941066114,0.04420847941066114
rex_green_butterhead_mature_leaf_optics_v1,0.2,Lactuca sativa,Rex,orange,Orange,reflectance,677.8803589074482,4.420847941066114,0.04420847941066114
rex_green_butterhead_mature_leaf_optics_v1,0.2,Lactuca sativa,Rex,orange,Orange,reflectance,681.7037039249831,4.59069435311109,0.0459069435311109
rex_green_butterhead_mature_leaf_optics_v1,0.2,Lactuca sativa,Rex,orange,Orange,reflectance,685.5283454800144,4.887925574189808,0.04887925574189808
rex_green_butterhead_mature_leaf_optics_v1,0.2,Lactuca sativa,Rex,orange,Orange,reflectance,689.35644446837,5.524849619358463,0.05524849619358463
rex_green_butterhead_mature_leaf_optics_v1,0.2,Lactuca sativa,Rex,orange,Orange,reflectance,692.2347577106589,6.713774503673278,0.06713774503673278
rex_green_butterhead_mature_leaf_optics_v1,0.2,Lactuca sativa,Rex,orange,Orange,reflectance,694.1576668777295,7.902699387988108,0.07902699387988107
rex_green_butterhead_mature_leaf_optics_v1,0.2,Lactuca sativa,Rex,orange,Orange,reflectance,696.0814404031312,9.176547478325418,0.09176547478325418
rex_green_butterhead_mature_leaf_optics_v1,0.2,Lactuca sativa,Rex,orange,Orange,reflectance,698.0095357201881,10.875011598775174,0.10875011598775174
rex_green_butterhead_mature_leaf_optics_v1,0.2,Lactuca sativa,Rex,orange,Orange,reflectance,699.4530141329876,11.894090071045014,0.11894090071045013
rex_green_butterhead_mature_leaf_optics_v1,0.2,Lactuca sativa,Rex,orange,Orange,reflectance,700.9025430541042,13.50763098547229,0.13507630985472288
rex_green_butterhead_mature_leaf_optics_v1,0.2,Lactuca sativa,Rex,orange,Orange,reflectance,702.8332314461541,15.460864723989502,0.154608647239895
rex_green_butterhead_mature_leaf_optics_v1,0.2,Lactuca sativa,Rex,orange,Orange,reflectance,704.2801672922776,16.819636020349293,0.16819636020349293
rex_green_butterhead_mature_leaf_optics_v1,0.2,Lactuca sativa,Rex,orange,Orange,reflectance,705.890370823149,18.5747156114807,0.185747156114807
rex_green_butterhead_mature_leaf_optics_v1,0.2,Lactuca sativa,Rex,orange,Orange,reflectance,707.6629776804372,20.64118029136124,0.2064118029136124
rex_green_butterhead_mature_leaf_optics_v1,0.2,Lactuca sativa,Rex,orange,Orange,reflectance,709.5936660724869,22.59441402987845,0.2259441402987845
rex_green_butterhead_mature_leaf_optics_v1,0.2,Lactuca sativa,Rex,orange,Orange,reflectance,711.0406019186106,23.95318532623824,0.2395318532623824
rex_green_butterhead_mature_leaf_optics_v1,0.2,Lactuca sativa,Rex,orange,Orange,reflectance,712.4901308397273,25.566726240665503,0.25566726240665505
rex_green_butterhead_mature_leaf_optics_v1,0.2,Lactuca sativa,Rex,orange,Orange,reflectance,714.4199548734462,27.435036773160235,0.2743503677316024
rex_green_butterhead_mature_leaf_optics_v1,0.2,Lactuca sativa,Rex,orange,Orange,reflectance,716.187375580748,28.991962216905847,0.2899196221690585
rex_green_butterhead_mature_leaf_optics_v1,0.2,Lactuca sativa,Rex,orange,Orange,reflectance,717.7958503949575,30.57719539599228,0.3057719539599228
rex_green_butterhead_mature_leaf_optics_v1,0.2,Lactuca sativa,Rex,orange,Orange,reflectance,719.2445149577431,32.10581310439704,0.3210581310439704
rex_green_butterhead_mature_leaf_optics_v1,0.2,Lactuca sativa,Rex,orange,Orange,reflectance,721.1726102747999,33.8042772248468,0.338042772248468
rex_green_butterhead_mature_leaf_optics_v1,0.2,Lactuca sativa,Rex,orange,Orange,reflectance,723.1007055918567,35.50274134529654,0.3550274134529654
rex_green_butterhead_mature_leaf_optics_v1,0.2,Lactuca sativa,Rex,orange,Orange,reflectance,725.0253434755894,36.86151264165635,0.36861512641656347
rex_green_butterhead_mature_leaf_optics_v1,0.2,Lactuca sativa,Rex,orange,Orange,reflectance,726.9491170009911,38.13536073199366,0.38135360731993656
rex_green_butterhead_mature_leaf_optics_v1,0.2,Lactuca sativa,Rex,orange,Orange,reflectance,728.8711618097308,39.239362410286,0.39239362410286
rex_green_butterhead_mature_leaf_optics_v1,0.2,Lactuca sativa,Rex,orange,Orange,reflectance,731.2013308900941,40.53075995174909,0.4053075995174909
rex_green_butterhead_mature_leaf_optics_v1,0.2,Lactuca sativa,Rex,orange,Orange,reflectance,733.6788669065729,42.2541362240843,0.422541362240843
rex_green_butterhead_mature_leaf_optics_v1,0.2,Lactuca sativa,Rex,orange,Orange,reflectance,737.0324331711997,43.20244535800207,0.43202445358002073
rex_green_butterhead_mature_leaf_optics_v1,0.2,Lactuca sativa,Rex,orange,Orange,reflectance,740.3870078538794,44.24983156561276,0.44249831565612757
rex_green_butterhead_mature_leaf_optics_v1,0.2,Lactuca sativa,Rex,orange,Orange,reflectance,744.217699917228,45.14152522884888,0.4514152522884888
rex_green_butterhead_mature_leaf_optics_v1,0.2,Lactuca sativa,Rex,orange,Orange,reflectance,748.0457989055834,45.77844927401753,0.4577844927401753
rex_green_butterhead_mature_leaf_optics_v1,0.2,Lactuca sativa,Rex,orange,Orange,reflectance,751.8704404606149,46.07568049509624,0.46075680495096244
rex_green_butterhead_mature_leaf_optics_v1,0.2,Lactuca sativa,Rex,orange,Orange,reflectance,755.6933532989842,46.20306530412997,0.4620306530412997
rex_green_butterhead_mature_leaf_optics_v1,0.2,Lactuca sativa,Rex,orange,Orange,reflectance,759.5184270331811,46.54275812821992,0.46542758128219924
rex_green_butterhead_mature_leaf_optics_v1,0.2,Lactuca sativa,Rex,orange,Orange,reflectance,763.3404755132194,46.58521973123116,0.46585219731231164
rex_green_butterhead_mature_leaf_optics_v1,0.2,Lactuca sativa,Rex,orange,Orange,reflectance,767.1620918140923,46.58521973123116,0.46585219731231164
rex_green_butterhead_mature_leaf_optics_v1,0.2,Lactuca sativa,Rex,orange,Orange,reflectance,770.9841402941307,46.62768133424241,0.4662768133424241
rex_green_butterhead_mature_leaf_optics_v1,0.2,Lactuca sativa,Rex,orange,Orange,reflectance,774.8066209533347,46.7126045402649,0.46712604540264896
rex_green_butterhead_mature_leaf_optics_v1,0.2,Lactuca sativa,Rex,orange,Orange,reflectance,778.6282372542075,46.7126045402649,0.46712604540264896
rex_green_butterhead_mature_leaf_optics_v1,0.2,Lactuca sativa,Rex,orange,Orange,reflectance,782.4502857342459,46.75506614327614,0.46755066143276136
rex_green_butterhead_mature_leaf_optics_v1,0.2,Lactuca sativa,Rex,orange,Orange,reflectance,786.2710376767876,46.67014293725365,0.4667014293725365
rex_green_butterhead_mature_leaf_optics_v1,0.2,Lactuca sativa,Rex,orange,Orange,reflectance,790.091357440164,46.54275812821992,0.46542758128219924
rex_green_butterhead_mature_leaf_optics_v1,0.2,Lactuca sativa,Rex,orange,Orange,reflectance,793.9138380993678,46.62768133424241,0.4662768133424241
rex_green_butterhead_mature_leaf_optics_v1,0.2,Lactuca sativa,Rex,orange,Orange,reflectance,797.7376152960683,46.83998934929863,0.4683998934929863
rex_green_butterhead_mature_leaf_optics_v1,0.2,Lactuca sativa,Rex,orange,Orange,reflectance,800.1248289466173,46.7126045402649,0.46712604540264896
rex_green_butterhead_mature_leaf_optics_v1,0.2,Lactuca sativa,Rex,red,Red,reflectance,401.3513842149465,10.365472362640247,0.10365472362640248
rex_green_butterhead_mature_leaf_optics_v1,0.2,Lactuca sativa,Rex,red,Red,reflectance,402.7542377861882,7.393160151853181,0.0739316015185318
rex_green_butterhead_mature_leaf_optics_v1,0.2,Lactuca sativa,Rex,red,Red,reflectance,403.87799965632576,8.28957177097945,0.0828957177097945
rex_green_butterhead_mature_leaf_optics_v1,0.2,Lactuca sativa,Rex,red,Red,reflectance,406.1093887077552,8.497161830145515,0.08497161830145515
rex_green_butterhead_mature_leaf_optics_v1,0.2,Lactuca sativa,Rex,red,Red,reflectance,407.0855373829178,10.535318774685225,0.10535318774685225
rex_green_butterhead_mature_leaf_optics_v1,0.2,Lactuca sativa,Rex,red,Red,reflectance,410.9499678224989,9.16767189384801,0.09167671893848009
rex_green_butterhead_mature_leaf_optics_v1,0.2,Lactuca sativa,Rex,red,Red,reflectance,415.9957272183064,9.85593312650532,0.0985593312650532
rex_green_butterhead_mature_leaf_optics_v1,0.2,Lactuca sativa,Rex,red,Red,reflectance,419.48158832748607,8.157469006055564,0.08157469006055564
rex_green_butterhead_mature_leaf_optics_v1,0.2,Lactuca sativa,Rex,red,Red,reflectance,423.5054343655712,9.408926417370324,0.09408926417370324
rex_green_butterhead_mature_leaf_optics_v1,0.2,Lactuca sativa,Rex,red,Red,reflectance,425.21406479085647,10.615199034981911,0.1061519903498191
rex_green_butterhead_mature_leaf_optics_v1,0.2,Lactuca sativa,Rex,red,Red,reflectance,428.0790725266753,8.044238064692266,0.08044238064692266
rex_green_butterhead_mature_leaf_optics_v1,0.2,Lactuca sativa,Rex,red,Red,reflectance,430.93375997458304,6.911928651059085,0.06911928651059085
rex_green_butterhead_mature_leaf_optics_v1,0.2,Lactuca sativa,Rex,red,Red,reflectance,434.7576812310053,7.138390533785724,0.07138390533785724
rex_green_butterhead_mature_leaf_optics_v1,0.2,Lactuca sativa,Rex,red,Red,reflectance,439.5208718738001,5.779619237425919,0.05779619237425919
rex_green_butterhead_mature_leaf_optics_v1,0.2,Lactuca sativa,Rex,red,Red,reflectance,447.174476775518,6.798697709695773,0.06798697709695772
rex_green_butterhead_mature_leaf_optics_v1,0.2,Lactuca sativa,Rex,red,Red,reflectance,450.53308513040906,8.242392212078059,0.08242392212078059
rex_green_butterhead_mature_leaf_optics_v1,0.2,Lactuca sativa,Rex,red,Red,reflectance,455.78521446911617,7.987622594010602,0.07987622594010602
rex_green_butterhead_mature_leaf_optics_v1,0.2,Lactuca sativa,Rex,red,Red,reflectance,466.7637177508155,7.138390533785724,0.07138390533785724
rex_green_butterhead_mature_leaf_optics_v1,0.2,Lactuca sativa,Rex,red,Red,reflectance,472.4870664396491,6.246696870549599,0.062466968705495986
rex_green_butterhead_mature_leaf_optics_v1,0.2,Lactuca sativa,Rex,red,Red,reflectance,474.87428009019806,6.119312061515871,0.06119312061515871
rex_green_butterhead_mature_leaf_optics_v1,0.2,Lactuca sativa,Rex,red,Red,reflectance,482.9917572962288,5.779619237425919,0.05779619237425919
rex_green_butterhead_mature_leaf_optics_v1,0.2,Lactuca sativa,Rex,red,Red,reflectance,488.56494773500174,5.779619237425919,0.05779619237425919
rex_green_butterhead_mature_leaf_optics_v1,0.2,Lactuca sativa,Rex,red,Red,reflectance,492.0692484885765,5.892850178789232,0.058928501787892315
rex_green_butterhead_mature_leaf_optics_v1,0.2,Lactuca sativa,Rex,red,Red,reflectance,496.3700074242769,6.03438885549339,0.060343888554933896
rex_green_butterhead_mature_leaf_optics_v1,0.2,Lactuca sativa,Rex,red,Red,reflectance,500.0355590264937,6.345773944242509,0.0634577394424251
rex_green_butterhead_mature_leaf_optics_v1,0.2,Lactuca sativa,Rex,red,Red,reflectance,504.9785842220475,7.011005724751996,0.07011005724751997
rex_green_butterhead_mature_leaf_optics_v1,0.2,Lactuca sativa,Rex,red,Red,reflectance,509.9218975370449,7.704545240602314,0.07704545240602313
rex_green_butterhead_mature_leaf_optics_v1,0.2,Lactuca sativa,Rex,red,Red,reflectance,513.5927793489698,8.539623433156763,0.08539623433156762
rex_green_butterhead_mature_leaf_optics_v1,0.2,Lactuca sativa,Rex,red,Red,reflectance,516.9495149274769,9.799317655823655,0.09799317655823656
rex_green_butterhead_mature_leaf_optics_v1,0.2,Lactuca sativa,Rex,red,Red,reflectance,520.3039455504347,10.832549995763928,0.10832549995763928
rex_green_butterhead_mature_leaf_optics_v1,0.2,Lactuca sativa,Rex,red,Red,reflectance,523.6609692483855,12.120551953771669,0.12120551953771669
rex_green_butterhead_mature_leaf_optics_v1,0.2,Lactuca sativa,Rex,red,Red,reflectance,526.5412993267802,13.50763098547229,0.13507630985472288
rex_green_butterhead_mature_leaf_optics_v1,0.2,Lactuca sativa,Rex,red,Red,reflectance,531.2058570800243,33.74766175416514,0.33747661754165137
rex_green_butterhead_mature_leaf_optics_v1,0.2,Lactuca sativa,Rex,red,Red,reflectance,531.6537867751207,15.1777873705812,0.151777873705812
rex_green_butterhead_mature_leaf_optics_v1,0.2,Lactuca sativa,Rex,red,Red,reflectance,532.0353049384504,37.01720518603091,0.37017205186030905
rex_green_butterhead_mature_leaf_optics_v1,0.2,Lactuca sativa,Rex,red,Red,reflectance,532.1777800033465,35.37063858037267,0.3537063858037267
rex_green_butterhead_mature_leaf_optics_v1,0.2,Lactuca sativa,Rex,red,Red,reflectance,535.4834704204163,15.970403960124417,0.15970403960124416
rex_green_butterhead_mature_leaf_optics_v1,0.2,Lactuca sativa,Rex,red,Red,reflectance,535.8353122810479,34.89412503546872,0.3489412503546872
rex_green_butterhead_mature_leaf_optics_v1,0.2,Lactuca sativa,Rex,red,Red,reflectance,535.8596583740382,37.28612867176879,0.3728612867176879
rex_green_butterhead_mature_leaf_optics_v1,0.2,Lactuca sativa,Rex,red,Red,reflectance,538.9883474128785,16.14025037216939,0.1614025037216939
rex_green_butterhead_mature_leaf_optics_v1,0.2,Lactuca sativa,Rex,red,Red,reflectance,539.1698626623922,33.974123636891775,0.33974123636891773
rex_green_butterhead_mature_leaf_optics_v1,0.2,Lactuca sativa,Rex,red,Red,reflectance,539.1908953817804,36.0405883167723,0.360405883167723
rex_green_butterhead_mature_leaf_optics_v1,0.2,Lactuca sativa,Rex,red,Red,reflectance,543.1330416499229,16.59317413762267,0.16593174137622668
rex_green_butterhead_mature_leaf_optics_v1,0.2,Lactuca sativa,Rex,red,Red,reflectance,544.4286187483037,34.370431931663376,0.34370431931663376
rex_green_butterhead_mature_leaf_optics_v1,0.2,Lactuca sativa,Rex,red,Red,reflectance,545.5300033416495,33.068276105985234,0.33068276105985234
rex_green_butterhead_mature_leaf_optics_v1,0.2,Lactuca sativa,Rex,red,Red,reflectance,546.6691315821163,35.47443360995571,0.3547443360995571
rex_green_butterhead_mature_leaf_optics_v1,0.2,Lactuca sativa,Rex,red,Red,reflectance,547.2754309314178,16.819636020349293,0.16819636020349293
rex_green_butterhead_mature_leaf_optics_v1,0.2,Lactuca sativa,Rex,red,Red,reflectance,549.2180282604728,35.58766455131904,0.35587664551319037
rex_green_butterhead_mature_leaf_optics_v1,0.2,Lactuca sativa,Rex,red,Red,reflectance,550.9378132197543,16.819636020349293,0.16819636020349293
rex_green_butterhead_mature_leaf_optics_v1,0.2,Lactuca sativa,Rex,red,Red,reflectance,553.6983432334698,34.596893814390015,0.3459689381439002
rex_green_butterhead_mature_leaf_optics_v1,0.2,Lactuca sativa,Rex,red,Red,reflectance,554.281727483018,16.819636020349293,0.16819636020349293
rex_green_butterhead_mature_leaf_optics_v1,0.2,Lactuca sativa,Rex,red,Red,reflectance,556.8642861163771,35.88489577239774,0.3588489577239774
rex_green_butterhead_mature_leaf_optics_v1,0.2,Lactuca sativa,Rex,red,Red,reflectance,557.9514087972609,33.181507047348546,0.33181507047348546
rex_green_butterhead_mature_leaf_optics_v1,0.2,Lactuca sativa,Rex,red,Red,reflectance,558.1004625894542,16.536558666941005,0.16536558666941004
rex_green_butterhead_mature_leaf_optics_v1,0.2,Lactuca sativa,Rex,red,Red,reflectance,560.1907691532987,34.17227778427757,0.34172277784277566
rex_green_butterhead_mature_leaf_optics_v1,0.2,Lactuca sativa,Rex,red,Red,reflectance,560.2045988865949,35.53104908063737,0.3553104908063737
rex_green_butterhead_mature_leaf_optics_v1,0.2,Lactuca sativa,Rex,red,Red,reflectance,560.2198692171096,37.03135905370132,0.37031359053701324
rex_green_butterhead_mature_leaf_optics_v1,0.2,Lactuca sativa,Rex,red,Red,reflectance,562.3927220015662,15.843019151090688,0.15843019151090687
rex_green_butterhead_mature_leaf_optics_v1,0.2,Lactuca sativa,Rex,red,Red,reflectance,567.3175956721685,14.724863605127936,0.14724863605127936
rex_green_butterhead_mature_leaf_optics_v1,0.2,Lactuca sativa,Rex,red,Red,reflectance,572.7200273206582,13.59255419149477,0.1359255419149477
rex_green_butterhead_mature_leaf_optics_v1,0.2,Lactuca sativa,Rex,red,Red,reflectance,576.5301188437842,12.460244777861604,0.12460244777861604
rex_green_butterhead_mature_leaf_optics_v1,0.2,Lactuca sativa,Rex,red,Red,reflectance,581.6146587060883,11.3845508349101,0.113845508349101
rex_green_butterhead_mature_leaf_optics_v1,0.2,Lactuca sativa,Rex,red,Red,reflectance,585.7484044042732,10.761780657411862,0.10761780657411862
rex_green_butterhead_mature_leaf_optics_v1,0.2,Lactuca sativa,Rex,red,Red,reflectance,588.6105829577164,10.365472362640247,0.10365472362640248
rex_green_butterhead_mature_leaf_optics_v1,0.2,Lactuca sativa,Rex,red,Red,reflectance,593.861415758927,9.983317935539048,0.09983317935539049
rex_green_butterhead_mature_leaf_optics_v1,0.2,Lactuca sativa,Rex,red,Red,reflectance,597.5219252708796,9.799317655823655,0.09799317655823656
rex_green_butterhead_mature_leaf_optics_v1,0.2,Lactuca sativa,Rex,red,Red,reflectance,601.3418128550904,9.62947124377868,0.0962947124377868
rex_green_butterhead_mature_leaf_optics_v1,0.2,Lactuca sativa,Rex,red,Red,reflectance,605.320646332394,9.431317096392888,0.09431317096392888
rex_green_butterhead_mature_leaf_optics_v1,0.2,Lactuca sativa,Rex,red,Red,reflectance,611.2056780490352,8.780239183553803,0.08780239183553804
rex_green_butterhead_mature_leaf_optics_v1,0.2,Lactuca sativa,Rex,red,Red,reflectance,614.3863246275512,8.383930888782217,0.08383930888782216
rex_green_butterhead_mature_leaf_optics_v1,0.2,Lactuca sativa,Rex,red,Red,reflectance,619.7939424260269,7.761160711283949,0.07761160711283949
rex_green_butterhead_mature_leaf_optics_v1,0.2,Lactuca sativa,Rex,red,Red,reflectance,623.4534435199266,7.478083357875676,0.07478083357875676
rex_green_butterhead_mature_leaf_optics_v1,0.2,Lactuca sativa,Rex,red,Red,reflectance,630.1395433297921,7.3082369458307,0.073082369458307
rex_green_butterhead_mature_leaf_optics_v1,0.2,Lactuca sativa,Rex,red,Red,reflectance,633.0057555554467,7.3082369458307,0.073082369458307
rex_green_butterhead_mature_leaf_optics_v1,0.2,Lactuca sativa,Rex,red,Red,reflectance,639.2124246110411,6.968544121740749,0.06968544121740748
rex_green_butterhead_mature_leaf_optics_v1,0.2,Lactuca sativa,Rex,red,Red,reflectance,643.507421157868,6.543928091628303,0.06543928091628304
rex_green_butterhead_mature_leaf_optics_v1,0.2,Lactuca sativa,Rex,red,Red,reflectance,647.4845259185095,6.175927532197534,0.06175927532197534
rex_green_butterhead_mature_leaf_optics_v1,0.2,Lactuca sativa,Rex,red,Red,reflectance,650.6651724970254,5.779619237425919,0.05779619237425919
rex_green_butterhead_mature_leaf_optics_v1,0.2,Lactuca sativa,Rex,red,Red,reflectance,655.9181661940636,5.609772825380944,0.05609772825380944
rex_green_butterhead_mature_leaf_optics_v1,0.2,Lactuca sativa,Rex,red,Red,reflectance,659.8984402685853,5.55315735469928,0.055531573546992806
rex_green_butterhead_mature_leaf_optics_v1,0.2,Lactuca sativa,Rex,red,Red,reflectance,663.556212645823,5.100233589246017,0.051002335892460164
rex_green_butterhead_mature_leaf_optics_v1,0.2,Lactuca sativa,Rex,red,Red,reflectance,668.4918907955632,5.043618118564353,0.05043618118564353
rex_green_butterhead_mature_leaf_optics_v1,0.2,Lactuca sativa,Rex,red,Red,reflectance,670.7217432099598,5.100233589246017,0.051002335892460164
rex_green_butterhead_mature_leaf_optics_v1,0.2,Lactuca sativa,Rex,red,Red,reflectance,677.8846806991032,4.84546397117856,0.0484546397117856
rex_green_butterhead_mature_leaf_optics_v1,0.2,Lactuca sativa,Rex,red,Red,reflectance,686.6532118080195,5.892850178789232,0.058928501787892315
rex_green_butterhead_mature_leaf_optics_v1,0.2,Lactuca sativa,Rex,red,Red,reflectance,689.3642236933491,6.289158473560846,0.06289158473560846
rex_green_butterhead_mature_leaf_optics_v1,0.2,Lactuca sativa,Rex,red,Red,reflectance,691.2879972187508,7.563006563898156,0.07563006563898156
rex_green_butterhead_mature_leaf_optics_v1,0.2,Lactuca sativa,Rex,red,Red,reflectance,694.1732253276879,9.431317096392888,0.09431317096392888
rex_green_butterhead_mature_leaf_optics_v1,0.2,Lactuca sativa,Rex,red,Red,reflectance,696.0969988530896,10.705165186730198,0.10705165186730198
rex_green_butterhead_mature_leaf_optics_v1,0.2,Lactuca sativa,Rex,red,Red,reflectance,698.0273991256958,12.630091189906564,0.12630091189906564
rex_green_butterhead_mature_leaf_optics_v1,0.2,Lactuca sativa,Rex,red,Red,reflectance,699.473758732932,13.93224701558472,0.1393224701558472
rex_green_butterhead_mature_leaf_optics_v1,0.2,Lactuca sativa,Rex,red,Red,reflectance,700.9241520123796,15.630711136034478,0.15630711136034478
rex_green_butterhead_mature_leaf_optics_v1,0.2,Lactuca sativa,Rex,red,Red,reflectance,702.8597384349719,18.06517637534577,0.1806517637534577
rex_green_butterhead_mature_leaf_optics_v1,0.2,Lactuca sativa,Rex,red,Red,reflectance,704.3037930866587,19.140870318297274,0.19140870318297273
rex_green_butterhead_mature_leaf_optics_v1,0.2,Lactuca sativa,Rex,red,Red,reflectance,705.7547626049939,20.89594990942869,0.2089594990942869
rex_green_butterhead_mature_leaf_optics_v1,0.2,Lactuca sativa,Rex,red,Red,reflectance,706.7271657273886,22.56610629453762,0.2256610629453762
rex_green_butterhead_mature_leaf_optics_v1,0.2,Lactuca sativa,Rex,red,Red,reflectance,708.1749659318433,24.009800796919905,0.24009800796919906
rex_green_butterhead_mature_leaf_optics_v1,0.2,Lactuca sativa,Rex,red,Red,reflectance,709.6247829724036,25.651649446688,0.25651649446688
rex_green_butterhead_mature_leaf_optics_v1,0.2,Lactuca sativa,Rex,red,Red,reflectance,711.0682613852032,26.67072791895785,0.26670727918957854
rex_green_butterhead_mature_leaf_optics_v1,0.2,Lactuca sativa,Rex,red,Red,reflectance,712.5186546646509,28.369192039407597,0.283691920394076
rex_green_butterhead_mature_leaf_optics_v1,0.2,Lactuca sativa,Rex,red,Red,reflectance,714.4484786983696,30.23750257190233,0.3023750257190233
rex_green_butterhead_mature_leaf_optics_v1,0.2,Lactuca sativa,Rex,red,Red,reflectance,715.5113971788157,32.328106151990355,0.32328106151990355
rex_green_butterhead_mature_leaf_optics_v1,0.2,Lactuca sativa,Rex,red,Red,reflectance,717.3561801239132,34.31381646098173,0.3431381646098173
rex_green_butterhead_mature_leaf_optics_v1,0.2,Lactuca sativa,Rex,red,Red,reflectance,719.28427544097,36.01228058143147,0.36012280581431466
rex_green_butterhead_mature_leaf_optics_v1,0.2,Lactuca sativa,Rex,red,Red,reflectance,721.2123707580267,37.71074470188122,0.37710744701881216
rex_green_butterhead_mature_leaf_optics_v1,0.2,Lactuca sativa,Rex,red,Red,reflectance,723.1378730000905,39.15443920426351,0.39154439204263514
rex_green_butterhead_mature_leaf_optics_v1,0.2,Lactuca sativa,Rex,red,Red,reflectance,725.0633752421543,40.5981337066458,0.40598133706645795
rex_green_butterhead_mature_leaf_optics_v1,0.2,Lactuca sativa,Rex,red,Red,reflectance,727.4697488357074,42.3532132977772,0.42353213297777204
rex_green_butterhead_mature_leaf_optics_v1,0.2,Lactuca sativa,Rex,red,Red,reflectance,729.8732412348239,43.82521553550032,0.43825215535500317
rex_green_butterhead_mature_leaf_optics_v1,0.2,Lactuca sativa,Rex,red,Red,reflectance,732.2755811561658,45.18398683186012,0.4518398683186012
rex_green_butterhead_mature_leaf_optics_v1,0.2,Lactuca sativa,Rex,red,Red,reflectance,735.6328929735603,46.50029652520868,0.46500296525208684
rex_green_butterhead_mature_leaf_optics_v1,0.2,Lactuca sativa,Rex,red,Red,reflectance,739.4670424702329,47.731683012534745,0.4773168301253474
rex_green_butterhead_mature_leaf_optics_v1,0.2,Lactuca sativa,Rex,red,Red,reflectance,743.777597467018,48.83568469082708,0.4883568469082708
rex_green_butterhead_mature_leaf_optics_v1,0.2,Lactuca sativa,Rex,red,Red,reflectance,748.2439290430157,49.59999354502947,0.4959999354502947
rex_green_butterhead_mature_leaf_optics_v1,0.2,Lactuca sativa,Rex,red,Red,reflectance,753.6636478581256,50.16614825184605,0.5016614825184605
rex_green_butterhead_mature_leaf_optics_v1,0.2,Lactuca sativa,Rex,red,Red,reflectance,757.8054609007332,50.33599466389103,0.5033599466389103
rex_green_butterhead_mature_leaf_optics_v1,0.2,Lactuca sativa,Rex,red,Red,reflectance,761.4694278460099,50.49168720826559,0.5049168720826559
rex_green_butterhead_mature_leaf_optics_v1,0.2,Lactuca sativa,Rex,red,Red,reflectance,764.335207892499,50.44922560525435,0.5044922560525434
rex_green_butterhead_mature_leaf_optics_v1,0.2,Lactuca sativa,Rex,red,Red,reflectance,769.110499551928,50.27937919320937,0.5027937919320937
rex_green_butterhead_mature_leaf_optics_v1,0.2,Lactuca sativa,Rex,red,Red,reflectance,772.7763392735886,50.61907201729933,0.5061907201729933
rex_green_butterhead_mature_leaf_optics_v1,0.2,Lactuca sativa,Rex,red,Red,reflectance,776.7571895869978,50.61907201729933,0.5061907201729933
rex_green_butterhead_mature_leaf_optics_v1,0.2,Lactuca sativa,Rex,red,Red,reflectance,780.5762128128777,50.36430239923186,0.5036430239923186
rex_green_butterhead_mature_leaf_optics_v1,0.2,Lactuca sativa,Rex,red,Red,reflectance,784.4004221887435,50.61907201729933,0.5061907201729933
rex_green_butterhead_mature_leaf_optics_v1,0.2,Lactuca sativa,Rex,red,Red,reflectance,788.2185810562924,50.27937919320937,0.5027937919320937
rex_green_butterhead_mature_leaf_optics_v1,0.2,Lactuca sativa,Rex,red,Red,reflectance,792.0410617154962,50.36430239923186,0.5036430239923186
rex_green_butterhead_mature_leaf_optics_v1,0.2,Lactuca sativa,Rex,red,Red,reflectance,795.8635423747,50.44922560525435,0.5044922560525434
rex_green_butterhead_mature_leaf_optics_v1,0.2,Lactuca sativa,Rex,red,Red,reflectance,798.7280258836927,50.27937919320937,0.5027937919320937
rex_green_butterhead_mature_leaf_optics_v1,0.2,Lactuca sativa,Rex,o_plus_fr,O+FR,transmittance,401.58113055928106,2.794268750718345,0.02794268750718345
rex_green_butterhead_mature_leaf_optics_v1,0.2,Lactuca sativa,Rex,o_plus_fr,O+FR,transmittance,405.8695369222847,2.625715585465599,0.026257155854655993
rex_green_butterhead_mature_leaf_optics_v1,0.2,Lactuca sativa,Rex,o_plus_fr,O+FR,transmittance,410.63443288117753,2.584690923334591,0.025846909233345913
rex_green_butterhead_mature_leaf_optics_v1,0.2,Lactuca sativa,Rex,o_plus_fr,O+FR,transmittance,413.96986005240257,2.6281583849620063,0.026281583849620063
rex_green_butterhead_mature_leaf_optics_v1,0.2,Lactuca sativa,Rex,o_plus_fr,O+FR,transmittance,419.3700754724811,2.743017859322933,0.02743017859322933
rex_green_butterhead_mature_leaf_optics_v1,0.2,Lactuca sativa,Rex,o_plus_fr,O+FR,transmittance,423.1819922395954,3.083860236117076,0.030838602361170763
rex_green_butterhead_mature_leaf_optics_v1,0.2,Lactuca sativa,Rex,o_plus_fr,O+FR,transmittance,426.6762492761168,2.801836639354306,0.028018366393543062
rex_green_butterhead_mature_leaf_optics_v1,0.2,Lactuca sativa,Rex,o_plus_fr,O+FR,transmittance,430.4881660432312,2.859601662740161,0.02859601662740161
rex_green_butterhead_mature_leaf_optics_v1,0.2,Lactuca sativa,Rex,o_plus_fr,O+FR,transmittance,434.4589126756419,2.7617220397807927,0.027617220397807927
rex_green_butterhead_mature_leaf_optics_v1,0.2,Lactuca sativa,Rex,o_plus_fr,O+FR,transmittance,439.2238086345348,2.635774171627304,0.02635774171627304
rex_green_butterhead_mature_leaf_optics_v1,0.2,Lactuca sativa,Rex,o_plus_fr,O+FR,transmittance,443.0357254016491,2.63692372433151,0.026369237243315097
rex_green_butterhead_mature_leaf_optics_v1,0.2,Lactuca sativa,Rex,o_plus_fr,O+FR,transmittance,446.84764216876334,2.6380732770357014,0.026380732770357015
rex_green_butterhead_mature_leaf_optics_v1,0.2,Lactuca sativa,Rex,o_plus_fr,O+FR,transmittance,450.6595589358776,2.978915653829844,0.029789156538298438
rex_green_butterhead_mature_leaf_optics_v1,0.2,Lactuca sativa,Rex,o_plus_fr,O+FR,transmittance,453.99498610710265,3.1497679244910017,0.031497679244910017
rex_green_butterhead_mature_leaf_optics_v1,0.2,Lactuca sativa,Rex,o_plus_fr,O+FR,transmittance,457.3304132783276,3.4904666071971207,0.03490466607197121
rex_green_butterhead_mature_leaf_optics_v1,0.2,Lactuca sativa,Rex,o_plus_fr,O+FR,transmittance,463.0482884289991,4.086653378410816,0.04086653378410816
rex_green_butterhead_mature_leaf_optics_v1,0.2,Lactuca sativa,Rex,o_plus_fr,O+FR,transmittance,466.3837156002241,4.342428855094468,0.043424288550944684
rex_green_butterhead_mature_leaf_optics_v1,0.2,Lactuca sativa,Rex,o_plus_fr,O+FR,transmittance,470.5132920979312,4.173827791812371,0.04173827791812371
rex_green_butterhead_mature_leaf_optics_v1,0.2,Lactuca sativa,Rex,o_plus_fr,O+FR,transmittance,473.0545699426741,4.344440572326803,0.043444405723268034
rex_green_butterhead_mature_leaf_optics_v1,0.2,Lactuca sativa,Rex,o_plus_fr,O+FR,transmittance,479.2489346892348,4.601078213538585,0.046010782135385855
rex_green_butterhead_mature_leaf_optics_v1,0.2,Lactuca sativa,Rex,o_plus_fr,O+FR,transmittance,482.9020215910527,4.687103074235921,0.04687103074235921
rex_green_butterhead_mature_leaf_optics_v1,0.2,Lactuca sativa,Rex,o_plus_fr,O+FR,transmittance,487.3492578193527,4.858290631102449,0.048582906311024486
rex_green_butterhead_mature_leaf_optics_v1,0.2,Lactuca sativa,Rex,o_plus_fr,O+FR,transmittance,491.4788343170599,5.085997862591967,0.05085997862591966
rex_green_butterhead_mature_leaf_optics_v1,0.2,Lactuca sativa,Rex,o_plus_fr,O+FR,transmittance,495.2907510841742,5.483455710067773,0.05483455710067773
rex_green_butterhead_mature_leaf_optics_v1,0.2,Lactuca sativa,Rex,o_plus_fr,O+FR,transmittance,499.26149771658487,6.220654279662867,0.06220654279662867
rex_green_butterhead_mature_leaf_optics_v1,0.2,Lactuca sativa,Rex,o_plus_fr,O+FR,transmittance,502.5969248878099,6.957661257140615,0.06957661257140615
rex_green_butterhead_mature_leaf_optics_v1,0.2,Lactuca sativa,Rex,o_plus_fr,O+FR,transmittance,505.9323520590349,8.260822941434924,0.08260822941434924
rex_green_butterhead_mature_leaf_optics_v1,0.2,Lactuca sativa,Rex,o_plus_fr,O+FR,transmittance,509.2677792302599,9.620600096410882,0.09620600096410882
rex_green_butterhead_mature_leaf_optics_v1,0.2,Lactuca sativa,Rex,o_plus_fr,O+FR,transmittance,512.1267168055956,10.980233557298844,0.10980233557298844
rex_green_butterhead_mature_leaf_optics_v1,0.2,Lactuca sativa,Rex,o_plus_fr,O+FR,transmittance,514.5091647850421,12.339723324098756,0.12339723324098756
rex_green_butterhead_mature_leaf_optics_v1,0.2,Lactuca sativa,Rex,o_plus_fr,O+FR,transmittance,516.8916127644885,13.642597620217018,0.13642597620217017
rex_green_butterhead_mature_leaf_optics_v1,0.2,Lactuca sativa,Rex,o_plus_fr,O+FR,transmittance,519.2740607439349,15.22854926974358,0.1522854926974358
rex_green_butterhead_mature_leaf_optics_v1,0.2,Lactuca sativa,Rex,o_plus_fr,O+FR,transmittance,521.6565087233814,16.70126997790682,0.16701269977906819
rex_green_butterhead_mature_leaf_optics_v1,0.2,Lactuca sativa,Rex,o_plus_fr,O+FR,transmittance,524.0389567028278,18.117375215388392,0.18117375215388393
rex_green_butterhead_mature_leaf_optics_v1,0.2,Lactuca sativa,Rex,o_plus_fr,O+FR,transmittance,526.4214046822742,19.646711394233307,0.19646711394233307
rex_green_butterhead_mature_leaf_optics_v1,0.2,Lactuca sativa,Rex,o_plus_fr,O+FR,transmittance,529.5980019882029,21.232902533906568,0.21232902533906567
rex_green_butterhead_mature_leaf_optics_v1,0.2,Lactuca sativa,Rex,o_plus_fr,O+FR,transmittance,533.4099187553171,22.47959244160724,0.2247959244160724
rex_green_butterhead_mature_leaf_optics_v1,0.2,Lactuca sativa,Rex,o_plus_fr,O+FR,transmittance,537.3806653877278,23.59894543830353,0.2359894543830353
rex_green_butterhead_mature_leaf_optics_v1,0.2,Lactuca sativa,Rex,o_plus_fr,O+FR,transmittance,542.1455613466208,24.364691233386168,0.24364691233386168
rex_green_butterhead_mature_leaf_optics_v1,0.2,Lactuca sativa,Rex,o_plus_fr,O+FR,transmittance,546.4339677096243,24.748138907279568,0.24748138907279568
rex_green_butterhead_mature_leaf_optics_v1,0.2,Lactuca sativa,Rex,o_plus_fr,O+FR,transmittance,550.7223740726279,25.08912497816175,0.2508912497816175
rex_green_butterhead_mature_leaf_optics_v1,0.2,Lactuca sativa,Rex,o_plus_fr,O+FR,transmittance,555.3284401662243,25.20374496237598,0.2520374496237598
rex_green_butterhead_mature_leaf_optics_v1,0.2,Lactuca sativa,Rex,o_plus_fr,O+FR,transmittance,559.4580166639314,24.69545107500393,0.2469545107500393
rex_green_butterhead_mature_leaf_optics_v1,0.2,Lactuca sativa,Rex,o_plus_fr,O+FR,transmittance,563.1111035657493,23.98885934615805,0.2398885934615805
rex_green_butterhead_mature_leaf_optics_v1,0.2,Lactuca sativa,Rex,o_plus_fr,O+FR,transmittance,565.9700411410851,23.31033586250629,0.2331033586250629
rex_green_butterhead_mature_leaf_optics_v1,0.2,Lactuca sativa,Rex,o_plus_fr,O+FR,transmittance,569.7819579081994,22.08009892788442,0.2208009892788442
rex_green_butterhead_mature_leaf_optics_v1,0.2,Lactuca sativa,Rex,o_plus_fr,O+FR,transmittance,573.5938746753136,20.807400390251303,0.20807400390251302
rex_green_butterhead_mature_leaf_optics_v1,0.2,Lactuca sativa,Rex,o_plus_fr,O+FR,transmittance,577.4057914424279,19.534701852618184,0.19534701852618183
rex_green_butterhead_mature_leaf_optics_v1,0.2,Lactuca sativa,Rex,o_plus_fr,O+FR,transmittance,582.1706874013208,18.30475230617236,0.18304752306172362
rex_green_butterhead_mature_leaf_optics_v1,0.2,Lactuca sativa,Rex,o_plus_fr,O+FR,transmittance,585.5061145725458,17.56975704592699,0.17569757045926993
rex_green_butterhead_mature_leaf_optics_v1,0.2,Lactuca sativa,Rex,o_plus_fr,O+FR,transmittance,589.3180313396601,17.061367362496256,0.17061367362496255
rex_green_butterhead_mature_leaf_optics_v1,0.2,Lactuca sativa,Rex,o_plus_fr,O+FR,transmittance,592.6534585108851,16.609449455659146,0.16609449455659145
rex_green_butterhead_mature_leaf_optics_v1,0.2,Lactuca sativa,Rex,o_plus_fr,O+FR,transmittance,596.9418648738887,16.157818936998112,0.1615781893699811
rex_green_butterhead_mature_leaf_optics_v1,0.2,Lactuca sativa,Rex,o_plus_fr,O+FR,transmittance,600.753781641003,15.93250660697568,0.1593250660697568
rex_green_butterhead_mature_leaf_optics_v1,0.2,Lactuca sativa,Rex,o_plus_fr,O+FR,transmittance,604.8833581387102,15.48082819028528,0.15480828190285278
rex_green_butterhead_mature_leaf_optics_v1,0.2,Lactuca sativa,Rex,o_plus_fr,O+FR,transmittance,608.8541047711209,14.661101316134776,0.14661101316134775
rex_green_butterhead_mature_leaf_optics_v1,0.2,Lactuca sativa,Rex,o_plus_fr,O+FR,transmittance,612.8248514035316,14.067836324710896,0.14067836324710897
rex_green_butterhead_mature_leaf_optics_v1,0.2,Lactuca sativa,Rex,o_plus_fr,O+FR,transmittance,616.6367681706458,13.389600229235183,0.13389600229235182
rex_green_butterhead_mature_leaf_optics_v1,0.2,Lactuca sativa,Rex,o_plus_fr,O+FR,transmittance,620.766344668353,12.626536723795695,0.12626536723795695
rex_green_butterhead_mature_leaf_optics_v1,0.2,Lactuca sativa,Rex,o_plus_fr,O+FR,transmittance,626.1665600884317,12.260164697362526,0.12260164697362526
rex_green_butterhead_mature_leaf_optics_v1,0.2,Lactuca sativa,Rex,o_plus_fr,O+FR,transmittance,629.8196469902495,12.204650881355704,0.12204650881355704
rex_green_butterhead_mature_leaf_optics_v1,0.2,Lactuca sativa,Rex,o_plus_fr,O+FR,transmittance,633.7903936226602,11.979386449362607,0.11979386449362607
rex_green_butterhead_mature_leaf_optics_v1,0.2,Lactuca sativa,Rex,o_plus_fr,O+FR,transmittance,637.2846506591817,11.527516440554876,0.11527516440554876
rex_green_butterhead_mature_leaf_optics_v1,0.2,Lactuca sativa,Rex,o_plus_fr,O+FR,transmittance,641.2553972915923,10.467173816007303,0.10467173816007304
rex_green_butterhead_mature_leaf_optics_v1,0.2,Lactuca sativa,Rex,o_plus_fr,O+FR,transmittance,645.0673140587066,9.364321690419176,0.09364321690419176
rex_green_butterhead_mature_leaf_optics_v1,0.2,Lactuca sativa,Rex,o_plus_fr,O+FR,transmittance,648.7204009605246,8.643576093902865,0.08643576093902866
rex_green_butterhead_mature_leaf_optics_v1,0.2,Lactuca sativa,Rex,o_plus_fr,O+FR,transmittance,653.6441267847138,7.625982460542616,0.07625982460542616
rex_green_butterhead_mature_leaf_optics_v1,0.2,Lactuca sativa,Rex,o_plus_fr,O+FR,transmittance,656.9795539559389,6.947602670978895,0.06947602670978896
rex_green_butterhead_mature_leaf_optics_v1,0.2,Lactuca sativa,Rex,o_plus_fr,O+FR,transmittance,661.2679603189424,6.014740651523752,0.06014740651523752
rex_green_butterhead_mature_leaf_optics_v1,0.2,Lactuca sativa,Rex,o_plus_fr,O+FR,transmittance,665.2387069513532,5.421475660099873,0.054214756600998726
rex_green_butterhead_mature_leaf_optics_v1,0.2,Lactuca sativa,Rex,o_plus_fr,O+FR,transmittance,668.7329639878745,5.252683004700401,0.05252683004700401
rex_green_butterhead_mature_leaf_optics_v1,0.2,Lactuca sativa,Rex,o_plus_fr,O+FR,transmittance,671.7507314285067,5.253593067257896,0.05253593067257896
rex_green_butterhead_mature_leaf_optics_v1,0.2,Lactuca sativa,Rex,o_plus_fr,O+FR,transmittance,676.0391377915103,5.537963667458399,0.05537963667458399
rex_green_butterhead_mature_leaf_optics_v1,0.2,Lactuca sativa,Rex,o_plus_fr,O+FR,transmittance,679.8510545586246,6.275114339024157,0.06275114339024157
rex_green_butterhead_mature_leaf_optics_v1,0.2,Lactuca sativa,Rex,o_plus_fr,O+FR,transmittance,683.6629713257389,7.74826612945148,0.0774826612945148
rex_green_butterhead_mature_leaf_optics_v1,0.2,Lactuca sativa,Rex,o_plus_fr,O+FR,transmittance,686.0454193051853,9.079448160910571,0.0907944816091057
rex_green_butterhead_mature_leaf_optics_v1,0.2,Lactuca sativa,Rex,o_plus_fr,O+FR,transmittance,687.9513776887425,10.35387102759998,0.10353871027599981
rex_green_butterhead_mature_leaf_optics_v1,0.2,Lactuca sativa,Rex,o_plus_fr,O+FR,transmittance,689.3808464764104,11.882919818268832,0.11882919818268832
rex_green_butterhead_mature_leaf_optics_v1,0.2,Lactuca sativa,Rex,o_plus_fr,O+FR,transmittance,691.2868048599676,14.091497951205596,0.14091497951205598
rex_green_butterhead_mature_leaf_optics_v1,0.2,Lactuca sativa,Rex,o_plus_fr,O+FR,transmittance,692.239784051746,15.45055663574145,0.1545055663574145
rex_green_butterhead_mature_leaf_optics_v1,0.2,Lactuca sativa,Rex,o_plus_fr,O+FR,transmittance,693.8280827047104,17.31934614852959,0.1731934614852959
rex_green_butterhead_mature_leaf_optics_v1,0.2,Lactuca sativa,Rex,o_plus_fr,O+FR,transmittance,695.0987216270818,18.33880780503418,0.1833880780503418
rex_green_butterhead_mature_leaf_optics_v1,0.2,Lactuca sativa,Rex,o_plus_fr,O+FR,transmittance,695.5752112229711,19.78264600150449,0.1978264600150449
rex_green_butterhead_mature_leaf_optics_v1,0.2,Lactuca sativa,Rex,o_plus_fr,O+FR,transmittance,696.0517008188604,20.886791373884847,0.20886791373884847
rex_green_butterhead_mature_leaf_optics_v1,0.2,Lactuca sativa,Rex,o_plus_fr,O+FR,transmittance,697.0046800106389,22.2458500584207,0.222458500584207
rex_green_butterhead_mature_leaf_optics_v1,0.2,Lactuca sativa,Rex,o_plus_fr,O+FR,transmittance,697.9576592024175,23.435062330911578,0.23435062330911577
rex_green_butterhead_mature_leaf_optics_v1,0.2,Lactuca sativa,Rex,o_plus_fr,O+FR,transmittance,698.9106383941961,24.62427460340244,0.2462427460340244
rex_green_butterhead_mature_leaf_optics_v1,0.2,Lactuca sativa,Rex,o_plus_fr,O+FR,transmittance,700.4989370471603,26.606295057553893,0.2660629505755389
rex_green_butterhead_mature_leaf_optics_v1,0.2,Lactuca sativa,Rex,o_plus_fr,O+FR,transmittance,701.7695759695318,27.852218596785107,0.27852218596785105
rex_green_butterhead_mature_leaf_optics_v1,0.2,Lactuca sativa,Rex,o_plus_fr,O+FR,transmittance,702.7225551613103,29.466046899388417,0.29466046899388415
rex_green_butterhead_mature_leaf_optics_v1,0.2,Lactuca sativa,Rex,o_plus_fr,O+FR,transmittance,704.1520239489782,31.33478851414722,0.3133478851414722
rex_green_butterhead_mature_leaf_optics_v1,0.2,Lactuca sativa,Rex,o_plus_fr,O+FR,transmittance,705.1050031407568,33.118463228795505,0.331184632287955
rex_green_butterhead_mature_leaf_optics_v1,0.2,Lactuca sativa,Rex,o_plus_fr,O+FR,transmittance,707.010961524314,34.98734853764233,0.3498734853764233
rex_green_butterhead_mature_leaf_optics_v1,0.2,Lactuca sativa,Rex,o_plus_fr,O+FR,transmittance,708.4404303119818,36.34655091626621,0.3634655091626621
rex_green_butterhead_mature_leaf_optics_v1,0.2,Lactuca sativa,Rex,o_plus_fr,O+FR,transmittance,709.0757497731676,37.705513804743376,0.37705513804743374
rex_green_butterhead_mature_leaf_optics_v1,0.2,Lactuca sativa,Rex,o_plus_fr,O+FR,transmittance,711.2993678873175,40.08403414578381,0.4008403414578381
rex_green_butterhead_mature_leaf_optics_v1,0.2,Lactuca sativa,Rex,o_plus_fr,O+FR,transmittance,712.2523470790961,41.44309283031966,0.41443092830319656
rex_green_butterhead_mature_leaf_optics_v1,0.2,Lactuca sativa,Rex,o_plus_fr,O+FR,transmittance,713.681815866764,43.14198803303348,0.4314198803303348
rex_green_butterhead_mature_leaf_optics_v1,0.2,Lactuca sativa,Rex,o_plus_fr,O+FR,transmittance,715.1112846544318,44.33134399961238,0.44331343999612377
rex_green_butterhead_mature_leaf_optics_v1,0.2,Lactuca sativa,Rex,o_plus_fr,O+FR,transmittance,717.0172430379889,46.08699836709588,0.4608699836709588
rex_green_butterhead_mature_leaf_optics_v1,0.2,Lactuca sativa,Rex,o_plus_fr,O+FR,transmittance,718.4467118256568,47.89912451117302,0.4789912451117302
rex_green_butterhead_mature_leaf_optics_v1,0.2,Lactuca sativa,Rex,o_plus_fr,O+FR,transmittance,720.352670209214,49.59816340797487,0.4959816340797487
rex_green_butterhead_mature_leaf_optics_v1,0.2,Lactuca sativa,Rex,o_plus_fr,O+FR,transmittance,721.7821389968818,50.6176729625088,0.506176729625088
rex_green_butterhead_mature_leaf_optics_v1,0.2,Lactuca sativa,Rex,o_plus_fr,O+FR,transmittance,723.2116077845496,52.14672175317765,0.5214672175317765
rex_green_butterhead_mature_leaf_optics_v1,0.2,Lactuca sativa,Rex,o_plus_fr,O+FR,transmittance,725.1175661681068,53.590991031912026,0.5359099103191203
rex_green_butterhead_mature_leaf_optics_v1,0.2,Lactuca sativa,Rex,o_plus_fr,O+FR,transmittance,727.5000141475533,55.03540400473444,0.5503540400473443
rex_green_butterhead_mature_leaf_optics_v1,0.2,Lactuca sativa,Rex,o_plus_fr,O+FR,transmittance,730.3589517228891,56.96119217243896,0.5696119217243897
rex_green_butterhead_mature_leaf_optics_v1,0.2,Lactuca sativa,Rex,o_plus_fr,O+FR,transmittance,733.2178892982247,58.830364869461846,0.5883036486946185
rex_green_butterhead_mature_leaf_optics_v1,0.2,Lactuca sativa,Rex,o_plus_fr,O+FR,transmittance,735.6003372776711,59.87846954751264,0.5987846954751264
rex_green_butterhead_mature_leaf_optics_v1,0.2,Lactuca sativa,Rex,o_plus_fr,O+FR,transmittance,737.9827852571176,61.20965157897174,0.6120965157897174
rex_green_butterhead_mature_leaf_optics_v1,0.2,Lactuca sativa,Rex,o_plus_fr,O+FR,transmittance,740.8417228324533,62.62590051054134,0.6262590051054134
rex_green_butterhead_mature_leaf_optics_v1,0.2,Lactuca sativa,Rex,o_plus_fr,O+FR,transmittance,744.1771500036783,64.21213954824394,0.6421213954824394
rex_green_butterhead_mature_leaf_optics_v1,0.2,Lactuca sativa,Rex,o_plus_fr,O+FR,transmittance,747.9890667707926,65.86929161838665,0.6586929161838665
rex_green_butterhead_mature_leaf_optics_v1,0.2,Lactuca sativa,Rex,o_plus_fr,O+FR,transmittance,751.8009835379069,66.8895196433607,0.668895196433607
rex_green_butterhead_mature_leaf_optics_v1,0.2,Lactuca sativa,Rex,o_plus_fr,O+FR,transmittance,755.136410709132,68.1785274599846,0.681785274599846
rex_green_butterhead_mature_leaf_optics_v1,0.2,Lactuca sativa,Rex,o_plus_fr,O+FR,transmittance,759.5836469374319,69.31217801843933,0.6931217801843933
rex_green_butterhead_mature_leaf_optics_v1,0.2,Lactuca sativa,Rex,o_plus_fr,O+FR,transmittance,763.3955637045462,69.4831739831885,0.694831739831885
rex_green_butterhead_mature_leaf_optics_v1,0.2,Lactuca sativa,Rex,o_plus_fr,O+FR,transmittance,766.5721610104748,68.9745927076404,0.6897459270764039
rex_green_butterhead_mature_leaf_optics_v1,0.2,Lactuca sativa,Rex,o_plus_fr,O+FR,transmittance,769.9075881816998,68.21128971205418,0.6821128971205418
rex_green_butterhead_mature_leaf_optics_v1,0.2,Lactuca sativa,Rex,o_plus_fr,O+FR,transmittance,775.6254633323713,66.62778086202405,0.6662778086202406
rex_green_butterhead_mature_leaf_optics_v1,0.2,Lactuca sativa,Rex,o_plus_fr,O+FR,transmittance,779.4373800994856,67.06770031251108,0.6706770031251108
rex_green_butterhead_mature_leaf_optics_v1,0.2,Lactuca sativa,Rex,o_plus_fr,O+FR,transmittance,782.2963176748212,65.61071410698653,0.6561071410698653
rex_green_butterhead_mature_leaf_optics_v1,0.2,Lactuca sativa,Rex,o_plus_fr,O+FR,transmittance,785.155255250157,64.43680525487028,0.6443680525487028
rex_green_butterhead_mature_leaf_optics_v1,0.2,Lactuca sativa,Rex,o_plus_fr,O+FR,transmittance,788.490682421382,64.45196498115686,0.6445196498115686
rex_green_butterhead_mature_leaf_optics_v1,0.2,Lactuca sativa,Rex,o_plus_fr,O+FR,transmittance,792.7790887843855,63.03787146090762,0.6303787146090761
rex_green_butterhead_mature_leaf_optics_v1,0.2,Lactuca sativa,Rex,o_plus_fr,O+FR,transmittance,794.2085575720535,62.01922407090185,0.6201922407090185
rex_green_butterhead_mature_leaf_optics_v1,0.2,Lactuca sativa,Rex,o_plus_fr,O+FR,transmittance,795.4791964944249,60.66083595877677,0.6066083595877677
rex_green_butterhead_mature_leaf_optics_v1,0.2,Lactuca sativa,Rex,o_plus_fr,O+FR,transmittance,795.6380263597214,59.21718935442383,0.5921718935442383
rex_green_butterhead_mature_leaf_optics_v1,0.2,Lactuca sativa,Rex,o_plus_fr,O+FR,transmittance,798.496963935057,60.74666922735675,0.6074666922735674
rex_green_butterhead_mature_leaf_optics_v1,0.2,Lactuca sativa,Rex,r_plus_fr,R+FR,transmittance,403.9635785387275,3.516834472349629,0.03516834472349629
rex_green_butterhead_mature_leaf_optics_v1,0.2,Lactuca sativa,Rex,r_plus_fr,R+FR,transmittance,407.7754953058418,3.560445628065054,0.03560445628065054
rex_green_butterhead_mature_leaf_optics_v1,0.2,Lactuca sativa,Rex,r_plus_fr,R+FR,transmittance,410.63443288117753,3.306538174525741,0.03306538174525741
rex_green_butterhead_mature_leaf_optics_v1,0.2,Lactuca sativa,Rex,r_plus_fr,R+FR,transmittance,415.3993288400704,3.3079751154059807,0.033079751154059804
rex_green_butterhead_mature_leaf_optics_v1,0.2,Lactuca sativa,Rex,r_plus_fr,R+FR,transmittance,418.7347560112954,3.3089809740221625,0.033089809740221625
rex_green_butterhead_mature_leaf_optics_v1,0.2,Lactuca sativa,Rex,r_plus_fr,R+FR,transmittance,422.0701831825204,3.6496796567282814,0.036496796567282816
rex_green_butterhead_mature_leaf_optics_v1,0.2,Lactuca sativa,Rex,r_plus_fr,R+FR,transmittance,426.358589545524,3.650972903520497,0.03650972903520497
rex_green_butterhead_mature_leaf_optics_v1,0.2,Lactuca sativa,Rex,r_plus_fr,R+FR,transmittance,431.12348550441686,3.907179462468207,0.03907179462468207
rex_green_butterhead_mature_leaf_optics_v1,0.2,Lactuca sativa,Rex,r_plus_fr,R+FR,transmittance,435.4118918674204,3.4838566791479906,0.034838566791479904
rex_green_butterhead_mature_leaf_optics_v1,0.2,Lactuca sativa,Rex,r_plus_fr,R+FR,transmittance,439.700298230424,2.9756106898052934,0.029756106898052935
rex_green_butterhead_mature_leaf_optics_v1,0.2,Lactuca sativa,Rex,r_plus_fr,R+FR,transmittance,444.331641285956,3.029050555273216,0.03029050555273216
rex_green_butterhead_mature_leaf_optics_v1,0.2,Lactuca sativa,Rex,r_plus_fr,R+FR,transmittance,448.7536005523205,3.3180337015677,0.033180337015677
rex_green_butterhead_mature_leaf_optics_v1,0.2,Lactuca sativa,Rex,r_plus_fr,R+FR,transmittance,452.5655173194348,3.828722490406832,0.03828722490406832
rex_green_butterhead_mature_leaf_optics_v1,0.2,Lactuca sativa,Rex,r_plus_fr,R+FR,transmittance,457.4892431436241,4.396362036132999,0.04396362036132999
rex_green_butterhead_mature_leaf_optics_v1,0.2,Lactuca sativa,Rex,r_plus_fr,R+FR,transmittance,461.142330045442,4.850387456261103,0.04850387456261103
rex_green_butterhead_mature_leaf_optics_v1,0.2,Lactuca sativa,Rex,r_plus_fr,R+FR,transmittance,464.9542468125562,4.936460214987804,0.04936460214987804
rex_green_butterhead_mature_leaf_optics_v1,0.2,Lactuca sativa,Rex,r_plus_fr,R+FR,transmittance,468.76616357967055,4.895148164680748,0.04895148164680748
rex_green_butterhead_mature_leaf_optics_v1,0.2,Lactuca sativa,Rex,r_plus_fr,R+FR,transmittance,472.7369102120813,5.080345895129682,0.050803458951296815
rex_green_butterhead_mature_leaf_optics_v1,0.2,Lactuca sativa,Rex,r_plus_fr,R+FR,transmittance,479.4077645545313,5.4786659071336175,0.054786659071336175
rex_green_butterhead_mature_leaf_optics_v1,0.2,Lactuca sativa,Rex,r_plus_fr,R+FR,transmittance,487.3492578193527,5.537676279282351,0.05537676279282351
rex_green_butterhead_mature_leaf_optics_v1,0.2,Lactuca sativa,Rex,r_plus_fr,R+FR,transmittance,491.6376641823563,5.878662350164532,0.058786623501645326
rex_green_butterhead_mature_leaf_optics_v1,0.2,Lactuca sativa,Rex,r_plus_fr,R+FR,transmittance,495.9260705453599,6.389494833091675,0.06389494833091675
rex_green_butterhead_mature_leaf_optics_v1,0.2,Lactuca sativa,Rex,r_plus_fr,R+FR,transmittance,500.05564704306704,7.296587712761095,0.07296587712761095
rex_green_butterhead_mature_leaf_optics_v1,0.2,Lactuca sativa,Rex,r_plus_fr,R+FR,transmittance,503.8675638101813,8.31681573773514,0.0831681573773514
rex_green_butterhead_mature_leaf_optics_v1,0.2,Lactuca sativa,Rex,r_plus_fr,R+FR,transmittance,507.99714030788846,9.959909736266098,0.09959909736266098
rex_green_butterhead_mature_leaf_optics_v1,0.2,Lactuca sativa,Rex,r_plus_fr,R+FR,transmittance,510.6972480179278,11.404418505147191,0.11404418505147192
rex_green_butterhead_mature_leaf_optics_v1,0.2,Lactuca sativa,Rex,r_plus_fr,R+FR,transmittance,513.5561855932635,12.67912876001266,0.1267912876001266
rex_green_butterhead_mature_leaf_optics_v1,0.2,Lactuca sativa,Rex,r_plus_fr,R+FR,transmittance,515.4621439768207,14.208321244769536,0.14208321244769537
rex_green_butterhead_mature_leaf_optics_v1,0.2,Lactuca sativa,Rex,r_plus_fr,R+FR,transmittance,517.3681023603777,15.227974493391486,0.15227974493391486
rex_green_butterhead_mature_leaf_optics_v1,0.2,Lactuca sativa,Rex,r_plus_fr,R+FR,transmittance,519.7505503398243,16.927157084281347,0.16927157084281347
rex_green_butterhead_mature_leaf_optics_v1,0.2,Lactuca sativa,Rex,r_plus_fr,R+FR,transmittance,522.1329983192707,18.456493263126248,0.18456493263126247
rex_green_butterhead_mature_leaf_optics_v1,0.2,Lactuca sativa,Rex,r_plus_fr,R+FR,transmittance,524.0389567028278,19.645992923793173,0.19645992923793174
rex_green_butterhead_mature_leaf_optics_v1,0.2,Lactuca sativa,Rex,r_plus_fr,R+FR,transmittance,525.944915086385,20.750569378437618,0.20750569378437617
rex_green_butterhead_mature_leaf_optics_v1,0.2,Lactuca sativa,Rex,r_plus_fr,R+FR,transmittance,528.8038526617206,22.195126045348047,0.22195126045348046
rex_green_butterhead_mature_leaf_optics_v1,0.2,Lactuca sativa,Rex,r_plus_fr,R+FR,transmittance,532.6157694288349,23.55504689441203,0.2355504689441203
rex_green_butterhead_mature_leaf_optics_v1,0.2,Lactuca sativa,Rex,r_plus_fr,R+FR,transmittance,536.5865160612457,24.915015641505377,0.24915015641505378
rex_green_butterhead_mature_leaf_optics_v1,0.2,Lactuca sativa,Rex,r_plus_fr,R+FR,transmittance,542.3043912119172,25.87920297214985,0.2587920297214985
rex_green_butterhead_mature_leaf_optics_v1,0.2,Lactuca sativa,Rex,r_plus_fr,R+FR,transmittance,546.4339677096243,26.333372086366,0.26333372086366
rex_green_butterhead_mature_leaf_optics_v1,0.2,Lactuca sativa,Rex,r_plus_fr,R+FR,transmittance,551.1988636685171,26.617886380654557,0.2661788638065456
rex_green_butterhead_mature_leaf_optics_v1,0.2,Lactuca sativa,Rex,r_plus_fr,R+FR,transmittance,558.5050374721529,26.393627807277625,0.26393627807277625
rex_green_butterhead_mature_leaf_optics_v1,0.2,Lactuca sativa,Rex,r_plus_fr,R+FR,transmittance,563.1111035657493,25.687323466607797,0.256873234666078
rex_green_butterhead_mature_leaf_optics_v1,0.2,Lactuca sativa,Rex,r_plus_fr,R+FR,transmittance,565.9700411410851,24.838953570911077,0.24838953570911076
rex_green_butterhead_mature_leaf_optics_v1,0.2,Lactuca sativa,Rex,r_plus_fr,R+FR,transmittance,570.2584475040886,23.73624513941094,0.23736245139410939
rex_green_butterhead_mature_leaf_optics_v1,0.2,Lactuca sativa,Rex,r_plus_fr,R+FR,transmittance,573.2656514382403,22.368294828539877,0.22368294828539878
rex_green_butterhead_mature_leaf_optics_v1,0.2,Lactuca sativa,Rex,r_plus_fr,R+FR,transmittance,576.9293018465387,21.303791617332,0.21303791617332
rex_green_butterhead_mature_leaf_optics_v1,0.2,Lactuca sativa,Rex,r_plus_fr,R+FR,transmittance,582.6471769972101,19.66366729662019,0.1966366729662019
rex_green_butterhead_mature_leaf_optics_v1,0.2,Lactuca sativa,Rex,r_plus_fr,R+FR,transmittance,586.4590937643244,18.900507995122,0.18900507995121998
rex_green_butterhead_mature_leaf_optics_v1,0.2,Lactuca sativa,Rex,r_plus_fr,R+FR,transmittance,590.5886702620315,18.36390637240912,0.1836390637240912
rex_green_butterhead_mature_leaf_optics_v1,0.2,Lactuca sativa,Rex,r_plus_fr,R+FR,transmittance,594.5594168944423,17.88387232234855,0.1788387232234855
rex_green_butterhead_mature_leaf_optics_v1,0.2,Lactuca sativa,Rex,r_plus_fr,R+FR,transmittance,599.8008024492244,17.404221456522748,0.17404221456522748
rex_green_butterhead_mature_leaf_optics_v1,0.2,Lactuca sativa,Rex,r_plus_fr,R+FR,transmittance,604.5656984081173,16.86781142592723,0.1686781142592723
rex_green_butterhead_mature_leaf_optics_v1,0.2,Lactuca sativa,Rex,r_plus_fr,R+FR,transmittance,607.9011255793423,16.44420125443095,0.1644420125443095
rex_green_butterhead_mature_leaf_optics_v1,0.2,Lactuca sativa,Rex,r_plus_fr,R+FR,transmittance,612.1895319423459,15.681185647020795,0.15681185647020796
rex_green_butterhead_mature_leaf_optics_v1,0.2,Lactuca sativa,Rex,r_plus_fr,R+FR,transmittance,616.6367681706458,14.691756054913329,0.1469175605491333
rex_green_butterhead_mature_leaf_optics_v1,0.2,Lactuca sativa,Rex,r_plus_fr,R+FR,transmittance,620.4486849377602,14.126750900800944,0.14126750900800944
rex_green_butterhead_mature_leaf_optics_v1,0.2,Lactuca sativa,Rex,r_plus_fr,R+FR,transmittance,625.0547510313567,13.731831648880243,0.13731831648880244
rex_green_butterhead_mature_leaf_optics_v1,0.2,Lactuca sativa,Rex,r_plus_fr,R+FR,transmittance,633.1550741614744,13.394581624286715,0.13394581624286717
rex_green_butterhead_mature_leaf_optics_v1,0.2,Lactuca sativa,Rex,r_plus_fr,R+FR,transmittance,638.3964597162567,12.292160580962644,0.12292160580962644
rex_green_butterhead_mature_leaf_optics_v1,0.2,Lactuca sativa,Rex,r_plus_fr,R+FR,transmittance,644.1143348669281,10.935113613659126,0.10935113613659127
rex_green_butterhead_mature_leaf_optics_v1,0.2,Lactuca sativa,Rex,r_plus_fr,R+FR,transmittance,647.767421768746,9.662367177996671,0.09662367177996671
rex_green_butterhead_mature_leaf_optics_v1,0.2,Lactuca sativa,Rex,r_plus_fr,R+FR,transmittance,652.8499774582317,8.701436913347422,0.08701436913347421
rex_green_butterhead_mature_leaf_optics_v1,0.2,Lactuca sativa,Rex,r_plus_fr,R+FR,transmittance,657.2972136865317,7.910161468625759,0.0791016146862576
rex_green_butterhead_mature_leaf_optics_v1,0.2,Lactuca sativa,Rex,r_plus_fr,R+FR,transmittance,661.7444499148316,7.118886023904111,0.07118886023904111
rex_green_butterhead_mature_leaf_optics_v1,0.2,Lactuca sativa,Rex,r_plus_fr,R+FR,transmittance,664.6033874901675,6.610208952297327,0.06610208952297328
rex_green_butterhead_mature_leaf_optics_v1,0.2,Lactuca sativa,Rex,r_plus_fr,R+FR,transmittance,669.8447730449495,6.272096763175654,0.06272096763175654
rex_green_butterhead_mature_leaf_optics_v1,0.2,Lactuca sativa,Rex,r_plus_fr,R+FR,transmittance,674.1331794079531,6.6130828340578205,0.06613082834057821
rex_green_butterhead_mature_leaf_optics_v1,0.2,Lactuca sativa,Rex,r_plus_fr,R+FR,transmittance,679.2157350974389,7.690309513948264,0.07690309513948264
rex_green_butterhead_mature_leaf_optics_v1,0.2,Lactuca sativa,Rex,r_plus_fr,R+FR,transmittance,683.6629713257389,9.503345720582884,0.09503345720582884
rex_green_butterhead_mature_leaf_optics_v1,0.2,Lactuca sativa,Rex,r_plus_fr,R+FR,transmittance,686.0454193051853,10.692989075337834,0.10692989075337835
rex_green_butterhead_mature_leaf_optics_v1,0.2,Lactuca sativa,Rex,r_plus_fr,R+FR,transmittance,687.9513776887425,12.392027972139672,0.12392027972139673
rex_green_butterhead_mature_leaf_optics_v1,0.2,Lactuca sativa,Rex,r_plus_fr,R+FR,transmittance,689.3808464764104,13.581383938718574,0.13581383938718575
rex_green_butterhead_mature_leaf_optics_v1,0.2,Lactuca sativa,Rex,r_plus_fr,R+FR,transmittance,690.8103152640782,15.959664789612305,0.15959664789612305
rex_green_butterhead_mature_leaf_optics_v1,0.2,Lactuca sativa,Rex,r_plus_fr,R+FR,transmittance,692.239784051746,17.488713580281143,0.17488713580281143
rex_green_butterhead_mature_leaf_optics_v1,0.2,Lactuca sativa,Rex,r_plus_fr,R+FR,transmittance,693.1927632435247,19.01761867686197,0.19017618676861972
rex_green_butterhead_mature_leaf_optics_v1,0.2,Lactuca sativa,Rex,r_plus_fr,R+FR,transmittance,694.1457424353032,20.20683094935285,0.2020683094935285
rex_green_butterhead_mature_leaf_optics_v1,0.2,Lactuca sativa,Rex,r_plus_fr,R+FR,transmittance,695.5752112229711,22.24541897615663,0.22245418976156628
rex_green_butterhead_mature_leaf_optics_v1,0.2,Lactuca sativa,Rex,r_plus_fr,R+FR,transmittance,697.0046800106389,24.45385341500537,0.2445385341500537
rex_green_butterhead_mature_leaf_optics_v1,0.2,Lactuca sativa,Rex,r_plus_fr,R+FR,transmittance,697.9576592024175,25.643065687496247,0.25643065687496247
rex_green_butterhead_mature_leaf_optics_v1,0.2,Lactuca sativa,Rex,r_plus_fr,R+FR,transmittance,698.9106383941961,26.832277959987124,0.2683227795998712
rex_green_butterhead_mature_leaf_optics_v1,0.2,Lactuca sativa,Rex,r_plus_fr,R+FR,transmittance,699.8636175859747,28.191336644522963,0.28191336644522963
rex_green_butterhead_mature_leaf_optics_v1,0.2,Lactuca sativa,Rex,r_plus_fr,R+FR,transmittance,700.8165967777531,29.38054891701384,0.2938054891701384
rex_green_butterhead_mature_leaf_optics_v1,0.2,Lactuca sativa,Rex,r_plus_fr,R+FR,transmittance,702.2460655654211,31.419136943817605,0.31419136943817605
rex_green_butterhead_mature_leaf_optics_v1,0.2,Lactuca sativa,Rex,r_plus_fr,R+FR,transmittance,703.675534353089,33.118032146531434,0.33118032146531434
rex_green_butterhead_mature_leaf_optics_v1,0.2,Lactuca sativa,Rex,r_plus_fr,R+FR,transmittance,705.1050031407568,34.98677376129022,0.34986773761290224
rex_green_butterhead_mature_leaf_optics_v1,0.2,Lactuca sativa,Rex,r_plus_fr,R+FR,transmittance,707.010961524314,37.45012151229447,0.3745012151229447
rex_green_butterhead_mature_leaf_optics_v1,0.2,Lactuca sativa,Rex,r_plus_fr,R+FR,transmittance,709.3934095037604,39.74376654534176,0.3974376654534176
rex_green_butterhead_mature_leaf_optics_v1,0.2,Lactuca sativa,Rex,r_plus_fr,R+FR,transmittance,711.7758574832069,42.631874020546455,0.42631874020546456
rex_green_butterhead_mature_leaf_optics_v1,0.2,Lactuca sativa,Rex,r_plus_fr,R+FR,transmittance,713.2053262708747,44.1609228112153,0.44160922811215303
rex_green_butterhead_mature_leaf_optics_v1,0.2,Lactuca sativa,Rex,r_plus_fr,R+FR,transmittance,715.5877742503211,46.53949105028508,0.4653949105028508
rex_green_butterhead_mature_leaf_optics_v1,0.2,Lactuca sativa,Rex,r_plus_fr,R+FR,transmittance,717.0172430379889,47.89869342890895,0.4789869342890895
rex_green_butterhead_mature_leaf_optics_v1,0.2,Lactuca sativa,Rex,r_plus_fr,R+FR,transmittance,718.9232014215461,49.42788591366582,0.4942788591366582
rex_green_butterhead_mature_leaf_optics_v1,0.2,Lactuca sativa,Rex,r_plus_fr,R+FR,transmittance,721.3056494009926,51.38183812262316,0.5138183812262316
rex_green_butterhead_mature_leaf_optics_v1,0.2,Lactuca sativa,Rex,r_plus_fr,R+FR,transmittance,724.1645869763283,53.76055005578095,0.5376055005578095
rex_green_butterhead_mature_leaf_optics_v1,0.2,Lactuca sativa,Rex,r_plus_fr,R+FR,transmittance,725.5940557639962,54.69513640429239,0.5469513640429239
rex_green_butterhead_mature_leaf_optics_v1,0.2,Lactuca sativa,Rex,r_plus_fr,R+FR,transmittance,727.9765037434427,56.22447258313729,0.562244725831373
rex_green_butterhead_mature_leaf_optics_v1,0.2,Lactuca sativa,Rex,r_plus_fr,R+FR,transmittance,731.3119309146675,58.320250856974816,0.5832025085697482
rex_green_butterhead_mature_leaf_optics_v1,0.2,Lactuca sativa,Rex,r_plus_fr,R+FR,transmittance,733.694378894114,59.79297156513806,0.5979297156513806
rex_green_butterhead_mature_leaf_optics_v1,0.2,Lactuca sativa,Rex,r_plus_fr,R+FR,transmittance,737.029806065339,61.152748720114026,0.6115274872011403
rex_green_butterhead_mature_leaf_optics_v1,0.2,Lactuca sativa,Rex,r_plus_fr,R+FR,transmittance,740.8417228324533,63.192055217357925,0.6319205521735792
rex_green_butterhead_mature_leaf_optics_v1,0.2,Lactuca sativa,Rex,r_plus_fr,R+FR,transmittance,744.1771500036783,64.89152519642384,0.6489152519642384
rex_green_butterhead_mature_leaf_optics_v1,0.2,Lactuca sativa,Rex,r_plus_fr,R+FR,transmittance,746.5595979831248,65.91132213913383,0.6591132213913383
rex_green_butterhead_mature_leaf_optics_v1,0.2,Lactuca sativa,Rex,r_plus_fr,R+FR,transmittance,750.371514750239,67.27124298819781,0.6727124298819781
rex_green_butterhead_mature_leaf_optics_v1,0.2,Lactuca sativa,Rex,r_plus_fr,R+FR,transmittance,753.706941921464,68.29132731908383,0.6829132731908384
rex_green_butterhead_mature_leaf_optics_v1,0.2,Lactuca sativa,Rex,r_plus_fr,R+FR,transmittance,758.6306677456535,70.27435363185145,0.7027435363185145
rex_green_butterhead_mature_leaf_optics_v1,0.2,Lactuca sativa,Rex,r_plus_fr,R+FR,transmittance,762.2837546474713,71.1388412144216,0.711388412144216
rex_green_butterhead_mature_leaf_optics_v1,0.2,Lactuca sativa,Rex,r_plus_fr,R+FR,transmittance,764.6662026269177,70.3327892276481,0.7033278922764811
rex_green_butterhead_mature_leaf_optics_v1,0.2,Lactuca sativa,Rex,r_plus_fr,R+FR,transmittance,769.7487583164034,69.65493631640713,0.6965493631640713
rex_green_butterhead_mature_leaf_optics_v1,0.2,Lactuca sativa,Rex,r_plus_fr,R+FR,transmittance,775.4666334670749,69.20373688001015,0.6920373688001016
rex_green_butterhead_mature_leaf_optics_v1,0.2,Lactuca sativa,Rex,r_plus_fr,R+FR,transmittance,779.596209964782,68.77093028688031,0.6877093028688032
rex_green_butterhead_mature_leaf_optics_v1,0.2,Lactuca sativa,Rex,r_plus_fr,R+FR,transmittance,782.2963176748212,67.79040972823039,0.6779040972823038
rex_green_butterhead_mature_leaf_optics_v1,0.2,Lactuca sativa,Rex,r_plus_fr,R+FR,transmittance,784.9964253848606,66.37583722768773,0.6637583722768773
rex_green_butterhead_mature_leaf_optics_v1,0.2,Lactuca sativa,Rex,r_plus_fr,R+FR,transmittance,789.4436616131607,66.094101019101,0.66094101019101
rex_green_butterhead_mature_leaf_optics_v1,0.2,Lactuca sativa,Rex,r_plus_fr,R+FR,transmittance,792.6202589190891,64.56644127128305,0.6456644127128306
rex_green_butterhead_mature_leaf_optics_v1,0.2,Lactuca sativa,Rex,r_plus_fr,R+FR,transmittance,797.385154877982,63.888492563983405,0.638884925639834
rex_green_butterhead_mature_leaf_optics_v1,0.2,Lactuca sativa,Rex,r_plus_fr,R+FR,transmittance,797.6311336717429,65.25863423813985,0.6525863423813985
rex_green_butterhead_mature_leaf_optics_v1,0.2,Lactuca sativa,Rex,orange,Orange,transmittance,403.3840947546531,1.3279204145822376,0.013279204145822376
rex_green_butterhead_mature_leaf_optics_v1,0.2,Lactuca sativa,Rex,orange,Orange,transmittance,408.12182741116754,1.32934916387552,0.013293491638755199
rex_green_butterhead_mature_leaf_optics_v1,0.2,Lactuca sativa,Rex,orange,Orange,transmittance,413.3345405912168,1.0427336137582015,0.010427336137582016
rex_green_butterhead_mature_leaf_optics_v1,0.2,Lactuca sativa,Rex,orange,Orange,transmittance,417.14645735833113,1.2703450491890322,0.012703450491890322
rex_green_butterhead_mature_leaf_optics_v1,0.2,Lactuca sativa,Rex,orange,Orange,transmittance,421.1172039907418,1.3564657059450695,0.013564657059450695
rex_green_butterhead_mature_leaf_optics_v1,0.2,Lactuca sativa,Rex,orange,Orange,transmittance,424.92912075785614,1.6123848767167177,0.016123848767167177
rex_green_butterhead_mature_leaf_optics_v1,0.2,Lactuca sativa,Rex,orange,Orange,transmittance,429.694016716749,1.4439754055519956,0.014439754055519956
rex_green_butterhead_mature_leaf_optics_v1,0.2,Lactuca sativa,Rex,orange,Orange,transmittance,435.4118918674204,1.2758533225633073,0.012758533225633074
rex_green_butterhead_mature_leaf_optics_v1,0.2,Lactuca sativa,Rex,orange,Orange,transmittance,441.9627749576988,1.339554515970363,0.01339554515970363
rex_green_butterhead_mature_leaf_optics_v1,0.2,Lactuca sativa,Rex,orange,Orange,transmittance,446.7005076142132,1.3409832652636453,0.013409832652636454
rex_green_butterhead_mature_leaf_optics_v1,0.2,Lactuca sativa,Rex,orange,Orange,transmittance,452.0890277235455,1.280882615644174,0.012808826156441739
rex_green_butterhead_mature_leaf_optics_v1,0.2,Lactuca sativa,Rex,orange,Orange,transmittance,457.3304132783276,1.7920024867473645,0.017920024867473645
rex_green_butterhead_mature_leaf_optics_v1,0.2,Lactuca sativa,Rex,orange,Orange,transmittance,461.142330045442,1.9629984514965315,0.019629984514965317
rex_green_butterhead_mature_leaf_optics_v1,0.2,Lactuca sativa,Rex,orange,Orange,transmittance,464.9542468125562,2.049071210223232,0.020490712102232318
rex_green_butterhead_mature_leaf_optics_v1,0.2,Lactuca sativa,Rex,orange,Orange,transmittance,468.92499344496696,2.078576396297578,0.020785763962975778
rex_green_butterhead_mature_leaf_optics_v1,0.2,Lactuca sativa,Rex,orange,Orange,transmittance,472.5780803467848,2.2636783306878243,0.022636783306878242
rex_green_butterhead_mature_leaf_optics_v1,0.2,Lactuca sativa,Rex,orange,Orange,transmittance,476.3899971138992,2.349751089414525,0.02349751089414525
rex_green_butterhead_mature_leaf_optics_v1,0.2,Lactuca sativa,Rex,orange,Orange,transmittance,480.2019138810134,2.605670260186173,0.026056702601861728
rex_green_butterhead_mature_leaf_optics_v1,0.2,Lactuca sativa,Rex,orange,Orange,transmittance,486.8727682234634,2.522758771396028,0.02522758771396028
rex_green_butterhead_mature_leaf_optics_v1,0.2,Lactuca sativa,Rex,orange,Orange,transmittance,490.20819539468846,2.6511494390459376,0.026511494390459377
rex_green_butterhead_mature_leaf_optics_v1,0.2,Lactuca sativa,Rex,orange,Orange,transmittance,497.35553933302776,3.1203824834899763,0.031203824834899762
rex_green_butterhead_mature_leaf_optics_v1,0.2,Lactuca sativa,Rex,orange,Orange,transmittance,501.167456100142,3.673532875340357,0.036735328753403566
rex_green_butterhead_mature_leaf_optics_v1,0.2,Lactuca sativa,Rex,orange,Orange,transmittance,504.9793728672563,4.523914488269426,0.04523914488269426
rex_green_butterhead_mature_leaf_optics_v1,0.2,Lactuca sativa,Rex,orange,Orange,transmittance,508.7912896343706,5.416757704209729,0.05416757704209729
rex_green_butterhead_mature_leaf_optics_v1,0.2,Lactuca sativa,Rex,orange,Orange,transmittance,512.1267168055956,6.620842314811156,0.06620842314811157
rex_green_butterhead_mature_leaf_optics_v1,0.2,Lactuca sativa,Rex,orange,Orange,transmittance,514.9856543809314,7.867244834335779,0.07867244834335779
rex_green_butterhead_mature_leaf_optics_v1,0.2,Lactuca sativa,Rex,orange,Orange,transmittance,517.8445919562671,9.34010923658704,0.0934010923658704
rex_green_butterhead_mature_leaf_optics_v1,0.2,Lactuca sativa,Rex,orange,Orange,transmittance,520.7035295316028,10.8129736388383,0.10812973638838301
rex_green_butterhead_mature_leaf_optics_v1,0.2,Lactuca sativa,Rex,orange,Orange,transmittance,523.5624671069386,12.399068982452889,0.12399068982452889
rex_green_butterhead_mature_leaf_optics_v1,0.2,Lactuca sativa,Rex,orange,Orange,transmittance,526.4214046822742,13.815317914022486,0.13815317914022487
rex_green_butterhead_mature_leaf_optics_v1,0.2,Lactuca sativa,Rex,orange,Orange,transmittance,529.7568318534993,15.231710539680122,0.1523171053968012
rex_green_butterhead_mature_leaf_optics_v1,0.2,Lactuca sativa,Rex,orange,Orange,transmittance,533.5687486206135,16.464246579710377,0.16464246579710376
rex_green_butterhead_mature_leaf_optics_v1,0.2,Lactuca sativa,Rex,orange,Orange,transmittance,537.3806653877278,17.272166589628213,0.17272166589628213
rex_green_butterhead_mature_leaf_optics_v1,0.2,Lactuca sativa,Rex,orange,Orange,transmittance,541.1925821548422,17.78285537846733,0.17782855378467333
rex_green_butterhead_mature_leaf_optics_v1,0.2,Lactuca sativa,Rex,orange,Orange,transmittance,545.0044989219564,18.208620961283955,0.18208620961283956
rex_green_butterhead_mature_leaf_optics_v1,0.2,Lactuca sativa,Rex,orange,Orange,transmittance,548.8164156890707,18.549463338078112,0.18549463338078112
rex_green_butterhead_mature_leaf_optics_v1,0.2,Lactuca sativa,Rex,orange,Orange,transmittance,552.628332456185,18.80538250884977,0.18805382508849772
rex_green_butterhead_mature_leaf_optics_v1,0.2,Lactuca sativa,Rex,orange,Orange,transmittance,556.4402492232994,18.72160885553147,0.1872160885553147
rex_green_butterhead_mature_leaf_optics_v1,0.2,Lactuca sativa,Rex,orange,Orange,transmittance,560.2521659904136,18.34060398113448,0.1834060398113448
rex_green_butterhead_mature_leaf_optics_v1,0.2,Lactuca sativa,Rex,orange,Orange,transmittance,564.0640827575279,17.577444679636287,0.17577444679636287
rex_green_butterhead_mature_leaf_optics_v1,0.2,Lactuca sativa,Rex,orange,Orange,transmittance,567.8759995246422,16.55951576007064,0.1655951576007064
rex_green_butterhead_mature_leaf_optics_v1,0.2,Lactuca sativa,Rex,orange,Orange,transmittance,571.6879162917564,15.414202031471248,0.15414202031471247
rex_green_butterhead_mature_leaf_optics_v1,0.2,Lactuca sativa,Rex,orange,Orange,transmittance,575.4998330588708,14.226426699860625,0.14226426699860625
rex_green_butterhead_mature_leaf_optics_v1,0.2,Lactuca sativa,Rex,orange,Orange,transmittance,579.3117498259851,13.378344192339938,0.1337834419233994
rex_green_butterhead_mature_leaf_optics_v1,0.2,Lactuca sativa,Rex,orange,Orange,transmittance,583.1236665930994,12.44533847879677,0.1244533847879677
rex_green_butterhead_mature_leaf_optics_v1,0.2,Lactuca sativa,Rex,orange,Orange,transmittance,586.9355833602137,11.979410398377295,0.11979410398377295
rex_green_butterhead_mature_leaf_optics_v1,0.2,Lactuca sativa,Rex,orange,Orange,transmittance,590.747500127328,11.471020714946562,0.11471020714946562
rex_green_butterhead_mature_leaf_optics_v1,0.2,Lactuca sativa,Rex,orange,Orange,transmittance,594.5594168944423,11.17493904657205,0.1117493904657205
rex_green_butterhead_mature_leaf_optics_v1,0.2,Lactuca sativa,Rex,orange,Orange,transmittance,598.3713336615565,10.921318981208785,0.10921318981208784
rex_green_butterhead_mature_leaf_optics_v1,0.2,Lactuca sativa,Rex,orange,Orange,transmittance,602.1832504286708,10.66769891584552,0.1066769891584552
rex_green_butterhead_mature_leaf_optics_v1,0.2,Lactuca sativa,Rex,orange,Orange,transmittance,605.9951671957851,10.286694041448513,0.10286694041448513
rex_green_butterhead_mature_leaf_optics_v1,0.2,Lactuca sativa,Rex,orange,Orange,transmittance,609.8070839628995,9.735842755006558,0.09735842755006559
rex_green_butterhead_mature_leaf_optics_v1,0.2,Lactuca sativa,Rex,orange,Orange,transmittance,613.6190007300138,9.142529865553328,0.09142529865553328
rex_green_butterhead_mature_leaf_optics_v1,0.2,Lactuca sativa,Rex,orange,Orange,transmittance,617.430917497128,8.549216976100112,0.08549216976100112
rex_green_butterhead_mature_leaf_optics_v1,0.2,Lactuca sativa,Rex,orange,Orange,transmittance,621.2428342642423,8.083288895680639,0.08083288895680639
rex_green_butterhead_mature_leaf_optics_v1,0.2,Lactuca sativa,Rex,orange,Orange,transmittance,625.0547510313567,7.82966883031736,0.0782966883031736
rex_green_butterhead_mature_leaf_optics_v1,0.2,Lactuca sativa,Rex,orange,Orange,transmittance,628.8666677984709,7.788356780010318,0.07788356780010318
rex_green_butterhead_mature_leaf_optics_v1,0.2,Lactuca sativa,Rex,orange,Orange,transmittance,632.6785845655852,7.619659920669534,0.07619659920669535
rex_green_butterhead_mature_leaf_optics_v1,0.2,Lactuca sativa,Rex,orange,Orange,transmittance,636.4905013326995,7.323578252295036,0.07323578252295036
rex_green_butterhead_mature_leaf_optics_v1,0.2,Lactuca sativa,Rex,orange,Orange,transmittance,640.3024180998138,6.772726965853053,0.06772726965853053
rex_green_butterhead_mature_leaf_optics_v1,0.2,Lactuca sativa,Rex,orange,Orange,transmittance,644.1143348669281,6.009567664354861,0.060095676643548604
rex_green_butterhead_mature_leaf_optics_v1,0.2,Lactuca sativa,Rex,orange,Orange,transmittance,647.9262516340424,5.331331568879165,0.05331331568879165
rex_green_butterhead_mature_leaf_optics_v1,0.2,Lactuca sativa,Rex,orange,Orange,transmittance,651.7381684011567,4.822941885448429,0.04822941885448429
rex_green_butterhead_mature_leaf_optics_v1,0.2,Lactuca sativa,Rex,orange,Orange,transmittance,655.5500851682709,4.3570138050289415,0.04357013805028941
rex_green_butterhead_mature_leaf_optics_v1,0.2,Lactuca sativa,Rex,orange,Orange,transmittance,659.3620019353853,3.678777709553245,0.03678777709553245
rex_green_butterhead_mature_leaf_optics_v1,0.2,Lactuca sativa,Rex,orange,Orange,transmittance,663.1739187024996,3.170388026122509,0.03170388026122509
rex_green_butterhead_mature_leaf_optics_v1,0.2,Lactuca sativa,Rex,orange,Orange,transmittance,667.1446653349103,3.044200667822324,0.030442006678223242
rex_green_butterhead_mature_leaf_optics_v1,0.2,Lactuca sativa,Rex,orange,Orange,transmittance,670.7977522367282,3.0453023224971787,0.030453023224971787
rex_green_butterhead_mature_leaf_optics_v1,0.2,Lactuca sativa,Rex,orange,Orange,transmittance,674.6096690038424,3.216298287246346,0.03216298287246346
rex_green_butterhead_mature_leaf_optics_v1,0.2,Lactuca sativa,Rex,orange,Orange,transmittance,678.5804156362532,3.727034974114815,0.03727034974114815
rex_green_butterhead_mature_leaf_optics_v1,0.2,Lactuca sativa,Rex,orange,Orange,transmittance,682.0746726727746,4.407474378940222,0.04407474378940222
rex_green_butterhead_mature_leaf_optics_v1,0.2,Lactuca sativa,Rex,orange,Orange,transmittance,686.0454193051853,5.59759671398858,0.0559759671398858
rex_green_butterhead_mature_leaf_optics_v1,0.2,Lactuca sativa,Rex,orange,Orange,transmittance,688.904356880521,7.127076586921504,0.07127076586921505
rex_green_butterhead_mature_leaf_optics_v1,0.2,Lactuca sativa,Rex,orange,Orange,transmittance,690.8103152640782,8.571345865655886,0.08571345865655886
rex_green_butterhead_mature_leaf_optics_v1,0.2,Lactuca sativa,Rex,orange,Orange,transmittance,692.7162736476354,10.185461556435245,0.10185461556435245
rex_green_butterhead_mature_leaf_optics_v1,0.2,Lactuca sativa,Rex,orange,Orange,transmittance,694.1457424353032,11.71451034710411,0.1171451034710411
rex_green_butterhead_mature_leaf_optics_v1,0.2,Lactuca sativa,Rex,orange,Orange,transmittance,695.5752112229711,13.328482343795445,0.13328482343795445
rex_green_butterhead_mature_leaf_optics_v1,0.2,Lactuca sativa,Rex,orange,Orange,transmittance,697.4811696065283,15.621983682754705,0.15621983682754703
rex_green_butterhead_mature_leaf_optics_v1,0.2,Lactuca sativa,Rex,orange,Orange,transmittance,698.9106383941961,17.320878885468517,0.17320878885468516
rex_green_butterhead_mature_leaf_optics_v1,0.2,Lactuca sativa,Rex,orange,Orange,transmittance,699.8636175859747,18.849783982049345,0.18849783982049345
rex_green_butterhead_mature_leaf_optics_v1,0.2,Lactuca sativa,Rex,orange,Orange,transmittance,700.8165967777531,20.03899625454021,0.2003899625454021
rex_green_butterhead_mature_leaf_optics_v1,0.2,Lactuca sativa,Rex,orange,Orange,transmittance,702.2460655654211,21.90773786929901,0.2190773786929901
rex_green_butterhead_mature_leaf_optics_v1,0.2,Lactuca sativa,Rex,orange,Orange,transmittance,703.675534353089,23.436786659967865,0.23436786659967865
rex_green_butterhead_mature_leaf_optics_v1,0.2,Lactuca sativa,Rex,orange,Orange,transmittance,705.1050031407568,25.47537468677163,0.2547537468677163
rex_green_butterhead_mature_leaf_optics_v1,0.2,Lactuca sativa,Rex,orange,Orange,transmittance,706.8521316590175,27.74052039236072,0.27740520392360724
rex_green_butterhead_mature_leaf_optics_v1,0.2,Lactuca sativa,Rex,orange,Orange,transmittance,708.916919907871,30.147300570712645,0.30147300570712643
rex_green_butterhead_mature_leaf_optics_v1,0.2,Lactuca sativa,Rex,orange,Orange,transmittance,710.6640484261318,31.987830246189304,0.319878302461893
rex_green_butterhead_mature_leaf_optics_v1,0.2,Lactuca sativa,Rex,orange,Orange,transmittance,711.9346873485033,33.85652396291874,0.33856523962918744
rex_green_butterhead_mature_leaf_optics_v1,0.2,Lactuca sativa,Rex,orange,Orange,transmittance,713.5229860014675,35.78192894638856,0.35781928946388564
rex_green_butterhead_mature_leaf_optics_v1,0.2,Lactuca sativa,Rex,orange,Orange,transmittance,715.4289443850247,37.70742972591704,0.37707429725917035
rex_green_butterhead_mature_leaf_optics_v1,0.2,Lactuca sativa,Rex,orange,Orange,transmittance,716.5407534420997,39.40622913257218,0.3940622913257218
rex_green_butterhead_mature_leaf_optics_v1,0.2,Lactuca sativa,Rex,orange,Orange,transmittance,718.4467118256568,41.275114441419,0.41275114441419
rex_green_butterhead_mature_leaf_optics_v1,0.2,Lactuca sativa,Rex,orange,Orange,transmittance,720.8291598051032,43.4838362684438,0.43483836268443804
rex_green_butterhead_mature_leaf_optics_v1,0.2,Lactuca sativa,Rex,orange,Orange,transmittance,722.2586285927712,45.18273147115762,0.45182731471157617
rex_green_butterhead_mature_leaf_optics_v1,0.2,Lactuca sativa,Rex,orange,Orange,transmittance,723.688097380439,46.37208743773652,0.4637208743773652
rex_green_butterhead_mature_leaf_optics_v1,0.2,Lactuca sativa,Rex,orange,Orange,transmittance,725.1175661681068,47.81621302238288,0.4781621302238288
rex_green_butterhead_mature_leaf_optics_v1,0.2,Lactuca sativa,Rex,orange,Orange,transmittance,727.023524551664,49.43032871316224,0.4943032871316224
rex_green_butterhead_mature_leaf_optics_v1,0.2,Lactuca sativa,Rex,orange,Orange,transmittance,728.9294829352211,50.78967478587414,0.5078967478587414
rex_green_butterhead_mature_leaf_optics_v1,0.2,Lactuca sativa,Rex,orange,Orange,transmittance,730.8354413187783,52.23394406460852,0.5223394406460852
rex_green_butterhead_mature_leaf_optics_v1,0.2,Lactuca sativa,Rex,orange,Orange,transmittance,733.2178892982247,53.90481892015757,0.5390481892015757
rex_green_butterhead_mature_leaf_optics_v1,0.2,Lactuca sativa,Rex,orange,Orange,transmittance,736.0768268735604,55.60414520513546,0.5560414520513546
rex_green_butterhead_mature_leaf_optics_v1,0.2,Lactuca sativa,Rex,orange,Orange,transmittance,738.9357644488962,57.07700960738673,0.5707700960738673
rex_green_butterhead_mature_leaf_optics_v1,0.2,Lactuca sativa,Rex,orange,Orange,transmittance,742.2711916201213,58.69155638043016,0.5869155638043015
rex_green_butterhead_mature_leaf_optics_v1,0.2,Lactuca sativa,Rex,orange,Orange,transmittance,745.6066187913461,60.19287221211028,0.6019287221211028
rex_green_butterhead_mature_leaf_optics_v1,0.2,Lactuca sativa,Rex,orange,Orange,transmittance,748.9420459625712,61.708341911460806,0.6170834191146081
rex_green_butterhead_mature_leaf_optics_v1,0.2,Lactuca sativa,Rex,orange,Orange,transmittance,752.7539627296856,62.64364673041237,0.6264364673041237
rex_green_butterhead_mature_leaf_optics_v1,0.2,Lactuca sativa,Rex,orange,Orange,transmittance,756.5658794967998,63.79125956442015,0.6379125956442016
rex_green_butterhead_mature_leaf_optics_v1,0.2,Lactuca sativa,Rex,orange,Orange,transmittance,760.3777962639141,64.64164117734921,0.6464164117734922
rex_green_butterhead_mature_leaf_optics_v1,0.2,Lactuca sativa,Rex,orange,Orange,transmittance,764.1897130310283,64.7277139360759,0.647277139360759
rex_green_butterhead_mature_leaf_optics_v1,0.2,Lactuca sativa,Rex,orange,Orange,transmittance,768.0016297981426,63.96455463457771,0.6396455463457771
rex_green_butterhead_mature_leaf_optics_v1,0.2,Lactuca sativa,Rex,orange,Orange,transmittance,771.813546565257,63.96570418728191,0.6396570418728191
rex_green_butterhead_mature_leaf_optics_v1,0.2,Lactuca sativa,Rex,orange,Orange,transmittance,775.148973736482,63.03255477965072,0.6303255477965072
rex_green_butterhead_mature_leaf_optics_v1,0.2,Lactuca sativa,Rex,orange,Orange,transmittance,778.4844009077069,62.65140621116569,0.6265140621116569
rex_green_butterhead_mature_leaf_optics_v1,0.2,Lactuca sativa,Rex,orange,Orange,transmittance,781.1845086177462,61.10944890158931,0.6110944890158931
rex_green_butterhead_mature_leaf_optics_v1,0.2,Lactuca sativa,Rex,orange,Orange,transmittance,784.2022760583784,59.68081832943492,0.5968081832943493
rex_green_butterhead_mature_leaf_optics_v1,0.2,Lactuca sativa,Rex,orange,Orange,transmittance,788.0141928254927,59.12996704299295,0.5912996704299295
rex_green_butterhead_mature_leaf_optics_v1,0.2,Lactuca sativa,Rex,orange,Orange,transmittance,791.826109592607,58.32434613848351,0.5832434613848352
rex_green_butterhead_mature_leaf_optics_v1,0.2,Lactuca sativa,Rex,orange,Orange,transmittance,798.0204743391678,56.13236467271357,0.5613236467271357
rex_green_butterhead_mature_leaf_optics_v1,0.2,Lactuca sativa,Rex,red,Red,transmittance,402.0576201551704,1.5630259574803065,0.015630259574803063
rex_green_butterhead_mature_leaf_optics_v1,0.2,Lactuca sativa,Rex,red,Red,transmittance,405.8695369222847,1.564175510184512,0.01564175510184512
rex_green_butterhead_mature_leaf_optics_v1,0.2,Lactuca sativa,Rex,red,Red,transmittance,409.68145368939895,1.5653250628887037,0.015653250628887037
rex_green_butterhead_mature_leaf_optics_v1,0.2,Lactuca sativa,Rex,red,Red,transmittance,413.3345405912168,1.7221192619381045,0.017221192619381046
rex_green_butterhead_mature_leaf_optics_v1,0.2,Lactuca sativa,Rex,red,Red,transmittance,417.14645735833113,1.9497306973689348,0.019497306973689347
rex_green_butterhead_mature_leaf_optics_v1,0.2,Lactuca sativa,Rex,red,Red,transmittance,420.1642247989633,1.9506407599264293,0.019506407599264294
rex_green_butterhead_mature_leaf_optics_v1,0.2,Lactuca sativa,Rex,red,Red,transmittance,424.92912075785614,2.1219241128516444,0.021219241128516444
rex_green_butterhead_mature_leaf_optics_v1,0.2,Lactuca sativa,Rex,red,Red,transmittance,428.74103752497047,1.8683040474883936,0.018683040474883936
rex_green_butterhead_mature_leaf_optics_v1,0.2,Lactuca sativa,Rex,red,Red,transmittance,432.3941244267883,2.067559849549042,0.02067559849549042
rex_green_butterhead_mature_leaf_optics_v1,0.2,Lactuca sativa,Rex,red,Red,transmittance,435.88838146330977,1.9553826648312336,0.019553826648312334
rex_green_butterhead_mature_leaf_optics_v1,0.2,Lactuca sativa,Rex,red,Red,transmittance,443.0357254016491,1.4904604430279278,0.014904604430279278
rex_green_butterhead_mature_leaf_optics_v1,0.2,Lactuca sativa,Rex,red,Red,transmittance,446.84764216876334,1.6189948047658476,0.016189948047658477
rex_green_butterhead_mature_leaf_optics_v1,0.2,Lactuca sativa,Rex,red,Red,transmittance,450.6595589358776,1.7899907695150148,0.01789990769515015
rex_green_butterhead_mature_leaf_optics_v1,0.2,Lactuca sativa,Rex,red,Red,transmittance,453.51849651121336,1.9606993460881483,0.019606993460881482
rex_green_butterhead_mature_leaf_optics_v1,0.2,Lactuca sativa,Rex,red,Red,transmittance,457.8069028742169,2.471531829015291,0.02471531829015291
rex_green_butterhead_mature_leaf_optics_v1,0.2,Lactuca sativa,Rex,red,Red,transmittance,463.5247780248884,2.643102570116554,0.02643102570116554
rex_green_butterhead_mature_leaf_optics_v1,0.2,Lactuca sativa,Rex,red,Red,transmittance,471.4662712897098,2.702112942265302,0.027021129422653018
rex_green_butterhead_mature_leaf_optics_v1,0.2,Lactuca sativa,Rex,red,Red,transmittance,475.43701792212056,2.85900293737339,0.028590029373733897
rex_green_butterhead_mature_leaf_optics_v1,0.2,Lactuca sativa,Rex,red,Red,transmittance,478.29595549745625,2.987249910935276,0.02987249910935276
rex_green_butterhead_mature_leaf_optics_v1,0.2,Lactuca sativa,Rex,red,Red,transmittance,484.0138306481277,2.819127827946588,0.02819127827946588
rex_green_butterhead_mature_leaf_optics_v1,0.2,Lactuca sativa,Rex,red,Red,transmittance,488.6198967417241,3.1035942242057786,0.031035942242057787
rex_green_butterhead_mature_leaf_optics_v1,0.2,Lactuca sativa,Rex,red,Red,transmittance,492.59064337413486,3.203868748632232,0.03203868748632232
rex_green_butterhead_mature_leaf_optics_v1,0.2,Lactuca sativa,Rex,red,Red,transmittance,497.832028928917,3.8423734287691502,0.038423734287691504
rex_green_butterhead_mature_leaf_optics_v1,0.2,Lactuca sativa,Rex,red,Red,transmittance,501.6439456960313,4.522908629653259,0.045229086296532585
rex_green_butterhead_mature_leaf_optics_v1,0.2,Lactuca sativa,Rex,red,Red,transmittance,506.8853312508135,5.713414148936337,0.057134141489363376
rex_green_butterhead_mature_leaf_optics_v1,0.2,Lactuca sativa,Rex,red,Red,transmittance,512.1267168055956,7.243612492309396,0.07243612492309395
rex_green_butterhead_mature_leaf_optics_v1,0.2,Lactuca sativa,Rex,red,Red,transmittance,515.9386335727099,9.226303518871616,0.09226303518871616
rex_green_butterhead_mature_leaf_optics_v1,0.2,Lactuca sativa,Rex,red,Red,transmittance,518.7975711480457,10.98224527453118,0.10982245274531181
rex_green_butterhead_mature_leaf_optics_v1,0.2,Lactuca sativa,Rex,red,Red,transmittance,521.6565087233814,12.511725147464093,0.12511725147464092
rex_green_butterhead_mature_leaf_optics_v1,0.2,Lactuca sativa,Rex,red,Red,transmittance,525.1507657599028,14.211243024559366,0.14211243024559367
rex_green_butterhead_mature_leaf_optics_v1,0.2,Lactuca sativa,Rex,red,Red,transmittance,527.8508734699421,15.65575179344046,0.15655751793440462
rex_green_butterhead_mature_leaf_optics_v1,0.2,Lactuca sativa,Rex,red,Red,transmittance,531.6627902370564,17.100595848526936,0.17100595848526937
rex_green_butterhead_mature_leaf_optics_v1,0.2,Lactuca sativa,Rex,red,Red,transmittance,535.95119660006,18.34742945031563,0.1834742945031563
rex_green_butterhead_mature_leaf_optics_v1,0.2,Lactuca sativa,Rex,red,Red,transmittance,539.7631133671742,19.05627238654057,0.1905627238654057
rex_green_butterhead_mature_leaf_optics_v1,0.2,Lactuca sativa,Rex,red,Red,transmittance,543.8926898648815,19.48213376541589,0.1948213376541589
rex_green_butterhead_mature_leaf_optics_v1,0.2,Lactuca sativa,Rex,red,Red,transmittance,547.3869469014029,19.879495816833,0.19879495816833
rex_green_butterhead_mature_leaf_optics_v1,0.2,Lactuca sativa,Rex,red,Red,transmittance,551.6753532644065,20.206328020044765,0.20206328020044764
rex_green_butterhead_mature_leaf_optics_v1,0.2,Lactuca sativa,Rex,red,Red,transmittance,555.96375962741,20.165159663825733,0.20165159663825732
rex_green_butterhead_mature_leaf_optics_v1,0.2,Lactuca sativa,Rex,red,Red,transmittance,560.2521659904136,19.69937527749427,0.1969937527749427
rex_green_butterhead_mature_leaf_optics_v1,0.2,Lactuca sativa,Rex,red,Red,transmittance,564.2229126228243,18.8088790649917,0.18808879064991701
rex_green_butterhead_mature_leaf_optics_v1,0.2,Lactuca sativa,Rex,red,Red,transmittance,568.8289787164208,17.66380482653902,0.1766380482653902
rex_green_butterhead_mature_leaf_optics_v1,0.2,Lactuca sativa,Rex,red,Red,transmittance,572.1644058876458,16.54665513919244,0.16546655139192437
rex_green_butterhead_mature_leaf_optics_v1,0.2,Lactuca sativa,Rex,red,Red,transmittance,575.0233434629815,15.528438831450742,0.15528438831450742
rex_green_butterhead_mature_leaf_optics_v1,0.2,Lactuca sativa,Rex,red,Red,transmittance,579.4705796912815,14.454086033320776,0.14454086033320776
rex_green_butterhead_mature_leaf_optics_v1,0.2,Lactuca sativa,Rex,red,Red,transmittance,583.6001561889886,13.54948385117713,0.1354948385117713
rex_green_butterhead_mature_leaf_optics_v1,0.2,Lactuca sativa,Rex,red,Red,transmittance,588.0473924172886,12.81482387713713,0.1281482387713713
rex_green_butterhead_mature_leaf_optics_v1,0.2,Lactuca sativa,Rex,red,Red,transmittance,593.6064377026637,12.19373013066584,0.12193730130665839
rex_green_butterhead_mature_leaf_optics_v1,0.2,Lactuca sativa,Rex,red,Red,transmittance,596.9418648738887,12.081505047918723,0.12081505047918722
rex_green_butterhead_mature_leaf_optics_v1,0.2,Lactuca sativa,Rex,red,Red,transmittance,601.2302712368922,11.686489999939326,0.11686489999939326
rex_green_butterhead_mature_leaf_optics_v1,0.2,Lactuca sativa,Rex,red,Red,transmittance,605.8363373304887,11.291570748018614,0.11291570748018614
rex_green_butterhead_mature_leaf_optics_v1,0.2,Lactuca sativa,Rex,red,Red,transmittance,609.8070839628995,10.62753641824267,0.1062753641824267
rex_green_butterhead_mature_leaf_optics_v1,0.2,Lactuca sativa,Rex,red,Red,transmittance,614.4131500564959,9.822155003879942,0.09822155003879943
rex_green_butterhead_mature_leaf_optics_v1,0.2,Lactuca sativa,Rex,red,Red,transmittance,619.1780460153888,9.14420629658028,0.0914420629658028
rex_green_butterhead_mature_leaf_optics_v1,0.2,Lactuca sativa,Rex,red,Red,transmittance,623.3076225130959,8.86237429193487,0.0886237429193487
rex_green_butterhead_mature_leaf_optics_v1,0.2,Lactuca sativa,Rex,red,Red,transmittance,626.9607094149137,8.637014063883086,0.08637014063883086
rex_green_butterhead_mature_leaf_optics_v1,0.2,Lactuca sativa,Rex,red,Red,transmittance,630.772626182028,8.468317204542302,0.08468317204542303
rex_green_butterhead_mature_leaf_optics_v1,0.2,Lactuca sativa,Rex,red,Red,transmittance,635.3786922756245,8.130013423303268,0.08130013423303267
rex_green_butterhead_mature_leaf_optics_v1,0.2,Lactuca sativa,Rex,red,Red,transmittance,639.3494389080353,7.621671637901883,0.07621671637901883
rex_green_butterhead_mature_leaf_optics_v1,0.2,Lactuca sativa,Rex,red,Red,transmittance,642.6848660792602,7.056522789701461,0.07056522789701461
rex_green_butterhead_mature_leaf_optics_v1,0.2,Lactuca sativa,Rex,red,Red,transmittance,647.767421768746,6.095592525052197,0.06095592525052197
rex_green_butterhead_mature_leaf_optics_v1,0.2,Lactuca sativa,Rex,red,Red,transmittance,653.6441267847138,5.248132691912957,0.05248132691912957
rex_green_butterhead_mature_leaf_optics_v1,0.2,Lactuca sativa,Rex,red,Red,transmittance,657.2972136865317,4.739695110452885,0.04739695110452885
rex_green_butterhead_mature_leaf_optics_v1,0.2,Lactuca sativa,Rex,red,Red,transmittance,660.7914707230532,4.061363218918515,0.04061363218918515
rex_green_butterhead_mature_leaf_optics_v1,0.2,Lactuca sativa,Rex,red,Red,transmittance,663.6504082983888,3.722532559356708,0.03722532559356708
rex_green_butterhead_mature_leaf_optics_v1,0.2,Lactuca sativa,Rex,red,Red,transmittance,669.3739424703892,2.976288884942818,0.02976288884942818
rex_green_butterhead_mature_leaf_optics_v1,0.2,Lactuca sativa,Rex,red,Red,transmittance,674.6096690038424,3.768299126392506,0.03768299126392506
rex_green_butterhead_mature_leaf_optics_v1,0.2,Lactuca sativa,Rex,red,Red,transmittance,676.992116983289,4.066248817911344,0.040662488179113436
rex_green_butterhead_mature_leaf_optics_v1,0.2,Lactuca sativa,Rex,red,Red,transmittance,682.233502538071,5.044446322138228,0.050444463221382276
rex_green_butterhead_mature_leaf_optics_v1,0.2,Lactuca sativa,Rex,red,Red,transmittance,686.6328257191201,6.238429682062446,0.062384296820624456
rex_green_butterhead_mature_leaf_optics_v1,0.2,Lactuca sativa,Rex,red,Red,transmittance,688.4278672846317,7.976164953058358,0.07976164953058358
rex_green_butterhead_mature_leaf_optics_v1,0.2,Lactuca sativa,Rex,red,Red,transmittance,690.8103152640782,9.93011716201569,0.0993011716201569
rex_green_butterhead_mature_leaf_optics_v1,0.2,Lactuca sativa,Rex,red,Red,transmittance,692.239784051746,11.204396334617073,0.11204396334617073
rex_green_butterhead_mature_leaf_optics_v1,0.2,Lactuca sativa,Rex,red,Red,transmittance,693.1927632435247,12.393608607107936,0.12393608607107937
rex_green_butterhead_mature_leaf_optics_v1,0.2,Lactuca sativa,Rex,red,Red,transmittance,694.6222320311924,13.582964573686851,0.1358296457368685
rex_green_butterhead_mature_leaf_optics_v1,0.2,Lactuca sativa,Rex,red,Red,transmittance,695.5752112229711,15.19679287629016,0.1519679287629016
rex_green_butterhead_mature_leaf_optics_v1,0.2,Lactuca sativa,Rex,red,Red,transmittance,697.4811696065283,17.06567818513699,0.1706567818513699
rex_green_butterhead_mature_leaf_optics_v1,0.2,Lactuca sativa,Rex,red,Red,transmittance,698.4341487983068,18.934276105807758,0.18934276105807757
rex_green_butterhead_mature_leaf_optics_v1,0.2,Lactuca sativa,Rex,red,Red,transmittance,699.8636175859747,19.699016042274224,0.19699016042274223
rex_green_butterhead_mature_leaf_optics_v1,0.2,Lactuca sativa,Rex,red,Red,transmittance,700.4989370471603,21.1712098721147,0.21171209872114702
rex_green_butterhead_mature_leaf_optics_v1,0.2,Lactuca sativa,Rex,red,Red,transmittance,702.2460655654211,24.0308180198612,0.240308180198612
rex_green_butterhead_mature_leaf_optics_v1,0.2,Lactuca sativa,Rex,red,Red,transmittance,703.675534353089,25.64479001655253,0.2564479001655253
rex_green_butterhead_mature_leaf_optics_v1,0.2,Lactuca sativa,Rex,red,Red,transmittance,705.1050031407568,27.6833780433563,0.276833780433563
rex_green_butterhead_mature_leaf_optics_v1,0.2,Lactuca sativa,Rex,red,Red,transmittance,706.5344719284246,28.533041185845263,0.28533041185845265
rex_green_butterhead_mature_leaf_optics_v1,0.2,Lactuca sativa,Rex,red,Red,transmittance,707.010961524314,30.231649000383044,0.30231649000383043
rex_green_butterhead_mature_leaf_optics_v1,0.2,Lactuca sativa,Rex,red,Red,transmittance,709.3934095037604,32.723448180816135,0.32723448180816134
rex_green_butterhead_mature_leaf_optics_v1,0.2,Lactuca sativa,Rex,red,Red,transmittance,710.346388695539,34.13912233603364,0.3413912233603364
rex_green_butterhead_mature_leaf_optics_v1,0.2,Lactuca sativa,Rex,red,Red,transmittance,711.9346873485033,35.66821902473181,0.3566821902473181
rex_green_butterhead_mature_leaf_optics_v1,0.2,Lactuca sativa,Rex,red,Red,transmittance,713.2053262708747,37.53691274146128,0.3753691274146128
rex_green_butterhead_mature_leaf_optics_v1,0.2,Lactuca sativa,Rex,red,Red,transmittance,714.1583054626533,38.895971425997125,0.3889597142599712
rex_green_butterhead_mature_leaf_optics_v1,0.2,Lactuca sativa,Rex,red,Red,transmittance,715.5877742503211,40.76471304075593,0.4076471304075593
rex_green_butterhead_mature_leaf_optics_v1,0.2,Lactuca sativa,Rex,red,Red,transmittance,717.0172430379889,41.55776071256322,0.41557760712563224
rex_green_butterhead_mature_leaf_optics_v1,0.2,Lactuca sativa,Rex,red,Red,transmittance,718.4467118256568,43.39819459198119,0.4339819459198119
rex_green_butterhead_mature_leaf_optics_v1,0.2,Lactuca sativa,Rex,red,Red,transmittance,720.352670209214,45.40861857753216,0.4540861857753216
rex_green_butterhead_mature_leaf_optics_v1,0.2,Lactuca sativa,Rex,red,Red,transmittance,721.7821389968818,46.76782095615603,0.4676782095615603
rex_green_butterhead_mature_leaf_optics_v1,0.2,Lactuca sativa,Rex,red,Red,transmittance,723.2116077845496,48.35348521750653,0.4835348521750653
rex_green_butterhead_mature_leaf_optics_v1,0.2,Lactuca sativa,Rex,red,Red,transmittance,725.1175661681068,50.02421637896755,0.5002421637896756
rex_green_butterhead_mature_leaf_optics_v1,0.2,Lactuca sativa,Rex,red,Red,transmittance,727.023524551664,51.75156301111023,0.5175156301111022
rex_green_butterhead_mature_leaf_optics_v1,0.2,Lactuca sativa,Rex,red,Red,transmittance,728.9294829352211,52.99767814245881,0.5299767814245882
rex_green_butterhead_mature_leaf_optics_v1,0.2,Lactuca sativa,Rex,red,Red,transmittance,731.3119309146675,54.92332261607531,0.5492332261607531
rex_green_butterhead_mature_leaf_optics_v1,0.2,Lactuca sativa,Rex,red,Red,transmittance,734.1708684900034,56.84911078377986,0.5684911078377985
rex_green_butterhead_mature_leaf_optics_v1,0.2,Lactuca sativa,Rex,red,Red,transmittance,736.5533164694498,58.01044640319397,0.5801044640319397
rex_green_butterhead_mature_leaf_optics_v1,0.2,Lactuca sativa,Rex,red,Red,transmittance,739.8887436406748,59.73822411760072,0.5973822411760072
rex_green_butterhead_mature_leaf_optics_v1,0.2,Lactuca sativa,Rex,red,Red,transmittance,742.2711916201213,60.98448294303732,0.6098448294303732
rex_green_butterhead_mature_leaf_optics_v1,0.2,Lactuca sativa,Rex,red,Red,transmittance,744.6536395995677,62.17412629779228,0.6217412629779228
rex_green_butterhead_mature_leaf_optics_v1,0.2,Lactuca sativa,Rex,red,Red,transmittance,747.9890667707926,63.53390345276824,0.6353390345276825
rex_green_butterhead_mature_leaf_optics_v1,0.2,Lactuca sativa,Rex,red,Red,transmittance,752.7539627296856,64.85165008699704,0.6485165008699704
rex_green_butterhead_mature_leaf_optics_v1,0.2,Lactuca sativa,Rex,red,Red,transmittance,757.0423690926891,66.19756076247864,0.6619756076247865
rex_green_butterhead_mature_leaf_optics_v1,0.2,Lactuca sativa,Rex,red,Red,transmittance,761.3307754556927,67.01977833415492,0.6701977833415492
rex_green_butterhead_mature_leaf_optics_v1,0.2,Lactuca sativa,Rex,red,Red,transmittance,765.142692222807,66.68123506276916,0.6668123506276916
rex_green_butterhead_mature_leaf_optics_v1,0.2,Lactuca sativa,Rex,red,Red,transmittance,768.9546089899213,66.00299896729346,0.6600299896729347
rex_green_butterhead_mature_leaf_optics_v1,0.2,Lactuca sativa,Rex,red,Red,transmittance,773.2430153529249,64.82480324155112,0.6482480324155112
rex_green_butterhead_mature_leaf_optics_v1,0.2,Lactuca sativa,Rex,red,Red,transmittance,776.4196126588533,64.35396561312415,0.6435396561312414
rex_green_butterhead_mature_leaf_optics_v1,0.2,Lactuca sativa,Rex,red,Red,transmittance,779.4373800994856,64.5624657348477,0.6456246573484771
rex_green_butterhead_mature_leaf_optics_v1,0.2,Lactuca sativa,Rex,red,Red,transmittance,781.819828078932,62.90246373195919,0.6290246373195919
rex_green_butterhead_mature_leaf_optics_v1,0.2,Lactuca sativa,Rex,red,Red,transmittance,786.1082344419356,62.01678127140543,0.6201678127140543
rex_green_butterhead_mature_leaf_optics_v1,0.2,Lactuca sativa,Rex,red,Red,transmittance,789.9201512090499,61.8056228090534,0.6180562280905341
rex_green_butterhead_mature_leaf_optics_v1,0.2,Lactuca sativa,Rex,red,Red,transmittance,792.3025991884963,60.60326252750829,0.606032625275083
rex_green_butterhead_mature_leaf_optics_v1,0.2,Lactuca sativa,Rex,red,Red,transmittance,793.5732381108677,59.150515297580455,0.5915051529758045
rex_green_butterhead_mature_leaf_optics_v1,0.2,Lactuca sativa,Rex,red,Red,transmittance,795.6380263597214,57.09410920386164,0.5709410920386164
rex_green_butterhead_mature_leaf_optics_v1,0.2,Lactuca sativa,Rex,red,Red,transmittance,795.9390862944163,55.84919755316478,0.5584919755316478
rex_green_butterhead_mature_leaf_optics_v1,0.2,Lactuca sativa,Rex,red,Red,transmittance,798.496963935057,57.859280222592176,0.5785928022259218
