ISO-10303-21;
HEADER;
FILE_DESCRIPTION(('Open CASCADE Model'),'2;1');
FILE_NAME('competitor_hps_1000w','1970-01-01T00:00:00',('Author'),(
    'Open CASCADE'),'Open CASCADE STEP processor 7.9','build123d',
  'Unknown');
FILE_SCHEMA(('AUTOMOTIVE_DESIGN { 1 0 10303 214 1 1 1 1 }'));
ENDSEC;
DATA;
#1 = APPLICATION_PROTOCOL_DEFINITION('international standard',
  'automotive_design',2000,#2);
#2 = APPLICATION_CONTEXT(
  'core data for automotive mechanical design processes');
#3 = SHAPE_DEFINITION_REPRESENTATION(#4,#10);
#4 = PRODUCT_DEFINITION_SHAPE('','',#5);
#5 = PRODUCT_DEFINITION('design','',#6,#9);
#6 = PRODUCT_DEFINITION_FORMATION('','',#7);
#7 = PRODUCT('competitor_hps_1000w','competitor_hps_1000w','',(#8));
#8 = PRODUCT_CONTEXT('',#2,'mechanical');
#9 = PRODUCT_DEFINITION_CONTEXT('part definition',#2,'design');
#10 = SHAPE_REPRESENTATION('',(#11,#15,#19,#23,#27,#31,#35),#39);
#11 = AXIS2_PLACEMENT_3D('',#12,#13,#14);
#12 = CARTESIAN_POINT('',(0.,0.,0.));
#13 = DIRECTION('',(0.,0.,1.));
#14 = DIRECTION('',(1.,0.,-0.));
#15 = AXIS2_PLACEMENT_3D('',#16,#17,#18);
#16 = CARTESIAN_POINT('',(0.,0.,0.));
#17 = DIRECTION('',(0.,0.,1.));
#18 = DIRECTION('',(1.,0.,-0.));
#19 = AXIS2_PLACEMENT_3D('',#20,#21,#22);
#20 = CARTESIAN_POINT('',(0.,0.,0.));
#21 = DIRECTION('',(0.,0.,1.));
#22 = DIRECTION('',(1.,0.,-0.));
#23 = AXIS2_PLACEMENT_3D('',#24,#25,#26);
#24 = CARTESIAN_POINT('',(0.,0.,0.));
#25 = DIRECTION('',(0.,0.,1.));
#26 = DIRECTION('',(1.,0.,-0.));
#27 = AXIS2_PLACEMENT_3D('',#28,#29,#30);
#28 = CARTESIAN_POINT('',(0.,0.,0.));
#29 = DIRECTION('',(0.,0.,1.));
#30 = DIRECTION('',(1.,0.,-0.));
#31 = AXIS2_PLACEMENT_3D('',#32,#33,#34);
#32 = CARTESIAN_POINT('',(0.,0.,0.));
#33 = DIRECTION('',(0.,0.,1.));
#34 = DIRECTION('',(1.,0.,-0.));
#35 = AXIS2_PLACEMENT_3D('',#36,#37,#38);
#36 = CARTESIAN_POINT('',(0.,0.,0.));
#37 = DIRECTION('',(0.,0.,1.));
#38 = DIRECTION('',(1.,0.,-0.));
#39 = ( GEOMETRIC_REPRESENTATION_CONTEXT(3)
GLOBAL_UNCERTAINTY_ASSIGNED_CONTEXT((#43)) GLOBAL_UNIT_ASSIGNED_CONTEXT(
(#40,#41,#42)) REPRESENTATION_CONTEXT('Context #1',
  '3D Context with UNIT and UNCERTAINTY') );
#40 = ( LENGTH_UNIT() NAMED_UNIT(*) SI_UNIT(.MILLI.,.METRE.) );
#41 = ( NAMED_UNIT(*) PLANE_ANGLE_UNIT() SI_UNIT($,.RADIAN.) );
#42 = ( NAMED_UNIT(*) SI_UNIT($,.STERADIAN.) SOLID_ANGLE_UNIT() );
#43 = UNCERTAINTY_MEASURE_WITH_UNIT(LENGTH_MEASURE(5.E-07),#40,
  'distance_accuracy_value','confusion accuracy');
#44 = PRODUCT_RELATED_PRODUCT_CATEGORY('part',$,(#7));
#45 = SHAPE_DEFINITION_REPRESENTATION(#46,#52);
#46 = PRODUCT_DEFINITION_SHAPE('','',#47);
#47 = PRODUCT_DEFINITION('design','',#48,#51);
#48 = PRODUCT_DEFINITION_FORMATION('','',#49);
#49 = PRODUCT('reflector_hood','reflector_hood','',(#50));
#50 = PRODUCT_CONTEXT('',#2,'mechanical');
#51 = PRODUCT_DEFINITION_CONTEXT('part definition',#2,'design');
#52 = SHAPE_REPRESENTATION('',(#11,#53,#57),#61);
#53 = AXIS2_PLACEMENT_3D('',#54,#55,#56);
#54 = CARTESIAN_POINT('',(0.,0.,0.));
#55 = DIRECTION('',(0.,0.,1.));
#56 = DIRECTION('',(1.,0.,-0.));
#57 = AXIS2_PLACEMENT_3D('',#58,#59,#60);
#58 = CARTESIAN_POINT('',(0.,0.,0.));
#59 = DIRECTION('',(0.,0.,1.));
#60 = DIRECTION('',(1.,0.,-0.));
#61 = ( GEOMETRIC_REPRESENTATION_CONTEXT(3)
GLOBAL_UNCERTAINTY_ASSIGNED_CONTEXT((#65)) GLOBAL_UNIT_ASSIGNED_CONTEXT(
(#62,#63,#64)) REPRESENTATION_CONTEXT('Context #1',
  '3D Context with UNIT and UNCERTAINTY') );
#62 = ( LENGTH_UNIT() NAMED_UNIT(*) SI_UNIT(.MILLI.,.METRE.) );
#63 = ( NAMED_UNIT(*) PLANE_ANGLE_UNIT() SI_UNIT($,.RADIAN.) );
#64 = ( NAMED_UNIT(*) SI_UNIT($,.STERADIAN.) SOLID_ANGLE_UNIT() );
#65 = UNCERTAINTY_MEASURE_WITH_UNIT(LENGTH_MEASURE(2.E-06),#62,
  'distance_accuracy_value','confusion accuracy');
#66 = CONTEXT_DEPENDENT_SHAPE_REPRESENTATION(#67,#69);
#67 = ( REPRESENTATION_RELATIONSHIP('','',#52,#10)
REPRESENTATION_RELATIONSHIP_WITH_TRANSFORMATION(#68)
SHAPE_REPRESENTATION_RELATIONSHIP() );
#68 = ITEM_DEFINED_TRANSFORMATION('','',#11,#15);
#69 = PRODUCT_DEFINITION_SHAPE('Placement','Placement of an item',#70);
#70 = NEXT_ASSEMBLY_USAGE_OCCURRENCE('3','reflector_hood','',#5,#47,$);
#71 = PRODUCT_RELATED_PRODUCT_CATEGORY('part',$,(#49));
#72 = SHAPE_DEFINITION_REPRESENTATION(#73,#79);
#73 = PRODUCT_DEFINITION_SHAPE('','',#74);
#74 = PRODUCT_DEFINITION('design','',#75,#78);
#75 = PRODUCT_DEFINITION_FORMATION('','',#76);
#76 = PRODUCT('reflector_hood_top_box','reflector_hood_top_box','',(#77)
  );
#77 = PRODUCT_CONTEXT('',#2,'mechanical');
#78 = PRODUCT_DEFINITION_CONTEXT('part definition',#2,'design');
#79 = ADVANCED_BREP_SHAPE_REPRESENTATION('',(#11,#80),#410);
#80 = MANIFOLD_SOLID_BREP('',#81);
#81 = CLOSED_SHELL('',(#82,#202,#302,#349,#396,#403));
#82 = ADVANCED_FACE('',(#83),#97,.F.);
#83 = FACE_BOUND('',#84,.F.);
#84 = EDGE_LOOP('',(#85,#120,#148,#176));
#85 = ORIENTED_EDGE('',*,*,#86,.F.);
#86 = EDGE_CURVE('',#87,#89,#91,.T.);
#87 = VERTEX_POINT('',#88);
#88 = CARTESIAN_POINT('',(-355.6,-165.,-78.));
#89 = VERTEX_POINT('',#90);
#90 = CARTESIAN_POINT('',(-355.6,-165.,0.));
#91 = SURFACE_CURVE('',#92,(#96,#108),.PCURVE_S1.);
#92 = LINE('',#93,#94);
#93 = CARTESIAN_POINT('',(-355.6,-165.,-78.));
#94 = VECTOR('',#95,1.);
#95 = DIRECTION('',(0.,0.,1.));
#96 = PCURVE('',#97,#102);
#97 = PLANE('',#98);
#98 = AXIS2_PLACEMENT_3D('',#99,#100,#101);
#99 = CARTESIAN_POINT('',(-355.6,-165.,-78.));
#100 = DIRECTION('',(1.,0.,0.));
#101 = DIRECTION('',(0.,0.,1.));
#102 = DEFINITIONAL_REPRESENTATION('',(#103),#107);
#103 = LINE('',#104,#105);
#104 = CARTESIAN_POINT('',(0.,0.));
#105 = VECTOR('',#106,1.);
#106 = DIRECTION('',(1.,0.));
#107 = ( GEOMETRIC_REPRESENTATION_CONTEXT(2)
PARAMETRIC_REPRESENTATION_CONTEXT() REPRESENTATION_CONTEXT('2D SPACE',''
  ) );
#108 = PCURVE('',#109,#114);
#109 = PLANE('',#110);
#110 = AXIS2_PLACEMENT_3D('',#111,#112,#113);
#111 = CARTESIAN_POINT('',(-355.6,-165.,-78.));
#112 = DIRECTION('',(0.,1.,0.));
#113 = DIRECTION('',(0.,0.,1.));
#114 = DEFINITIONAL_REPRESENTATION('',(#115),#119);
#115 = LINE('',#116,#117);
#116 = CARTESIAN_POINT('',(0.,0.));
#117 = VECTOR('',#118,1.);
#118 = DIRECTION('',(1.,0.));
#119 = ( GEOMETRIC_REPRESENTATION_CONTEXT(2)
PARAMETRIC_REPRESENTATION_CONTEXT() REPRESENTATION_CONTEXT('2D SPACE',''
  ) );
#120 = ORIENTED_EDGE('',*,*,#121,.T.);
#121 = EDGE_CURVE('',#87,#122,#124,.T.);
#122 = VERTEX_POINT('',#123);
#123 = CARTESIAN_POINT('',(-355.6,165.,-78.));
#124 = SURFACE_CURVE('',#125,(#129,#136),.PCURVE_S1.);
#125 = LINE('',#126,#127);
#126 = CARTESIAN_POINT('',(-355.6,-165.,-78.));
#127 = VECTOR('',#128,1.);
#128 = DIRECTION('',(0.,1.,0.));
#129 = PCURVE('',#97,#130);
#130 = DEFINITIONAL_REPRESENTATION('',(#131),#135);
#131 = LINE('',#132,#133);
#132 = CARTESIAN_POINT('',(0.,0.));
#133 = VECTOR('',#134,1.);
#134 = DIRECTION('',(0.,-1.));
#135 = ( GEOMETRIC_REPRESENTATION_CONTEXT(2)
PARAMETRIC_REPRESENTATION_CONTEXT() REPRESENTATION_CONTEXT('2D SPACE',''
  ) );
#136 = PCURVE('',#137,#142);
#137 = PLANE('',#138);
#138 = AXIS2_PLACEMENT_3D('',#139,#140,#141);
#139 = CARTESIAN_POINT('',(-355.6,-165.,-78.));
#140 = DIRECTION('',(0.,0.,1.));
#141 = DIRECTION('',(1.,0.,0.));
#142 = DEFINITIONAL_REPRESENTATION('',(#143),#147);
#143 = LINE('',#144,#145);
#144 = CARTESIAN_POINT('',(0.,0.));
#145 = VECTOR('',#146,1.);
#146 = DIRECTION('',(0.,1.));
#147 = ( GEOMETRIC_REPRESENTATION_CONTEXT(2)
PARAMETRIC_REPRESENTATION_CONTEXT() REPRESENTATION_CONTEXT('2D SPACE',''
  ) );
#148 = ORIENTED_EDGE('',*,*,#149,.T.);
#149 = EDGE_CURVE('',#122,#150,#152,.T.);
#150 = VERTEX_POINT('',#151);
#151 = CARTESIAN_POINT('',(-355.6,165.,0.));
#152 = SURFACE_CURVE('',#153,(#157,#164),.PCURVE_S1.);
#153 = LINE('',#154,#155);
#154 = CARTESIAN_POINT('',(-355.6,165.,-78.));
#155 = VECTOR('',#156,1.);
#156 = DIRECTION('',(0.,0.,1.));
#157 = PCURVE('',#97,#158);
#158 = DEFINITIONAL_REPRESENTATION('',(#159),#163);
#159 = LINE('',#160,#161);
#160 = CARTESIAN_POINT('',(0.,-330.));
#161 = VECTOR('',#162,1.);
#162 = DIRECTION('',(1.,0.));
#163 = ( GEOMETRIC_REPRESENTATION_CONTEXT(2)
PARAMETRIC_REPRESENTATION_CONTEXT() REPRESENTATION_CONTEXT('2D SPACE',''
  ) );
#164 = PCURVE('',#165,#170);
#165 = PLANE('',#166);
#166 = AXIS2_PLACEMENT_3D('',#167,#168,#169);
#167 = CARTESIAN_POINT('',(-355.6,165.,-78.));
#168 = DIRECTION('',(0.,1.,0.));
#169 = DIRECTION('',(0.,0.,1.));
#170 = DEFINITIONAL_REPRESENTATION('',(#171),#175);
#171 = LINE('',#172,#173);
#172 = CARTESIAN_POINT('',(0.,0.));
#173 = VECTOR('',#174,1.);
#174 = DIRECTION('',(1.,0.));
#175 = ( GEOMETRIC_REPRESENTATION_CONTEXT(2)
PARAMETRIC_REPRESENTATION_CONTEXT() REPRESENTATION_CONTEXT('2D SPACE',''
  ) );
#176 = ORIENTED_EDGE('',*,*,#177,.F.);
#177 = EDGE_CURVE('',#89,#150,#178,.T.);
#178 = SURFACE_CURVE('',#179,(#183,#190),.PCURVE_S1.);
#179 = LINE('',#180,#181);
#180 = CARTESIAN_POINT('',(-355.6,-165.,0.));
#181 = VECTOR('',#182,1.);
#182 = DIRECTION('',(0.,1.,0.));
#183 = PCURVE('',#97,#184);
#184 = DEFINITIONAL_REPRESENTATION('',(#185),#189);
#185 = LINE('',#186,#187);
#186 = CARTESIAN_POINT('',(78.,0.));
#187 = VECTOR('',#188,1.);
#188 = DIRECTION('',(0.,-1.));
#189 = ( GEOMETRIC_REPRESENTATION_CONTEXT(2)
PARAMETRIC_REPRESENTATION_CONTEXT() REPRESENTATION_CONTEXT('2D SPACE',''
  ) );
#190 = PCURVE('',#191,#196);
#191 = PLANE('',#192);
#192 = AXIS2_PLACEMENT_3D('',#193,#194,#195);
#193 = CARTESIAN_POINT('',(-355.6,-165.,0.));
#194 = DIRECTION('',(0.,0.,1.));
#195 = DIRECTION('',(1.,0.,0.));
#196 = DEFINITIONAL_REPRESENTATION('',(#197),#201);
#197 = LINE('',#198,#199);
#198 = CARTESIAN_POINT('',(0.,0.));
#199 = VECTOR('',#200,1.);
#200 = DIRECTION('',(0.,1.));
#201 = ( GEOMETRIC_REPRESENTATION_CONTEXT(2)
PARAMETRIC_REPRESENTATION_CONTEXT() REPRESENTATION_CONTEXT('2D SPACE',''
  ) );
#202 = ADVANCED_FACE('',(#203),#217,.T.);
#203 = FACE_BOUND('',#204,.T.);
#204 = EDGE_LOOP('',(#205,#235,#258,#281));
#205 = ORIENTED_EDGE('',*,*,#206,.F.);
#206 = EDGE_CURVE('',#207,#209,#211,.T.);
#207 = VERTEX_POINT('',#208);
#208 = CARTESIAN_POINT('',(355.6,-165.,-78.));
#209 = VERTEX_POINT('',#210);
#210 = CARTESIAN_POINT('',(355.6,-165.,0.));
#211 = SURFACE_CURVE('',#212,(#216,#228),.PCURVE_S1.);
#212 = LINE('',#213,#214);
#213 = CARTESIAN_POINT('',(355.6,-165.,-78.));
#214 = VECTOR('',#215,1.);
#215 = DIRECTION('',(0.,0.,1.));
#216 = PCURVE('',#217,#222);
#217 = PLANE('',#218);
#218 = AXIS2_PLACEMENT_3D('',#219,#220,#221);
#219 = CARTESIAN_POINT('',(355.6,-165.,-78.));
#220 = DIRECTION('',(1.,0.,0.));
#221 = DIRECTION('',(0.,0.,1.));
#222 = DEFINITIONAL_REPRESENTATION('',(#223),#227);
#223 = LINE('',#224,#225);
#224 = CARTESIAN_POINT('',(0.,0.));
#225 = VECTOR('',#226,1.);
#226 = DIRECTION('',(1.,0.));
#227 = ( GEOMETRIC_REPRESENTATION_CONTEXT(2)
PARAMETRIC_REPRESENTATION_CONTEXT() REPRESENTATION_CONTEXT('2D SPACE',''
  ) );
#228 = PCURVE('',#109,#229);
#229 = DEFINITIONAL_REPRESENTATION('',(#230),#234);
#230 = LINE('',#231,#232);
#231 = CARTESIAN_POINT('',(0.,711.2));
#232 = VECTOR('',#233,1.);
#233 = DIRECTION('',(1.,0.));
#234 = ( GEOMETRIC_REPRESENTATION_CONTEXT(2)
PARAMETRIC_REPRESENTATION_CONTEXT() REPRESENTATION_CONTEXT('2D SPACE',''
  ) );
#235 = ORIENTED_EDGE('',*,*,#236,.T.);
#236 = EDGE_CURVE('',#207,#237,#239,.T.);
#237 = VERTEX_POINT('',#238);
#238 = CARTESIAN_POINT('',(355.6,165.,-78.));
#239 = SURFACE_CURVE('',#240,(#244,#251),.PCURVE_S1.);
#240 = LINE('',#241,#242);
#241 = CARTESIAN_POINT('',(355.6,-165.,-78.));
#242 = VECTOR('',#243,1.);
#243 = DIRECTION('',(0.,1.,0.));
#244 = PCURVE('',#217,#245);
#245 = DEFINITIONAL_REPRESENTATION('',(#246),#250);
#246 = LINE('',#247,#248);
#247 = CARTESIAN_POINT('',(0.,0.));
#248 = VECTOR('',#249,1.);
#249 = DIRECTION('',(0.,-1.));
#250 = ( GEOMETRIC_REPRESENTATION_CONTEXT(2)
PARAMETRIC_REPRESENTATION_CONTEXT() REPRESENTATION_CONTEXT('2D SPACE',''
  ) );
#251 = PCURVE('',#137,#252);
#252 = DEFINITIONAL_REPRESENTATION('',(#253),#257);
#253 = LINE('',#254,#255);
#254 = CARTESIAN_POINT('',(711.2,0.));
#255 = VECTOR('',#256,1.);
#256 = DIRECTION('',(0.,1.));
#257 = ( GEOMETRIC_REPRESENTATION_CONTEXT(2)
PARAMETRIC_REPRESENTATION_CONTEXT() REPRESENTATION_CONTEXT('2D SPACE',''
  ) );
#258 = ORIENTED_EDGE('',*,*,#259,.T.);
#259 = EDGE_CURVE('',#237,#260,#262,.T.);
#260 = VERTEX_POINT('',#261);
#261 = CARTESIAN_POINT('',(355.6,165.,0.));
#262 = SURFACE_CURVE('',#263,(#267,#274),.PCURVE_S1.);
#263 = LINE('',#264,#265);
#264 = CARTESIAN_POINT('',(355.6,165.,-78.));
#265 = VECTOR('',#266,1.);
#266 = DIRECTION('',(0.,0.,1.));
#267 = PCURVE('',#217,#268);
#268 = DEFINITIONAL_REPRESENTATION('',(#269),#273);
#269 = LINE('',#270,#271);
#270 = CARTESIAN_POINT('',(0.,-330.));
#271 = VECTOR('',#272,1.);
#272 = DIRECTION('',(1.,0.));
#273 = ( GEOMETRIC_REPRESENTATION_CONTEXT(2)
PARAMETRIC_REPRESENTATION_CONTEXT() REPRESENTATION_CONTEXT('2D SPACE',''
  ) );
#274 = PCURVE('',#165,#275);
#275 = DEFINITIONAL_REPRESENTATION('',(#276),#280);
#276 = LINE('',#277,#278);
#277 = CARTESIAN_POINT('',(0.,711.2));
#278 = VECTOR('',#279,1.);
#279 = DIRECTION('',(1.,0.));
#280 = ( GEOMETRIC_REPRESENTATION_CONTEXT(2)
PARAMETRIC_REPRESENTATION_CONTEXT() REPRESENTATION_CONTEXT('2D SPACE',''
  ) );
#281 = ORIENTED_EDGE('',*,*,#282,.F.);
#282 = EDGE_CURVE('',#209,#260,#283,.T.);
#283 = SURFACE_CURVE('',#284,(#288,#295),.PCURVE_S1.);
#284 = LINE('',#285,#286);
#285 = CARTESIAN_POINT('',(355.6,-165.,0.));
#286 = VECTOR('',#287,1.);
#287 = DIRECTION('',(0.,1.,0.));
#288 = PCURVE('',#217,#289);
#289 = DEFINITIONAL_REPRESENTATION('',(#290),#294);
#290 = LINE('',#291,#292);
#291 = CARTESIAN_POINT('',(78.,0.));
#292 = VECTOR('',#293,1.);
#293 = DIRECTION('',(0.,-1.));
#294 = ( GEOMETRIC_REPRESENTATION_CONTEXT(2)
PARAMETRIC_REPRESENTATION_CONTEXT() REPRESENTATION_CONTEXT('2D SPACE',''
  ) );
#295 = PCURVE('',#191,#296);
#296 = DEFINITIONAL_REPRESENTATION('',(#297),#301);
#297 = LINE('',#298,#299);
#298 = CARTESIAN_POINT('',(711.2,0.));
#299 = VECTOR('',#300,1.);
#300 = DIRECTION('',(0.,1.));
#301 = ( GEOMETRIC_REPRESENTATION_CONTEXT(2)
PARAMETRIC_REPRESENTATION_CONTEXT() REPRESENTATION_CONTEXT('2D SPACE',''
  ) );
#302 = ADVANCED_FACE('',(#303),#109,.F.);
#303 = FACE_BOUND('',#304,.F.);
#304 = EDGE_LOOP('',(#305,#326,#327,#348));
#305 = ORIENTED_EDGE('',*,*,#306,.F.);
#306 = EDGE_CURVE('',#87,#207,#307,.T.);
#307 = SURFACE_CURVE('',#308,(#312,#319),.PCURVE_S1.);
#308 = LINE('',#309,#310);
#309 = CARTESIAN_POINT('',(-355.6,-165.,-78.));
#310 = VECTOR('',#311,1.);
#311 = DIRECTION('',(1.,0.,0.));
#312 = PCURVE('',#109,#313);
#313 = DEFINITIONAL_REPRESENTATION('',(#314),#318);
#314 = LINE('',#315,#316);
#315 = CARTESIAN_POINT('',(0.,0.));
#316 = VECTOR('',#317,1.);
#317 = DIRECTION('',(0.,1.));
#318 = ( GEOMETRIC_REPRESENTATION_CONTEXT(2)
PARAMETRIC_REPRESENTATION_CONTEXT() REPRESENTATION_CONTEXT('2D SPACE',''
  ) );
#319 = PCURVE('',#137,#320);
#320 = DEFINITIONAL_REPRESENTATION('',(#321),#325);
#321 = LINE('',#322,#323);
#322 = CARTESIAN_POINT('',(0.,0.));
#323 = VECTOR('',#324,1.);
#324 = DIRECTION('',(1.,0.));
#325 = ( GEOMETRIC_REPRESENTATION_CONTEXT(2)
PARAMETRIC_REPRESENTATION_CONTEXT() REPRESENTATION_CONTEXT('2D SPACE',''
  ) );
#326 = ORIENTED_EDGE('',*,*,#86,.T.);
#327 = ORIENTED_EDGE('',*,*,#328,.T.);
#328 = EDGE_CURVE('',#89,#209,#329,.T.);
#329 = SURFACE_CURVE('',#330,(#334,#341),.PCURVE_S1.);
#330 = LINE('',#331,#332);
#331 = CARTESIAN_POINT('',(-355.6,-165.,0.));
#332 = VECTOR('',#333,1.);
#333 = DIRECTION('',(1.,0.,0.));
#334 = PCURVE('',#109,#335);
#335 = DEFINITIONAL_REPRESENTATION('',(#336),#340);
#336 = LINE('',#337,#338);
#337 = CARTESIAN_POINT('',(78.,0.));
#338 = VECTOR('',#339,1.);
#339 = DIRECTION('',(0.,1.));
#340 = ( GEOMETRIC_REPRESENTATION_CONTEXT(2)
PARAMETRIC_REPRESENTATION_CONTEXT() REPRESENTATION_CONTEXT('2D SPACE',''
  ) );
#341 = PCURVE('',#191,#342);
#342 = DEFINITIONAL_REPRESENTATION('',(#343),#347);
#343 = LINE('',#344,#345);
#344 = CARTESIAN_POINT('',(0.,0.));
#345 = VECTOR('',#346,1.);
#346 = DIRECTION('',(1.,0.));
#347 = ( GEOMETRIC_REPRESENTATION_CONTEXT(2)
PARAMETRIC_REPRESENTATION_CONTEXT() REPRESENTATION_CONTEXT('2D SPACE',''
  ) );
#348 = ORIENTED_EDGE('',*,*,#206,.F.);
#349 = ADVANCED_FACE('',(#350),#165,.T.);
#350 = FACE_BOUND('',#351,.T.);
#351 = EDGE_LOOP('',(#352,#373,#374,#395));
#352 = ORIENTED_EDGE('',*,*,#353,.F.);
#353 = EDGE_CURVE('',#122,#237,#354,.T.);
#354 = SURFACE_CURVE('',#355,(#359,#366),.PCURVE_S1.);
#355 = LINE('',#356,#357);
#356 = CARTESIAN_POINT('',(-355.6,165.,-78.));
#357 = VECTOR('',#358,1.);
#358 = DIRECTION('',(1.,0.,0.));
#359 = PCURVE('',#165,#360);
#360 = DEFINITIONAL_REPRESENTATION('',(#361),#365);
#361 = LINE('',#362,#363);
#362 = CARTESIAN_POINT('',(0.,0.));
#363 = VECTOR('',#364,1.);
#364 = DIRECTION('',(0.,1.));
#365 = ( GEOMETRIC_REPRESENTATION_CONTEXT(2)
PARAMETRIC_REPRESENTATION_CONTEXT() REPRESENTATION_CONTEXT('2D SPACE',''
  ) );
#366 = PCURVE('',#137,#367);
#367 = DEFINITIONAL_REPRESENTATION('',(#368),#372);
#368 = LINE('',#369,#370);
#369 = CARTESIAN_POINT('',(0.,330.));
#370 = VECTOR('',#371,1.);
#371 = DIRECTION('',(1.,0.));
#372 = ( GEOMETRIC_REPRESENTATION_CONTEXT(2)
PARAMETRIC_REPRESENTATION_CONTEXT() REPRESENTATION_CONTEXT('2D SPACE',''
  ) );
#373 = ORIENTED_EDGE('',*,*,#149,.T.);
#374 = ORIENTED_EDGE('',*,*,#375,.T.);
#375 = EDGE_CURVE('',#150,#260,#376,.T.);
#376 = SURFACE_CURVE('',#377,(#381,#388),.PCURVE_S1.);
#377 = LINE('',#378,#379);
#378 = CARTESIAN_POINT('',(-355.6,165.,0.));
#379 = VECTOR('',#380,1.);
#380 = DIRECTION('',(1.,0.,0.));
#381 = PCURVE('',#165,#382);
#382 = DEFINITIONAL_REPRESENTATION('',(#383),#387);
#383 = LINE('',#384,#385);
#384 = CARTESIAN_POINT('',(78.,0.));
#385 = VECTOR('',#386,1.);
#386 = DIRECTION('',(0.,1.));
#387 = ( GEOMETRIC_REPRESENTATION_CONTEXT(2)
PARAMETRIC_REPRESENTATION_CONTEXT() REPRESENTATION_CONTEXT('2D SPACE',''
  ) );
#388 = PCURVE('',#191,#389);
#389 = DEFINITIONAL_REPRESENTATION('',(#390),#394);
#390 = LINE('',#391,#392);
#391 = CARTESIAN_POINT('',(0.,330.));
#392 = VECTOR('',#393,1.);
#393 = DIRECTION('',(1.,0.));
#394 = ( GEOMETRIC_REPRESENTATION_CONTEXT(2)
PARAMETRIC_REPRESENTATION_CONTEXT() REPRESENTATION_CONTEXT('2D SPACE',''
  ) );
#395 = ORIENTED_EDGE('',*,*,#259,.F.);
#396 = ADVANCED_FACE('',(#397),#137,.F.);
#397 = FACE_BOUND('',#398,.F.);
#398 = EDGE_LOOP('',(#399,#400,#401,#402));
#399 = ORIENTED_EDGE('',*,*,#121,.F.);
#400 = ORIENTED_EDGE('',*,*,#306,.T.);
#401 = ORIENTED_EDGE('',*,*,#236,.T.);
#402 = ORIENTED_EDGE('',*,*,#353,.F.);
#403 = ADVANCED_FACE('',(#404),#191,.T.);
#404 = FACE_BOUND('',#405,.T.);
#405 = EDGE_LOOP('',(#406,#407,#408,#409));
#406 = ORIENTED_EDGE('',*,*,#177,.F.);
#407 = ORIENTED_EDGE('',*,*,#328,.T.);
#408 = ORIENTED_EDGE('',*,*,#282,.T.);
#409 = ORIENTED_EDGE('',*,*,#375,.F.);
#410 = ( GEOMETRIC_REPRESENTATION_CONTEXT(3)
GLOBAL_UNCERTAINTY_ASSIGNED_CONTEXT((#414)) GLOBAL_UNIT_ASSIGNED_CONTEXT
((#411,#412,#413)) REPRESENTATION_CONTEXT('Context #1',
  '3D Context with UNIT and UNCERTAINTY') );
#411 = ( LENGTH_UNIT() NAMED_UNIT(*) SI_UNIT(.MILLI.,.METRE.) );
#412 = ( NAMED_UNIT(*) PLANE_ANGLE_UNIT() SI_UNIT($,.RADIAN.) );
#413 = ( NAMED_UNIT(*) SI_UNIT($,.STERADIAN.) SOLID_ANGLE_UNIT() );
#414 = UNCERTAINTY_MEASURE_WITH_UNIT(LENGTH_MEASURE(1.E-07),#411,
  'distance_accuracy_value','confusion accuracy');
#415 = CONTEXT_DEPENDENT_SHAPE_REPRESENTATION(#416,#418);
#416 = ( REPRESENTATION_RELATIONSHIP('','',#79,#52)
REPRESENTATION_RELATIONSHIP_WITH_TRANSFORMATION(#417)
SHAPE_REPRESENTATION_RELATIONSHIP() );
#417 = ITEM_DEFINED_TRANSFORMATION('','',#11,#53);
#418 = PRODUCT_DEFINITION_SHAPE('Placement','Placement of an item',#419
  );
#419 = NEXT_ASSEMBLY_USAGE_OCCURRENCE('1','reflector_hood_top_box','',
  #47,#74,$);
#420 = PRODUCT_RELATED_PRODUCT_CATEGORY('part',$,(#76));
#421 = SHAPE_DEFINITION_REPRESENTATION(#422,#428);
#422 = PRODUCT_DEFINITION_SHAPE('','',#423);
#423 = PRODUCT_DEFINITION('design','',#424,#427);
#424 = PRODUCT_DEFINITION_FORMATION('','',#425);
#425 = PRODUCT('reflector_hood_flared_skirt',
  'reflector_hood_flared_skirt','',(#426));
#426 = PRODUCT_CONTEXT('',#2,'mechanical');
#427 = PRODUCT_DEFINITION_CONTEXT('part definition',#2,'design');
#428 = ADVANCED_BREP_SHAPE_REPRESENTATION('',(#11,#429),#2697);
#429 = MANIFOLD_SOLID_BREP('',#430);
#430 = CLOSED_SHELL('',(#431,#1366,#2208,#2308,#2377,#2441,#2482,#2556,
    #2625,#2657,#2684));
#431 = ADVANCED_FACE('',(#432,#548),#446,.T.);
#432 = FACE_BOUND('',#433,.T.);
#433 = EDGE_LOOP('',(#434,#469,#496,#523));
#434 = ORIENTED_EDGE('',*,*,#435,.F.);
#435 = EDGE_CURVE('',#436,#438,#440,.T.);
#436 = VERTEX_POINT('',#437);
#437 = CARTESIAN_POINT('',(-422.91,-321.31,-248.92));
#438 = VERTEX_POINT('',#439);
#439 = CARTESIAN_POINT('',(-422.91,321.31,-248.92));
#440 = SURFACE_CURVE('',#441,(#445,#457),.PCURVE_S1.);
#441 = LINE('',#442,#443);
#442 = CARTESIAN_POINT('',(-422.91,0.,-248.92));
#443 = VECTOR('',#444,1.);
#444 = DIRECTION('',(0.,1.,0.));
#445 = PCURVE('',#446,#451);
#446 = B_SPLINE_SURFACE_WITH_KNOTS('',1,1,(
    (#447,#448)
    ,(#449,#450
  )),.UNSPECIFIED.,.F.,.F.,.F.,(2,2),(2,2),(-321.31,321.31),(0.,1.),
  .PIECEWISE_BEZIER_KNOTS.);
#447 = CARTESIAN_POINT('',(-422.91,321.31,-248.92));
#448 = CARTESIAN_POINT('',(-355.6,165.,-78.));
#449 = CARTESIAN_POINT('',(-422.91,-321.31,-248.92));
#450 = CARTESIAN_POINT('',(-355.6,-165.,-78.));
#451 = DEFINITIONAL_REPRESENTATION('',(#452),#456);
#452 = LINE('',#453,#454);
#453 = CARTESIAN_POINT('',(0.,0.));
#454 = VECTOR('',#455,1.);
#455 = DIRECTION('',(-1.,0.));
#456 = ( GEOMETRIC_REPRESENTATION_CONTEXT(2)
PARAMETRIC_REPRESENTATION_CONTEXT() REPRESENTATION_CONTEXT('2D SPACE',''
  ) );
#457 = PCURVE('',#458,#463);
#458 = PLANE('',#459);
#459 = AXIS2_PLACEMENT_3D('',#460,#461,#462);
#460 = CARTESIAN_POINT('',(-422.91,-321.31,-248.92));
#461 = DIRECTION('',(0.,0.,1.));
#462 = DIRECTION('',(0.796254338904,0.604962005234,-0.));
#463 = DEFINITIONAL_REPRESENTATION('',(#464),#468);
#464 = LINE('',#465,#466);
#465 = CARTESIAN_POINT('',(194.38034190159,255.84448163331));
#466 = VECTOR('',#467,1.);
#467 = DIRECTION('',(0.604962005234,0.796254338904));
#468 = ( GEOMETRIC_REPRESENTATION_CONTEXT(2)
PARAMETRIC_REPRESENTATION_CONTEXT() REPRESENTATION_CONTEXT('2D SPACE',''
  ) );
#469 = ORIENTED_EDGE('',*,*,#470,.T.);
#470 = EDGE_CURVE('',#436,#471,#473,.T.);
#471 = VERTEX_POINT('',#472);
#472 = CARTESIAN_POINT('',(-355.6,-165.,-78.));
#473 = SURFACE_CURVE('',#474,(#477,#484),.PCURVE_S1.);
#474 = B_SPLINE_CURVE_WITH_KNOTS('',1,(#475,#476),.UNSPECIFIED.,.F.,.F.,
  (2,2),(0.,1.),.PIECEWISE_BEZIER_KNOTS.);
#475 = CARTESIAN_POINT('',(-422.91,-321.31,-248.92));
#476 = CARTESIAN_POINT('',(-355.6,-165.,-78.));
#477 = PCURVE('',#446,#478);
#478 = DEFINITIONAL_REPRESENTATION('',(#479),#483);
#479 = LINE('',#480,#481);
#480 = CARTESIAN_POINT('',(321.31,0.));
#481 = VECTOR('',#482,1.);
#482 = DIRECTION('',(0.,1.));
#483 = ( GEOMETRIC_REPRESENTATION_CONTEXT(2)
PARAMETRIC_REPRESENTATION_CONTEXT() REPRESENTATION_CONTEXT('2D SPACE',''
  ) );
#484 = PCURVE('',#485,#490);
#485 = B_SPLINE_SURFACE_WITH_KNOTS('',1,1,(
    (#486,#487)
    ,(#488,#489
  )),.UNSPECIFIED.,.F.,.F.,.F.,(2,2),(2,2),(-422.91,422.91),(0.,1.),
  .PIECEWISE_BEZIER_KNOTS.);
#486 = CARTESIAN_POINT('',(-422.91,-321.31,-248.92));
#487 = CARTESIAN_POINT('',(-355.6,-165.,-78.));
#488 = CARTESIAN_POINT('',(422.91,-321.31,-248.92));
#489 = CARTESIAN_POINT('',(355.6,-165.,-78.));
#490 = DEFINITIONAL_REPRESENTATION('',(#491),#495);
#491 = LINE('',#492,#493);
#492 = CARTESIAN_POINT('',(-422.91,0.));
#493 = VECTOR('',#494,1.);
#494 = DIRECTION('',(0.,1.));
#495 = ( GEOMETRIC_REPRESENTATION_CONTEXT(2)
PARAMETRIC_REPRESENTATION_CONTEXT() REPRESENTATION_CONTEXT('2D SPACE',''
  ) );
#496 = ORIENTED_EDGE('',*,*,#497,.T.);
#497 = EDGE_CURVE('',#471,#498,#500,.T.);
#498 = VERTEX_POINT('',#499);
#499 = CARTESIAN_POINT('',(-355.6,165.,-78.));
#500 = SURFACE_CURVE('',#501,(#505,#511),.PCURVE_S1.);
#501 = LINE('',#502,#503);
#502 = CARTESIAN_POINT('',(-355.6,0.,-78.));
#503 = VECTOR('',#504,1.);
#504 = DIRECTION('',(0.,1.,0.));
#505 = PCURVE('',#446,#506);
#506 = DEFINITIONAL_REPRESENTATION('',(#507),#510);
#507 = B_SPLINE_CURVE_WITH_KNOTS('',1,(#508,#509),.UNSPECIFIED.,.F.,.F.,
  (2,2),(-165.,165.),.PIECEWISE_BEZIER_KNOTS.);
#508 = CARTESIAN_POINT('',(321.31,1.));
#509 = CARTESIAN_POINT('',(-321.31,1.));
#510 = ( GEOMETRIC_REPRESENTATION_CONTEXT(2)
PARAMETRIC_REPRESENTATION_CONTEXT() REPRESENTATION_CONTEXT('2D SPACE',''
  ) );
#511 = PCURVE('',#512,#517);
#512 = PLANE('',#513);
#513 = AXIS2_PLACEMENT_3D('',#514,#515,#516);
#514 = CARTESIAN_POINT('',(-355.6,-165.,-78.));
#515 = DIRECTION('',(0.,0.,1.));
#516 = DIRECTION('',(0.907106376219,0.420901440034,-0.));
#517 = DEFINITIONAL_REPRESENTATION('',(#518),#522);
#518 = LINE('',#519,#520);
#519 = CARTESIAN_POINT('',(69.448737605632,149.67255207613));
#520 = VECTOR('',#521,1.);
#521 = DIRECTION('',(0.420901440034,0.907106376219));
#522 = ( GEOMETRIC_REPRESENTATION_CONTEXT(2)
PARAMETRIC_REPRESENTATION_CONTEXT() REPRESENTATION_CONTEXT('2D SPACE',''
  ) );
#523 = ORIENTED_EDGE('',*,*,#524,.F.);
#524 = EDGE_CURVE('',#438,#498,#525,.T.);
#525 = SURFACE_CURVE('',#526,(#529,#536),.PCURVE_S1.);
#526 = B_SPLINE_CURVE_WITH_KNOTS('',1,(#527,#528),.UNSPECIFIED.,.F.,.F.,
  (2,2),(0.,1.),.PIECEWISE_BEZIER_KNOTS.);
#527 = CARTESIAN_POINT('',(-422.91,321.31,-248.92));
#528 = CARTESIAN_POINT('',(-355.6,165.,-78.));
#529 = PCURVE('',#446,#530);
#530 = DEFINITIONAL_REPRESENTATION('',(#531),#535);
#531 = LINE('',#532,#533);
#532 = CARTESIAN_POINT('',(-321.31,0.));
#533 = VECTOR('',#534,1.);
#534 = DIRECTION('',(0.,1.));
#535 = ( GEOMETRIC_REPRESENTATION_CONTEXT(2)
PARAMETRIC_REPRESENTATION_CONTEXT() REPRESENTATION_CONTEXT('2D SPACE',''
  ) );
#536 = PCURVE('',#537,#542);
#537 = B_SPLINE_SURFACE_WITH_KNOTS('',1,1,(
    (#538,#539)
    ,(#540,#541
  )),.UNSPECIFIED.,.F.,.F.,.F.,(2,2),(2,2),(-422.91,422.91),(0.,1.),
  .PIECEWISE_BEZIER_KNOTS.);
#538 = CARTESIAN_POINT('',(422.91,321.31,-248.92));
#539 = CARTESIAN_POINT('',(355.6,165.,-78.));
#540 = CARTESIAN_POINT('',(-422.91,321.31,-248.92));
#541 = CARTESIAN_POINT('',(-355.6,165.,-78.));
#542 = DEFINITIONAL_REPRESENTATION('',(#543),#547);
#543 = LINE('',#544,#545);
#544 = CARTESIAN_POINT('',(422.91,0.));
#545 = VECTOR('',#546,1.);
#546 = DIRECTION('',(0.,1.));
#547 = ( GEOMETRIC_REPRESENTATION_CONTEXT(2)
PARAMETRIC_REPRESENTATION_CONTEXT() REPRESENTATION_CONTEXT('2D SPACE',''
  ) );
#548 = FACE_BOUND('',#549,.T.);
#549 = EDGE_LOOP('',(#550));
#550 = ORIENTED_EDGE('',*,*,#551,.T.);
#551 = EDGE_CURVE('',#552,#552,#554,.T.);
#552 = VERTEX_POINT('',#553);
#553 = CARTESIAN_POINT('',(-362.7994564422,-1.768389977969E-14,
    -96.28154947409));
#554 = SURFACE_CURVE('',#555,(#775,#1068),.PCURVE_S1.);
#555 = B_SPLINE_CURVE_WITH_KNOTS('',8,(#556,#557,#558,#559,#560,#561,
    #562,#563,#564,#565,#566,#567,#568,#569,#570,#571,#572,#573,#574,
    #575,#576,#577,#578,#579,#580,#581,#582,#583,#584,#585,#586,#587,
    #588,#589,#590,#591,#592,#593,#594,#595,#596,#597,#598,#599,#600,
    #601,#602,#603,#604,#605,#606,#607,#608,#609,#610,#611,#612,#613,
    #614,#615,#616,#617,#618,#619,#620,#621,#622,#623,#624,#625,#626,
    #627,#628,#629,#630,#631,#632,#633,#634,#635,#636,#637,#638,#639,
    #640,#641,#642,#643,#644,#645,#646,#647,#648,#649,#650,#651,#652,
    #653,#654,#655,#656,#657,#658,#659,#660,#661,#662,#663,#664,#665,
    #666,#667,#668,#669,#670,#671,#672,#673,#674,#675,#676,#677,#678,
    #679,#680,#681,#682,#683,#684,#685,#686,#687,#688,#689,#690,#691,
    #692,#693,#694,#695,#696,#697,#698,#699,#700,#701,#702,#703,#704,
    #705,#706,#707,#708,#709,#710,#711,#712,#713,#714,#715,#716,#717,
    #718,#719,#720,#721,#722,#723,#724,#725,#726,#727,#728,#729,#730,
    #731,#732,#733,#734,#735,#736,#737,#738,#739,#740,#741,#742,#743,
    #744,#745,#746,#747,#748,#749,#750,#751,#752,#753,#754,#755,#756,
    #757,#758,#759,#760,#761,#762,#763,#764,#765,#766,#767,#768,#769,
    #770,#771,#772,#773,#774),.UNSPECIFIED.,.T.,.F.,(9,7,7,7,7,7,7,7,7,7
    ,7,7,7,7,7,7,7,7,7,7,7,7,7,7,7,7,7,7,7,7,7,9),(0.,0.115441987938,
    0.176793871195,0.219233752725,0.273185911886,0.294175397539,
    0.306355022292,0.332053121228,0.362388626224,0.37821579184,
    0.411161037365,0.462764407178,0.515683053394,0.567452516794,
    0.613104729649,0.651106802573,0.754086001518,0.861807667413,
    0.900699524309,0.947411431071,1.,1.056970934762,1.105022363076,
    1.132204673151,1.146467921175,1.174023676482,1.205517366752,
    1.221575143173,1.25360987515,1.302222000138,1.397102055686,
    1.506177816211),.UNSPECIFIED.);
#556 = CARTESIAN_POINT('',(-362.7994564422,-1.42108547152E-14,
    -96.28154947409));
#557 = CARTESIAN_POINT('',(-362.7994564422,-2.934487504518,
    -96.28154947409));
#558 = CARTESIAN_POINT('',(-362.8494023415,-5.868451607527,
    -96.40837688627));
#559 = CARTESIAN_POINT('',(-362.9492620094,-8.806455857419,
    -96.66195012112));
#560 = CARTESIAN_POINT('',(-363.0999708416,-11.75251021581,
    -97.04464442495));
#561 = CARTESIAN_POINT('',(-363.3033305195,-14.71029683225,
    -97.56103480015));
#562 = CARTESIAN_POINT('',(-363.5621494792,-17.68335085161,
    -98.21825269634));
#563 = CARTESIAN_POINT('',(-363.8804029795,-20.6752197055,
    -99.02639247165));
#564 = CARTESIAN_POINT('',(-364.4680031769,-25.29203073368,
    -100.5184831823));
#565 = CARTESIAN_POINT('',(-364.6903642479,-26.90036318871,
    -101.0831237149));
#566 = CARTESIAN_POINT('',(-364.932065663,-28.51547507967,-101.696875102
    ));
#567 = CARTESIAN_POINT('',(-365.194133959,-30.13780351056,
    -102.3623440244));
#568 = CARTESIAN_POINT('',(-365.4777515594,-31.76763235379,
    -103.0825330045));
#569 = CARTESIAN_POINT('',(-365.7842808399,-33.40509456854,
    -103.8609015177));
#570 = CARTESIAN_POINT('',(-366.1153123512,-35.05017322001,
    -104.7014884426));
#571 = CARTESIAN_POINT('',(-366.7200190928,-37.84583252186,
    -106.2370177291));
#572 = CARTESIAN_POINT('',(-366.9798967694,-38.99242072598,
    -106.8969240205));
#573 = CARTESIAN_POINT('',(-367.2530228358,-40.14242830229,
    -107.5904718928));
#574 = CARTESIAN_POINT('',(-367.5400818238,-41.29567553955,
    -108.3193995742));
#575 = CARTESIAN_POINT('',(-367.8418137242,-42.45183834391,
    -109.0855861202));
#576 = CARTESIAN_POINT('',(-368.1590221492,-43.61044126915,
    -109.8910721402));
#577 = CARTESIAN_POINT('',(-368.4925877571,-44.77084737426,
    -110.7380938857));
#578 = CARTESIAN_POINT('',(-369.2895713244,-47.40868410603,
    -112.7618709073));
#579 = CARTESIAN_POINT('',(-369.7635130203,-48.88620967464,
    -113.9653490631));
#580 = CARTESIAN_POINT('',(-370.2674181954,-50.36359510086,
    -115.2449133556));
#581 = CARTESIAN_POINT('',(-370.8034425139,-51.83834188912,
    -116.6060376537));
#582 = CARTESIAN_POINT('',(-371.3737397938,-53.30663980007,
    -118.054191139));
#583 = CARTESIAN_POINT('',(-371.9804082061,-54.76329221295,
    -119.5947016875));
#584 = CARTESIAN_POINT('',(-372.6253975294,-56.20163531274,
    -121.2325203645));
#585 = CARTESIAN_POINT('',(-373.5768105875,-58.1627421512,
    -123.6484395427));
#586 = CARTESIAN_POINT('',(-373.8492856331,-58.70790808941,
    -124.3403342804));
#587 = CARTESIAN_POINT('',(-374.1278372265,-59.24845277602,
    -125.0476591704));
#588 = CARTESIAN_POINT('',(-374.4125165295,-59.78379919884,
    -125.7705441275));
#589 = CARTESIAN_POINT('',(-374.7033515646,-60.3133201941,
    -126.5090603093));
#590 = CARTESIAN_POINT('',(-375.0003432208,-60.83634171909,
    -127.2632099732));
#591 = CARTESIAN_POINT('',(-375.3034604559,-61.35214737799,
    -128.0329142939));
#592 = CARTESIAN_POINT('',(-375.7920400547,-62.15466802658,
    -129.2735624149));
#593 = CARTESIAN_POINT('',(-375.9734846149,-62.44666811787,
    -129.7343038237));
#594 = CARTESIAN_POINT('',(-376.1569543274,-62.7358364307,
    -130.2001876935));
#595 = CARTESIAN_POINT('',(-376.342431154,-63.0220212175,-130.6711682193
    ));
#596 = CARTESIAN_POINT('',(-376.5298927345,-63.30506760777,
    -131.1471886226));
#597 = CARTESIAN_POINT('',(-376.7193120558,-63.58481818895,
    -131.6281803088));
#598 = CARTESIAN_POINT('',(-376.9106571202,-63.86111358719,
    -132.1140620262));
#599 = CARTESIAN_POINT('',(-377.5115988583,-64.70912635349,
    -133.6400308552));
#600 = CARTESIAN_POINT('',(-377.9277486172,-65.26841129973,
    -134.6967581883));
#601 = CARTESIAN_POINT('',(-378.3519515284,-65.81007684136,
    -135.7739348572));
#602 = CARTESIAN_POINT('',(-378.783752411,-66.33259701387,
    -136.8704050228));
#603 = CARTESIAN_POINT('',(-379.2226238022,-66.83450984223,
    -137.9848293013));
#604 = CARTESIAN_POINT('',(-379.6679599132,-67.31444002249,
    -139.1156694156));
#605 = CARTESIAN_POINT('',(-380.1190700033,-67.7711253766,
    -140.2611713708));
#606 = CARTESIAN_POINT('',(-381.1135790668,-68.71378433303,
    -142.7865240544));
#607 = CARTESIAN_POINT('',(-381.6590437452,-69.1902678926,
    -144.1716202188));
#608 = CARTESIAN_POINT('',(-382.2102636552,-69.63101765725,
    -145.5713306187));
#609 = CARTESIAN_POINT('',(-382.7659653754,-70.03463553814,
    -146.9824216605));
#610 = CARTESIAN_POINT('',(-383.32490771,-70.40015832957,-148.4017415808
    ));
#611 = CARTESIAN_POINT('',(-383.8858854426,-70.72701506981,
    -149.8262299785));
#612 = CARTESIAN_POINT('',(-384.4477327493,-71.01498889247,
    -151.2529264821));
#613 = CARTESIAN_POINT('',(-385.3023305825,-71.39419743125,
    -153.4230031668));
#614 = CARTESIAN_POINT('',(-385.5952873426,-71.51366486748,
    -154.1669070361));
#615 = CARTESIAN_POINT('',(-385.8880503112,-71.62260376459,
    -154.9103188115));
#616 = CARTESIAN_POINT('',(-386.1804824898,-71.72105567905,
    -155.6528906129));
#617 = CARTESIAN_POINT('',(-386.4724559625,-71.80908276507,
    -156.3942976247));
#618 = CARTESIAN_POINT('',(-386.7638517365,-71.88676490314,
    -157.1342376885));
#619 = CARTESIAN_POINT('',(-387.0545595812,-71.95419682856,
    -157.8724308961));
#620 = CARTESIAN_POINT('',(-387.9479611051,-72.13073475071,
    -160.1410416297));
#621 = CARTESIAN_POINT('',(-388.5479929832,-72.20602745354,
    -161.6647000549));
#622 = CARTESIAN_POINT('',(-389.1437009886,-72.23834498962,
    -163.1773788885));
#623 = CARTESIAN_POINT('',(-389.7343523219,-72.22887437379,
    -164.6772173357));
#624 = CARTESIAN_POINT('',(-390.319342261,-72.17892957729,
    -166.1626798286));
#625 = CARTESIAN_POINT('',(-390.898185109,-72.08988455153,
    -167.6325330386));
#626 = CARTESIAN_POINT('',(-391.4705077253,-71.96311771283,
    -169.0858294521));
#627 = CARTESIAN_POINT('',(-392.9218688253,-71.54442021804,
    -172.7712645912));
#628 = CARTESIAN_POINT('',(-393.7908408744,-71.19966900007,
    -174.9778416618));
#629 = CARTESIAN_POINT('',(-394.6421100547,-70.77088241837,
    -177.1394659123));
#630 = CARTESIAN_POINT('',(-395.4750140171,-70.26301082858,
    -179.254455442));
#631 = CARTESIAN_POINT('',(-396.2890874853,-69.68073271246,
    -181.3216287771));
#632 = CARTESIAN_POINT('',(-397.0840631727,-69.02838173375,
    -183.3403071978));
#633 = CARTESIAN_POINT('',(-397.8598659274,-68.30985489537,
    -185.3102998711));
#634 = CARTESIAN_POINT('',(-399.392622068,-66.72723342572,
    -189.2024210945));
#635 = CARTESIAN_POINT('',(-400.1484173431,-65.8600749838,
    -191.1216088589));
#636 = CARTESIAN_POINT('',(-400.884016417,-64.93079199824,
    -192.9895124944));
#637 = CARTESIAN_POINT('',(-401.5994174642,-63.94284210909,
    -194.8061273658));
#638 = CARTESIAN_POINT('',(-402.2946241125,-62.89942526807,
    -196.5714626849));
#639 = CARTESIAN_POINT('',(-402.9696624146,-61.80349294017,
    -198.2855846071));
#640 = CARTESIAN_POINT('',(-403.6245858006,-60.65773509954,
    -199.9486288077));
#641 = CARTESIAN_POINT('',(-404.8805804572,-58.29730346064,
    -203.1379707584));
#642 = CARTESIAN_POINT('',(-405.4824609963,-57.08476325988,
    -204.6663234808));
#643 = CARTESIAN_POINT('',(-406.0651704025,-55.82927048288,
    -206.1459950261));
#644 = CARTESIAN_POINT('',(-406.6287314564,-54.53302573277,
    -207.5770432408));
#645 = CARTESIAN_POINT('',(-407.1731525117,-53.19811738336,
    -208.9594893375));
#646 = CARTESIAN_POINT('',(-407.6984373372,-51.82652908882,
    -210.2933428862));
#647 = CARTESIAN_POINT('',(-408.2045900057,-50.42014036,-211.5786142295)
  );
#648 = CARTESIAN_POINT('',(-409.1210911979,-47.7113866871,
    -213.9058818535));
#649 = CARTESIAN_POINT('',(-409.5356827282,-46.41639764001,
    -214.9586523832));
#650 = CARTESIAN_POINT('',(-409.9353878835,-45.09698616711,
    -215.9736220034));
#651 = CARTESIAN_POINT('',(-410.3201965894,-43.75435265853,
    -216.9507651325));
#652 = CARTESIAN_POINT('',(-410.6900939586,-42.38966717728,
    -217.8900439668));
#653 = CARTESIAN_POINT('',(-411.0450629064,-41.00407069616,
    -218.7914151236));
#654 = CARTESIAN_POINT('',(-411.3850856618,-39.59867518751,
    -219.6548334767));
#655 = CARTESIAN_POINT('',(-411.9807312125,-36.98909469214,
    -221.1673537192));
#656 = CARTESIAN_POINT('',(-412.2409474333,-35.79066446576,
    -221.8281196747));
#657 = CARTESIAN_POINT('',(-412.4907816525,-34.57989997124,
    -222.4625226571));
#658 = CARTESIAN_POINT('',(-412.7302215209,-33.3574222998,
    -223.0705313081));
#659 = CARTESIAN_POINT('',(-412.9592539856,-32.12384554713,
    -223.6521124829));
#660 = CARTESIAN_POINT('',(-413.1778657542,-30.87977681126,
    -224.2072324277));
#661 = CARTESIAN_POINT('',(-413.3860437582,-29.62581619034,
    -224.7358579581));
#662 = CARTESIAN_POINT('',(-414.1195955587,-24.93933714873,
    -226.598562961));
#663 = CARTESIAN_POINT('',(-414.5786865855,-21.44796692316,
    -227.7643308751));
#664 = CARTESIAN_POINT('',(-414.9608316464,-17.90011159382,
    -228.7347102216));
#665 = CARTESIAN_POINT('',(-415.2657701328,-14.3073641829,
    -229.5090392378));
#666 = CARTESIAN_POINT('',(-415.4932880185,-10.68125239396,
    -230.0867744484));
#667 = CARTESIAN_POINT('',(-415.6432519603,-7.033211604588,
    -230.4675772554));
#668 = CARTESIAN_POINT('',(-415.7156047435,-3.374545289676,
    -230.6513023735));
#669 = CARTESIAN_POINT('',(-415.7048316912,4.110223974129,
    -230.6239464071));
#670 = CARTESIAN_POINT('',(-415.6143927293,7.93593839301,-230.3942951314
    ));
#671 = CARTESIAN_POINT('',(-415.4390395362,11.748022452318,
    -229.9490215054));
#672 = CARTESIAN_POINT('',(-415.178847338,15.533539312211,
    -229.2883165506));
#673 = CARTESIAN_POINT('',(-414.8339820057,19.279378972974,
    -228.4126014621));
#674 = CARTESIAN_POINT('',(-414.4047067801,22.972309265153,
    -227.3225446866));
#675 = CARTESIAN_POINT('',(-413.8913365145,26.599008760829,
    -226.0189457297));
#676 = CARTESIAN_POINT('',(-413.0784907357,31.42667447582,-223.954889861
    ));
#677 = CARTESIAN_POINT('',(-412.851942344,32.696893262902,
    -223.3796164825));
#678 = CARTESIAN_POINT('',(-412.6144807231,33.956065917208,
    -222.776631187));
#679 = CARTESIAN_POINT('',(-412.3661198478,35.203543488859,
    -222.1459694606));
#680 = CARTESIAN_POINT('',(-412.1068737981,36.438668357765,
    -221.4876670565));
#681 = CARTESIAN_POINT('',(-411.8367561832,37.660774194441,
    -220.8017585326));
#682 = CARTESIAN_POINT('',(-411.5557795664,38.869185920828,
    -220.0882757909));
#683 = CARTESIAN_POINT('',(-410.9134525427,41.497339758592,
    -218.4572174804));
#684 = CARTESIAN_POINT('',(-410.5473041789,42.910705347756,
    -217.5274584795));
#685 = CARTESIAN_POINT('',(-410.1655269387,44.302140469662,
    -216.5580131386));
#686 = CARTESIAN_POINT('',(-409.768137472,45.670431513558,
    -215.5489237368));
#687 = CARTESIAN_POINT('',(-409.3551515038,47.014328615472,
    -214.5002302042));
#688 = CARTESIAN_POINT('',(-408.9265819671,48.33254547899,
    -213.4119653815));
#689 = CARTESIAN_POINT('',(-408.4824357029,49.623757628218,
    -212.2841466402));
#690 = CARTESIAN_POINT('',(-407.5051451026,52.308314240468,
    -209.8025167276));
#691 = CARTESIAN_POINT('',(-406.9678515672,53.69402202143,
    -208.4381695123));
#692 = CARTESIAN_POINT('',(-406.4108134857,55.041810296825,
    -207.023685054));
#693 = CARTESIAN_POINT('',(-405.8340178685,56.349630169644,
    -205.5590303683));
#694 = CARTESIAN_POINT('',(-405.2374538449,57.615304815014,
    -204.0441778512));
#695 = CARTESIAN_POINT('',(-404.6211068771,58.836529068787,
    -202.4790905875));
#696 = CARTESIAN_POINT('',(-403.9849467154,60.010859774575,
    -200.8636917636));
#697 = CARTESIAN_POINT('',(-402.618201854,62.354270111114,
    -197.3931222833));
#698 = CARTESIAN_POINT('',(-401.8842629003,63.514591090169,
    -195.529434184));
#699 = CARTESIAN_POINT('',(-401.1269528319,64.613496033601,
    -193.6063999114));
#700 = CARTESIAN_POINT('',(-400.346195009,65.647365346386,
    -191.6238248543));
#701 = CARTESIAN_POINT('',(-399.541975538,66.612160931519,-189.581673733
    ));
#702 = CARTESIAN_POINT('',(-398.7143388656,67.50346030653,
    -187.4800594104));
#703 = CARTESIAN_POINT('',(-397.8633625567,68.316449340186,
    -185.3191788471));
#704 = CARTESIAN_POINT('',(-396.2517045655,69.661027050035,
    -181.2267024861));
#705 = CARTESIAN_POINT('',(-395.4979157585,70.216602073333,
    -179.3126097377));
#706 = CARTESIAN_POINT('',(-394.7277189332,70.709475765346,
    -177.3568521774));
#707 = CARTESIAN_POINT('',(-393.9413037162,71.136116932241,
    -175.3599113233));
#708 = CARTESIAN_POINT('',(-393.1390722072,71.492661875849,
    -173.3228082256));
#709 = CARTESIAN_POINT('',(-392.3216483996,71.775017901864,
    -171.2471273877));
#710 = CARTESIAN_POINT('',(-391.4898883457,71.978968221287,
    -169.1350425798));
#711 = CARTESIAN_POINT('',(-390.1668901871,72.168920922841,
    -165.7755589182));
#712 = CARTESIAN_POINT('',(-389.684703454,72.211102458368,
    -164.5511441741));
#713 = CARTESIAN_POINT('',(-389.19856922,72.226075661898,-163.3167055577
    ));
#714 = CARTESIAN_POINT('',(-388.7087808983,72.213087904628,
    -162.0729881318));
#715 = CARTESIAN_POINT('',(-388.2156935477,72.171415291643,
    -160.8208934955));
#716 = CARTESIAN_POINT('',(-387.7197267505,72.100389892154,
    -159.5614870925));
#717 = CARTESIAN_POINT('',(-387.2213684766,71.999431883834,
    -158.2960080229));
#718 = CARTESIAN_POINT('',(-386.4587183085,71.799166412922,
    -156.3594136577));
#719 = CARTESIAN_POINT('',(-386.1957552408,71.721880133109,
    -155.6916726453));
#720 = CARTESIAN_POINT('',(-385.9323740649,71.636163101023,
    -155.0228699329));
#721 = CARTESIAN_POINT('',(-385.6686637564,71.541960470829,
    -154.3532314553));
#722 = CARTESIAN_POINT('',(-385.404719003,71.439228967896,
    -153.6829976526));
#723 = CARTESIAN_POINT('',(-385.1406402762,71.327938635098,
    -153.0124236521));
#724 = CARTESIAN_POINT('',(-384.8765339041,71.208074579103,
    -152.3417794518));
#725 = CARTESIAN_POINT('',(-384.1024376458,70.831508193245,
    -150.3761200776));
#726 = CARTESIAN_POINT('',(-383.5926266206,70.551358949632,
    -149.0815590849));
#727 = CARTESIAN_POINT('',(-383.0839491456,70.239223473812,
    -147.7898765112));
#728 = CARTESIAN_POINT('',(-382.5772986342,69.895363167166,
    -146.5033409977));
#729 = CARTESIAN_POINT('',(-382.0735899145,69.520287524459,
    -145.2242755638));
#730 = CARTESIAN_POINT('',(-381.5737570949,69.114775607917,
    -143.9550521863));
#731 = CARTESIAN_POINT('',(-381.0787512143,68.679899815414,
    -142.698085835));
#732 = CARTESIAN_POINT('',(-380.0304116691,67.688059455321,
    -140.0360416354));
#733 = CARTESIAN_POINT('',(-379.4787276244,67.122411114374,
    -138.6351526602));
#734 = CARTESIAN_POINT('',(-378.9359647497,66.522187145955,
    -137.2569171745));
#735 = CARTESIAN_POINT('',(-378.4033708682,65.889784455455,
    -135.9045037707));
#736 = CARTESIAN_POINT('',(-377.881987007,65.227823490085,
    -134.5805559238));
#737 = CARTESIAN_POINT('',(-377.372669415,64.53906979586,-133.2872479039
    ));
#738 = CARTESIAN_POINT('',(-376.8761090174,63.826370269129,
    -132.026334174));
#739 = CARTESIAN_POINT('',(-376.146446804,62.718476683911,
    -130.1735059834));
#740 = CARTESIAN_POINT('',(-375.9034803165,62.338838212541,
    -129.5565422033));
#741 = CARTESIAN_POINT('',(-375.664008049,61.954047980444,
    -128.9484512814));
#742 = CARTESIAN_POINT('',(-375.4280742922,61.564455986138,
    -128.3493456847));
#743 = CARTESIAN_POINT('',(-375.1957097346,61.170401205246,
    -127.7593033404));
#744 = CARTESIAN_POINT('',(-374.9669327775,60.772209860984,
    -127.1783709751));
#745 = CARTESIAN_POINT('',(-374.7417508503,60.37019369466,
    -126.6065674542));
#746 = CARTESIAN_POINT('',(-374.0780987628,59.15559848193,
    -124.9213584987));
#747 = CARTESIAN_POINT('',(-373.6503580248,58.332545319239,
    -123.8351982411));
#748 = CARTESIAN_POINT('',(-373.2368840611,57.497778693164,
    -122.7852655435));
#749 = CARTESIAN_POINT('',(-372.8374912306,56.653363135617,
    -121.7710890082));
#750 = CARTESIAN_POINT('',(-372.4518960089,55.801121686027,
    -120.7919486829));
#751 = CARTESIAN_POINT('',(-372.0797426088,54.942625964874,
    -119.8469411186));
#752 = CARTESIAN_POINT('',(-371.7206219135,54.079192400079,
    -118.9350274471));
#753 = CARTESIAN_POINT('',(-370.8482183026,51.895760753329,
    -116.7197366258));
#754 = CARTESIAN_POINT('',(-370.3514465262,50.571013533035,
    -115.4582861427));
#755 = CARTESIAN_POINT('',(-369.8820981623,49.241173387919,
    -114.2664718157));
#756 = CARTESIAN_POINT('',(-369.4385768573,47.909062017901,
    -113.1402400306));
#757 = CARTESIAN_POINT('',(-369.0193558885,46.576855083439,
    -112.075713987));
#758 = CARTESIAN_POINT('',(-368.6229772392,45.246130869452,
    -111.0691913495));
#759 = CARTESIAN_POINT('',(-368.2480539972,43.917904909997,
    -110.1171503374));
#760 = CARTESIAN_POINT('',(-367.2008284808,40.006048875618,
    -107.4579349864));
#761 = CARTESIAN_POINT('',(-366.5856666946,37.432801076443,
    -105.8958572492));
#762 = CARTESIAN_POINT('',(-366.0378060716,34.876271579871,
    -104.5046770726));
#763 = CARTESIAN_POINT('',(-365.5501322246,32.338323618776,
    -103.2663289235));
#764 = CARTESIAN_POINT('',(-365.1168452284,29.819481455272,
    -102.1660850758));
#765 = CARTESIAN_POINT('',(-364.7332723121,27.319002711952,
    -101.1920799821));
#766 = CARTESIAN_POINT('',(-364.3955476783,24.834902820942,
    -100.3344972393));
#767 = CARTESIAN_POINT('',(-363.7614923117,19.523185862894,
    -98.72444311275));
#768 = CARTESIAN_POINT('',(-363.4791553991,16.70179986913,
    -98.00750617767));
#769 = CARTESIAN_POINT('',(-363.2489412938,13.896372117349,
    -97.42292446797));
#770 = CARTESIAN_POINT('',(-363.0677053238,11.103853367118,
    -96.96271273131));
#771 = CARTESIAN_POINT('',(-362.9332211795,8.321219802664,
    -96.62121770933));
#772 = CARTESIAN_POINT('',(-362.8440520047,5.545344797437,
    -96.39479079848));
#773 = CARTESIAN_POINT('',(-362.7994564422,2.772862768891,
    -96.28154947409));
#774 = CARTESIAN_POINT('',(-362.7994564422,-1.768389977969E-14,
    -96.28154947409));
#775 = PCURVE('',#446,#776);
#776 = DEFINITIONAL_REPRESENTATION('',(#777),#1067);
#777 = B_SPLINE_CURVE_WITH_KNOTS('',3,(#778,#779,#780,#781,#782,#783,
    #784,#785,#786,#787,#788,#789,#790,#791,#792,#793,#794,#795,#796,
    #797,#798,#799,#800,#801,#802,#803,#804,#805,#806,#807,#808,#809,
    #810,#811,#812,#813,#814,#815,#816,#817,#818,#819,#820,#821,#822,
    #823,#824,#825,#826,#827,#828,#829,#830,#831,#832,#833,#834,#835,
    #836,#837,#838,#839,#840,#841,#842,#843,#844,#845,#846,#847,#848,
    #849,#850,#851,#852,#853,#854,#855,#856,#857,#858,#859,#860,#861,
    #862,#863,#864,#865,#866,#867,#868,#869,#870,#871,#872,#873,#874,
    #875,#876,#877,#878,#879,#880,#881,#882,#883,#884,#885,#886,#887,
    #888,#889,#890,#891,#892,#893,#894,#895,#896,#897,#898,#899,#900,
    #901,#902,#903,#904,#905,#906,#907,#908,#909,#910,#911,#912,#913,
    #914,#915,#916,#917,#918,#919,#920,#921,#922,#923,#924,#925,#926,
    #927,#928,#929,#930,#931,#932,#933,#934,#935,#936,#937,#938,#939,
    #940,#941,#942,#943,#944,#945,#946,#947,#948,#949,#950,#951,#952,
    #953,#954,#955,#956,#957,#958,#959,#960,#961,#962,#963,#964,#965,
    #966,#967,#968,#969,#970,#971,#972,#973,#974,#975,#976,#977,#978,
    #979,#980,#981,#982,#983,#984,#985,#986,#987,#988,#989,#990,#991,
    #992,#993,#994,#995,#996,#997,#998,#999,#1000,#1001,#1002,#1003,
    #1004,#1005,#1006,#1007,#1008,#1009,#1010,#1011,#1012,#1013,#1014,
    #1015,#1016,#1017,#1018,#1019,#1020,#1021,#1022,#1023,#1024,#1025,
    #1026,#1027,#1028,#1029,#1030,#1031,#1032,#1033,#1034,#1035,#1036,
    #1037,#1038,#1039,#1040,#1041,#1042,#1043,#1044,#1045,#1046,#1047,
    #1048,#1049,#1050,#1051,#1052,#1053,#1054,#1055,#1056,#1057,#1058,
    #1059,#1060,#1061,#1062,#1063,#1064,#1065,#1066),.UNSPECIFIED.,.F.,
  .F.,(4,1,1,1,1,1,1,1,1,1,1,1,1,1,1,1,1,1,1,1,1,1,1,1,1,1,1,1,1,1,1,1,1
    ,1,1,1,1,1,1,1,1,1,1,1,1,1,1,1,1,1,1,1,1,1,1,1,1,1,1,1,1,1,1,1,1,1,1
    ,1,1,1,1,1,1,1,1,1,1,1,1,1,1,1,1,1,1,1,1,1,1,1,1,1,1,1,1,1,1,1,1,1,1
    ,1,1,1,1,1,1,1,1,1,1,1,1,1,1,1,1,1,1,1,1,1,1,1,1,1,1,1,1,1,1,1,1,1,1
    ,1,1,1,1,1,1,1,1,1,1,1,1,1,1,1,1,1,1,1,1,1,1,1,1,1,1,1,1,1,1,1,1,1,1
    ,1,1,1,1,1,1,1,1,1,1,1,1,1,1,1,1,1,1,1,1,1,1,1,1,1,1,1,1,1,1,1,1,1,1
    ,1,1,1,1,1,1,1,1,1,1,1,1,1,1,1,1,1,1,1,1,1,1,1,1,1,1,1,1,1,1,1,1,1,1
    ,1,1,1,1,1,1,1,1,1,1,1,1,1,1,1,1,1,1,1,1,1,1,1,1,1,1,1,1,1,1,1,1,1,1
    ,1,1,1,1,1,1,1,1,1,1,1,1,1,1,1,4),(0.,5.266356000736E-03,
    1.053271200147E-02,1.579906800221E-02,2.106542400294E-02,
    2.633178000368E-02,3.159813600442E-02,3.686449200515E-02,
    4.213084800589E-02,4.739720400663E-02,5.266356000736E-02,
    5.79299160081E-02,6.319627200883E-02,6.846262800957E-02,
    7.372898401031E-02,7.899534001104E-02,8.426169601178E-02,
    8.952805201251E-02,9.479440801325E-02,0.100060764014,0.105327120015,
    0.110593476015,0.115859832016,0.121126188017,0.126392544018,
    0.131658900018,0.136925256019,0.14219161202,0.147457968021,
    0.152724324021,0.157990680022,0.163257036023,0.168523392024,
    0.173789748024,0.179056104025,0.184322460026,0.189588816027,
    0.194855172027,0.200121528028,0.205387884029,0.210654240029,
    0.21592059603,0.221186952031,0.226453308032,0.231719664032,
    0.236986020033,0.242252376034,0.247518732035,0.252785088035,
    0.258051444036,0.263317800037,0.268584156038,0.273850512038,
    0.279116868039,0.28438322404,0.28964958004,0.294915936041,
    0.300182292042,0.305448648043,0.310715004043,0.315981360044,
    0.321247716045,0.326514072046,0.331780428046,0.337046784047,
    0.342313140048,0.347579496049,0.352845852049,0.35811220805,
    0.363378564051,0.368644920052,0.373911276052,0.379177632053,
    0.384443988054,0.389710344054,0.394976700055,0.400243056056,
    0.405509412057,0.410775768057,0.416042124058,0.421308480059,
    0.42657483606,0.43184119206,0.437107548061,0.442373904062,
    0.447640260063,0.452906616063,0.458172972064,0.463439328065,
    0.468705684066,0.473972040066,0.479238396067,0.484504752068,
    0.489771108068,0.495037464069,0.50030382007,0.505570176071,
    0.510836532071,0.516102888072,0.521369244073,0.526635600074,
    0.531901956074,0.537168312075,0.542434668076,0.547701024077,
    0.552967380077,0.558233736078,0.563500092079,0.56876644808,
    0.57403280408,0.579299160081,0.584565516082,0.589831872082,
    0.595098228083,0.600364584084,0.605630940085,0.610897296085,
    0.616163652086,0.621430008087,0.626696364088,0.631962720088,
    0.637229076089,0.64249543209,0.647761788091,0.653028144091,
    0.658294500092,0.663560856093,0.668827212093,0.674093568094,
    0.679359924095,0.684626280096,0.689892636096,0.695158992097,
    0.700425348098,0.705691704099,0.710958060099,0.7162244161,
    0.721490772101,0.726757128102,0.732023484102,0.737289840103,
    0.742556196104,0.747822552105,0.753088908105,0.758355264106,
    0.763621620107,0.768887976107,0.774154332108,0.779420688109,
    0.78468704411,0.78995340011,0.795219756111,0.800486112112,
    0.805752468113,0.811018824113,0.816285180114,0.821551536115,
    0.826817892116,0.832084248116,0.837350604117,0.842616960118,
    0.847883316119,0.853149672119,0.85841602812,0.863682384121,
    0.868948740121,0.874215096122,0.879481452123,0.884747808124,
    0.890014164124,0.895280520125,0.900546876126,0.905813232127,
    0.911079588127,0.916345944128,0.921612300129,0.92687865613,
    0.93214501213,0.937411368131,0.942677724132,0.947944080133,
    0.953210436133,0.958476792134,0.963743148135,0.969009504135,
    0.974275860136,0.979542216137,0.984808572138,0.990074928138,
    0.995341284139,1.00060764014,1.005873996141,1.011140352141,
    1.016406708142,1.021673064143,1.026939420144,1.032205776144,
    1.037472132145,1.042738488146,1.048004844146,1.053271200147,
    1.058537556148,1.063803912149,1.069070268149,1.07433662415,
    1.079602980151,1.084869336152,1.090135692152,1.095402048153,
    1.100668404154,1.105934760155,1.111201116155,1.116467472156,
    1.121733828157,1.127000184158,1.132266540158,1.137532896159,
    1.14279925216,1.14806560816,1.153331964161,1.158598320162,
    1.163864676163,1.169131032163,1.174397388164,1.179663744165,
    1.184930100166,1.190196456166,1.195462812167,1.200729168168,
    1.205995524169,1.211261880169,1.21652823617,1.221794592171,
    1.227060948172,1.232327304172,1.237593660173,1.242860016174,
    1.248126372174,1.253392728175,1.258659084176,1.263925440177,
    1.269191796177,1.274458152178,1.279724508179,1.28499086418,
    1.29025722018,1.295523576181,1.300789932182,1.306056288183,
    1.311322644183,1.316589000184,1.321855356185,1.327121712186,
    1.332388068186,1.337654424187,1.342920780188,1.348187136188,
    1.353453492189,1.35871984819,1.363986204191,1.369252560191,
    1.374518916192,1.379785272193,1.385051628194,1.390317984194,
    1.395584340195,1.400850696196,1.406117052197,1.411383408197,
    1.416649764198,1.421916120199,1.427182476199,1.4324488322,
    1.437715188201,1.442981544202,1.448247900202,1.453514256203,
    1.458780612204,1.464046968205,1.469313324205,1.474579680206,
    1.479846036207,1.485112392208,1.490378748208,1.495645104209,
    1.50091146021,1.506177816211),.QUASI_UNIFORM_KNOTS.);
#778 = CARTESIAN_POINT('',(2.512707692998E-14,0.893040314334));
#779 = CARTESIAN_POINT('',(0.631206145917,0.893040305774));
#780 = CARTESIAN_POINT('',(1.893584761015,0.893011495499));
#781 = CARTESIAN_POINT('',(3.786875058042,0.892881750976));
#782 = CARTESIAN_POINT('',(5.679714003574,0.892665367745));
#783 = CARTESIAN_POINT('',(7.571917828344,0.892362096072));
#784 = CARTESIAN_POINT('',(9.463295947295,0.891971595165));
#785 = CARTESIAN_POINT('',(11.353649862599,0.89149342014));
#786 = CARTESIAN_POINT('',(13.24277322169,0.890927024967));
#787 = CARTESIAN_POINT('',(15.13045155879,0.89027176049));
#788 = CARTESIAN_POINT('',(17.016462111475,0.889526873128));
#789 = CARTESIAN_POINT('',(18.900573605034,0.888691502736));
#790 = CARTESIAN_POINT('',(20.782546031188,0.887764680011));
#791 = CARTESIAN_POINT('',(22.662130412139,0.886745323311));
#792 = CARTESIAN_POINT('',(24.539068549583,0.885632234856));
#793 = CARTESIAN_POINT('',(26.413092758627,0.884424096279));
#794 = CARTESIAN_POINT('',(28.283925575237,0.883119463439));
#795 = CARTESIAN_POINT('',(30.151279468765,0.881716760427));
#796 = CARTESIAN_POINT('',(32.014856427944,0.880214272793));
#797 = CARTESIAN_POINT('',(33.874347895191,0.878610139377));
#798 = CARTESIAN_POINT('',(35.729433257441,0.876902344675));
#799 = CARTESIAN_POINT('',(37.579783557415,0.875088704009));
#800 = CARTESIAN_POINT('',(39.425045528285,0.873166869842));
#801 = CARTESIAN_POINT('',(41.264898837653,0.871134252822));
#802 = CARTESIAN_POINT('',(43.098836546024,0.868988257889));
#803 = CARTESIAN_POINT('',(44.926380295314,0.866726056289));
#804 = CARTESIAN_POINT('',(46.747110131692,0.864344508037));
#805 = CARTESIAN_POINT('',(48.560534548718,0.861840299727));
#806 = CARTESIAN_POINT('',(50.366124375639,0.85920989265));
#807 = CARTESIAN_POINT('',(52.163302674126,0.856449519628));
#808 = CARTESIAN_POINT('',(53.951446235587,0.853555166302));
#809 = CARTESIAN_POINT('',(55.729884024914,0.850522552955));
#810 = CARTESIAN_POINT('',(57.497895455573,0.847347114306));
#811 = CARTESIAN_POINT('',(59.254711456552,0.844023968835));
#812 = CARTESIAN_POINT('',(60.99950343904,0.840547911469));
#813 = CARTESIAN_POINT('',(62.731416598226,0.836913300201));
#814 = CARTESIAN_POINT('',(64.449359690604,0.833114482585));
#815 = CARTESIAN_POINT('',(66.152312126816,0.829145120445));
#816 = CARTESIAN_POINT('',(67.83911601707,0.824998568658));
#817 = CARTESIAN_POINT('',(69.508493030792,0.820667826202));
#818 = CARTESIAN_POINT('',(71.159036661558,0.81614552451));
#819 = CARTESIAN_POINT('',(72.789218442914,0.811423870726));
#820 = CARTESIAN_POINT('',(74.397360636511,0.806494699557));
#821 = CARTESIAN_POINT('',(75.981726834567,0.801349101287));
#822 = CARTESIAN_POINT('',(77.540026242556,0.795979089331));
#823 = CARTESIAN_POINT('',(79.070268277231,0.790374754636));
#824 = CARTESIAN_POINT('',(80.570128228859,0.784526201352));
#825 = CARTESIAN_POINT('',(82.03699495406,0.778423518303));
#826 = CARTESIAN_POINT('',(83.467972727587,0.772056856005));
#827 = CARTESIAN_POINT('',(84.859897678804,0.76541647856));
#828 = CARTESIAN_POINT('',(86.209349452092,0.758492851651));
#829 = CARTESIAN_POINT('',(87.512676697393,0.751276663448));
#830 = CARTESIAN_POINT('',(88.765982761782,0.74375914109));
#831 = CARTESIAN_POINT('',(89.965268730787,0.735931326293));
#832 = CARTESIAN_POINT('',(91.105984002109,0.727787412608));
#833 = CARTESIAN_POINT('',(92.183345933534,0.719323970349));
#834 = CARTESIAN_POINT('',(93.192591472423,0.710538810394));
#835 = CARTESIAN_POINT('',(94.12885975296,0.70143281292));
#836 = CARTESIAN_POINT('',(94.987340782718,0.69201009826));
#837 = CARTESIAN_POINT('',(95.763372040878,0.682278806075));
#838 = CARTESIAN_POINT('',(96.452651778223,0.672250547001));
#839 = CARTESIAN_POINT('',(97.051298486394,0.661941664842));
#840 = CARTESIAN_POINT('',(97.556039438707,0.651373259384));
#841 = CARTESIAN_POINT('',(97.964425605956,0.640569250525));
#842 = CARTESIAN_POINT('',(98.274848004416,0.629557591031));
#843 = CARTESIAN_POINT('',(98.486659098349,0.61836859814));
#844 = CARTESIAN_POINT('',(98.60017428495,0.607034312623));
#845 = CARTESIAN_POINT('',(98.616650359454,0.595588171461));
#846 = CARTESIAN_POINT('',(98.538215613818,0.584062343507));
#847 = CARTESIAN_POINT('',(98.367728296568,0.572488149083));
#848 = CARTESIAN_POINT('',(98.108693538109,0.560896679605));
#849 = CARTESIAN_POINT('',(97.765073637507,0.549315343439));
#850 = CARTESIAN_POINT('',(97.341118891234,0.537768472396));
#851 = CARTESIAN_POINT('',(96.841277460148,0.52627834307));
#852 = CARTESIAN_POINT('',(96.270092308013,0.5148649044));
#853 = CARTESIAN_POINT('',(95.632035334464,0.503544517326));
#854 = CARTESIAN_POINT('',(94.93147510646,0.492331274908));
#855 = CARTESIAN_POINT('',(94.172633239558,0.48123724209));
#856 = CARTESIAN_POINT('',(93.359544638144,0.470272593382));
#857 = CARTESIAN_POINT('',(92.495991489096,0.459445342047));
#858 = CARTESIAN_POINT('',(91.585582135607,0.448762727899));
#859 = CARTESIAN_POINT('',(90.631675425711,0.438230425131));
#860 = CARTESIAN_POINT('',(89.637284144732,0.427851853537));
#861 = CARTESIAN_POINT('',(88.605260569433,0.417630364979));
#862 = CARTESIAN_POINT('',(87.538251749373,0.407568661602));
#863 = CARTESIAN_POINT('',(86.438714774374,0.397668947818));
#864 = CARTESIAN_POINT('',(85.308916852093,0.387932900293));
#865 = CARTESIAN_POINT('',(84.150932891138,0.378361645891));
#866 = CARTESIAN_POINT('',(82.966664867437,0.368955903533));
#867 = CARTESIAN_POINT('',(81.757773067059,0.359715476196));
#868 = CARTESIAN_POINT('',(80.525943996397,0.350641263582));
#869 = CARTESIAN_POINT('',(79.272706719052,0.341733695261));
#870 = CARTESIAN_POINT('',(77.999401505313,0.332992563129));
#871 = CARTESIAN_POINT('',(76.70730069024,0.324417854641));
#872 = CARTESIAN_POINT('',(75.397581849873,0.316009499644));
#873 = CARTESIAN_POINT('',(74.071339554821,0.307767413214));
#874 = CARTESIAN_POINT('',(72.729586675886,0.299691467671));
#875 = CARTESIAN_POINT('',(71.373255530123,0.291781475576));
#876 = CARTESIAN_POINT('',(70.003207167443,0.284037220272));
#877 = CARTESIAN_POINT('',(68.620205724317,0.276458302914));
#878 = CARTESIAN_POINT('',(67.22502382137,0.269044699042));
#879 = CARTESIAN_POINT('',(65.818383846448,0.261796383454));
#880 = CARTESIAN_POINT('',(64.400920596154,0.254713132959));
#881 = CARTESIAN_POINT('',(62.97324405119,0.247794842128));
#882 = CARTESIAN_POINT('',(61.535924450762,0.241041423281));
#883 = CARTESIAN_POINT('',(60.089497924283,0.234452819692));
#884 = CARTESIAN_POINT('',(58.634466684683,0.228028991554));
#885 = CARTESIAN_POINT('',(57.171299502369,0.221769907536));
#886 = CARTESIAN_POINT('',(55.700435568996,0.21567555108));
#887 = CARTESIAN_POINT('',(54.222273580744,0.209745872009));
#888 = CARTESIAN_POINT('',(52.737221217134,0.203980973965));
#889 = CARTESIAN_POINT('',(51.245649990924,0.198380916869));
#890 = CARTESIAN_POINT('',(49.747906560265,0.192945762057));
#891 = CARTESIAN_POINT('',(48.244322461397,0.187675600843));
#892 = CARTESIAN_POINT('',(46.735212145439,0.182570539735));
#893 = CARTESIAN_POINT('',(45.220874125166,0.177630698343));
#894 = CARTESIAN_POINT('',(43.701591103571,0.172856204548));
#895 = CARTESIAN_POINT('',(42.177630777503,0.168247192602));
#896 = CARTESIAN_POINT('',(40.649244656737,0.163803796943));
#897 = CARTESIAN_POINT('',(39.116684028817,0.159526193181));
#898 = CARTESIAN_POINT('',(37.580180350696,0.155414536661));
#899 = CARTESIAN_POINT('',(36.039957458804,0.151468994182));
#900 = CARTESIAN_POINT('',(34.49622990645,0.147689736162));
#901 = CARTESIAN_POINT('',(32.949203284595,0.144076934924));
#902 = CARTESIAN_POINT('',(31.399075894213,0.140630765175));
#903 = CARTESIAN_POINT('',(29.84603301551,0.13735138961));
#904 = CARTESIAN_POINT('',(28.290277675098,0.134239019105));
#905 = CARTESIAN_POINT('',(26.731978804714,0.131293802336));
#906 = CARTESIAN_POINT('',(25.171302244629,0.128515893478));
#907 = CARTESIAN_POINT('',(23.608410083852,0.125905446956));
#908 = CARTESIAN_POINT('',(22.043460987352,0.123462615828));
#909 = CARTESIAN_POINT('',(20.476610257252,0.121187549538));
#910 = CARTESIAN_POINT('',(18.908009963091,0.119080392164));
#911 = CARTESIAN_POINT('',(17.337809050781,0.117141280851));
#912 = CARTESIAN_POINT('',(15.766153453908,0.11537034451));
#913 = CARTESIAN_POINT('',(14.193186200644,0.113767702728));
#914 = CARTESIAN_POINT('',(12.619047517426,0.112333464914));
#915 = CARTESIAN_POINT('',(11.043874929559,0.111067729643));
#916 = CARTESIAN_POINT('',(9.467803355376,0.10997058421));
#917 = CARTESIAN_POINT('',(7.890965205955,0.109042104377));
#918 = CARTESIAN_POINT('',(6.3134904447,0.108282354291));
#919 = CARTESIAN_POINT('',(4.735506776894,0.107691386596));
#920 = CARTESIAN_POINT('',(3.157139334028,0.107269242663));
#921 = CARTESIAN_POINT('',(1.578512223471,0.107015953115));
#922 = CARTESIAN_POINT('',(-2.569033734123E-04,0.106931537989));
#923 = CARTESIAN_POINT('',(-1.579036247064,0.107016008919));
#924 = CARTESIAN_POINT('',(-3.157661925385,0.107269354593));
#925 = CARTESIAN_POINT('',(-4.736025522074,0.107691553208));
#926 = CARTESIAN_POINT('',(-6.314002227426,0.108282573603));
#927 = CARTESIAN_POINT('',(-7.891468620373,0.10904237412));
#928 = CARTESIAN_POINT('',(-9.46829781148,0.109970902242));
#929 = CARTESIAN_POINT('',(-11.04436064664,0.111068094207));
#930 = CARTESIAN_POINT('',(-12.61952528127,0.112333874824));
#931 = CARTESIAN_POINT('',(-14.19365718532,0.113768157444));
#932 = CARTESIAN_POINT('',(-15.76661902724,0.11537084411));
#933 = CARTESIAN_POINT('',(-17.33827058468,0.117141825897));
#934 = CARTESIAN_POINT('',(-18.90846864231,0.119080983456));
#935 = CARTESIAN_POINT('',(-20.47706688809,0.121188187756));
#936 = CARTESIAN_POINT('',(-22.04391580367,0.123463301059));
#937 = CARTESIAN_POINT('',(-23.6088625557,0.125906178129));
#938 = CARTESIAN_POINT('',(-25.1717508672,0.128516667641));
#939 = CARTESIAN_POINT('',(-26.73242094717,0.131294613998));
#940 = CARTESIAN_POINT('',(-28.29070918911,0.134239858869));
#941 = CARTESIAN_POINT('',(-29.84644872027,0.13735224499));
#942 = CARTESIAN_POINT('',(-31.39946676619,0.140631612837));
#943 = CARTESIAN_POINT('',(-32.94959389408,0.144077825293));
#944 = CARTESIAN_POINT('',(-34.49661878526,0.147690665986));
#945 = CARTESIAN_POINT('',(-36.04034405284,0.151469962308));
#946 = CARTESIAN_POINT('',(-37.58056507037,0.155415544328));
#947 = CARTESIAN_POINT('',(-39.11706728824,0.159527241158));
#948 = CARTESIAN_POINT('',(-40.64962682623,0.16380488577));
#949 = CARTESIAN_POINT('',(-42.17800935926,0.168248315061));
#950 = CARTESIAN_POINT('',(-43.70197253866,0.172857380481));
#951 = CARTESIAN_POINT('',(-45.22125595837,0.177631921131));
#952 = CARTESIAN_POINT('',(-46.73558927761,0.182571792887));
#953 = CARTESIAN_POINT('',(-48.24469483988,0.187676883298));
#954 = CARTESIAN_POINT('',(-49.74827536555,0.192947077492));
#955 = CARTESIAN_POINT('',(-51.24601683073,0.198382271051));
#956 = CARTESIAN_POINT('',(-52.73758694363,0.203982370335));
#957 = CARTESIAN_POINT('',(-54.222635699,0.209747301395));
#958 = CARTESIAN_POINT('',(-55.70079166509,0.215677002375));
#959 = CARTESIAN_POINT('',(-57.17167291936,0.221771478665));
#960 = CARTESIAN_POINT('',(-58.63484225056,0.228030624352));
#961 = CARTESIAN_POINT('',(-60.08986170804,0.234454452039));
#962 = CARTESIAN_POINT('',(-61.53627482996,0.241043044651));
#963 = CARTESIAN_POINT('',(-62.97358406785,0.247796464433));
#964 = CARTESIAN_POINT('',(-64.40125576598,0.254714782171));
#965 = CARTESIAN_POINT('',(-65.8187177498,0.261798077979));
#966 = CARTESIAN_POINT('',(-67.22535774999,0.269046446913));
#967 = CARTESIAN_POINT('',(-68.62052471743,0.276460025086));
#968 = CARTESIAN_POINT('',(-70.00351659205,0.284038940272));
#969 = CARTESIAN_POINT('',(-71.37361822283,0.291783555408));
#970 = CARTESIAN_POINT('',(-72.72994635643,0.299693600267));
#971 = CARTESIAN_POINT('',(-74.07164798523,0.307769302982));
#972 = CARTESIAN_POINT('',(-75.39783411723,0.316011096414));
#973 = CARTESIAN_POINT('',(-76.70750900123,0.32441921643));
#974 = CARTESIAN_POINT('',(-77.99958679357,0.332993814418));
#975 = CARTESIAN_POINT('',(-79.27288417637,0.341734934219));
#976 = CARTESIAN_POINT('',(-80.52611920577,0.350642532721));
#977 = CARTESIAN_POINT('',(-81.75790625522,0.359716480303));
#978 = CARTESIAN_POINT('',(-82.96675679144,0.368956620557));
#979 = CARTESIAN_POINT('',(-84.1510566255,0.378362638803));
#980 = CARTESIAN_POINT('',(-85.3091267648,0.387934665298));
#981 = CARTESIAN_POINT('',(-86.43891502987,0.397670715758));
#982 = CARTESIAN_POINT('',(-87.53841287682,0.40757014978));
#983 = CARTESIAN_POINT('',(-88.60540331808,0.417631742937));
#984 = CARTESIAN_POINT('',(-89.63744348478,0.427853466394));
#985 = CARTESIAN_POINT('',(-90.63187230844,0.438232526753));
#986 = CARTESIAN_POINT('',(-91.58581029777,0.448765321625));
#987 = CARTESIAN_POINT('',(-92.49616551696,0.459447473793));
#988 = CARTESIAN_POINT('',(-93.3596233071,0.470273633815));
#989 = CARTESIAN_POINT('',(-94.17269651113,0.48123812559));
#990 = CARTESIAN_POINT('',(-94.93154160765,0.492332287077));
#991 = CARTESIAN_POINT('',(-95.63210454617,0.503545675323));
#992 = CARTESIAN_POINT('',(-96.27017040535,0.51486635813));
#993 = CARTESIAN_POINT('',(-96.84135258564,0.526279952709));
#994 = CARTESIAN_POINT('',(-97.34117379431,0.537769850819));
#995 = CARTESIAN_POINT('',(-97.76511979587,0.54931671955));
#996 = CARTESIAN_POINT('',(-98.10873144598,0.560898157561));
#997 = CARTESIAN_POINT('',(-98.3677437528,0.572489061077));
#998 = CARTESIAN_POINT('',(-98.53822101542,0.584062888199));
#999 = CARTESIAN_POINT('',(-98.61665111652,0.595588590194));
#1000 = CARTESIAN_POINT('',(-98.60017241513,0.607034525172));
#1001 = CARTESIAN_POINT('',(-98.48665899253,0.618368525383));
#1002 = CARTESIAN_POINT('',(-98.27485728401,0.629557186073));
#1003 = CARTESIAN_POINT('',(-97.96443354484,0.640569032047));
#1004 = CARTESIAN_POINT('',(-97.55604302425,0.651373181536));
#1005 = CARTESIAN_POINT('',(-97.05130419802,0.661941541152));
#1006 = CARTESIAN_POINT('',(-96.45267185181,0.67225023967));
#1007 = CARTESIAN_POINT('',(-95.76335509664,0.682279067112));
#1008 = CARTESIAN_POINT('',(-94.98729542903,0.692010618319));
#1009 = CARTESIAN_POINT('',(-94.12886229096,0.701432765574));
#1010 = CARTESIAN_POINT('',(-93.19262740219,0.710538472664));
#1011 = CARTESIAN_POINT('',(-92.18341425426,0.719323394567));
#1012 = CARTESIAN_POINT('',(-91.10612312479,0.727786347268));
#1013 = CARTESIAN_POINT('',(-89.9655273165,0.735929547008));
#1014 = CARTESIAN_POINT('',(-88.76624488899,0.74375752646));
#1015 = CARTESIAN_POINT('',(-87.51272689367,0.75127640983));
#1016 = CARTESIAN_POINT('',(-86.20920077723,0.758493668593));
#1017 = CARTESIAN_POINT('',(-84.85957222438,0.76541810262));
#1018 = CARTESIAN_POINT('',(-83.46757725502,0.772058676295));
#1019 = CARTESIAN_POINT('',(-82.03663288847,0.77842507203));
#1020 = CARTESIAN_POINT('',(-80.56974744816,0.784527739071));
#1021 = CARTESIAN_POINT('',(-79.0697795461,0.790376611404));
#1022 = CARTESIAN_POINT('',(-77.53936429922,0.795981453538));
#1023 = CARTESIAN_POINT('',(-75.98092927233,0.801351767707));
#1024 = CARTESIAN_POINT('',(-74.39668424483,0.806496823855));
#1025 = CARTESIAN_POINT('',(-72.78862687502,0.811425627431));
#1026 = CARTESIAN_POINT('',(-71.15851162026,0.816147003493));
#1027 = CARTESIAN_POINT('',(-69.50795015937,0.82066926812));
#1028 = CARTESIAN_POINT('',(-67.83883584412,0.824999261275));
#1029 = CARTESIAN_POINT('',(-66.15233560777,0.829145051356));
#1030 = CARTESIAN_POINT('',(-64.44968231769,0.833113739385));
#1031 = CARTESIAN_POINT('',(-62.73199703637,0.836912040179));
#1032 = CARTESIAN_POINT('',(-61.00034062653,0.840546192546));
#1033 = CARTESIAN_POINT('',(-59.255703313,0.844022039729));
#1034 = CARTESIAN_POINT('',(-57.49901036871,0.847345056039));
#1035 = CARTESIAN_POINT('',(-55.73112306101,0.850520380882));
#1036 = CARTESIAN_POINT('',(-53.95284051873,0.853552844856));
#1037 = CARTESIAN_POINT('',(-52.16490106644,0.856446992929));
#1038 = CARTESIAN_POINT('',(-50.36798345651,0.859207104171));
#1039 = CARTESIAN_POINT('',(-48.56270795877,0.861837208801));
#1040 = CARTESIAN_POINT('',(-46.74963722081,0.86434110303));
#1041 = CARTESIAN_POINT('',(-44.92927742799,0.866722361356));
#1042 = CARTESIAN_POINT('',(-43.10207783752,0.868984348998));
#1043 = CARTESIAN_POINT('',(-41.2684359306,0.871130225157));
#1044 = CARTESIAN_POINT('',(-39.42868117711,0.873162972182));
#1045 = CARTESIAN_POINT('',(-37.58313821637,0.875085319523));
#1046 = CARTESIAN_POINT('',(-35.73260934815,0.876899330162));
#1047 = CARTESIAN_POINT('',(-33.87734097159,0.878607474965));
#1048 = CARTESIAN_POINT('',(-32.01768469607,0.880211916379));
#1049 = CARTESIAN_POINT('',(-30.15394973664,0.881714684502));
#1050 = CARTESIAN_POINT('',(-28.28644303853,0.883117643293));
#1051 = CARTESIAN_POINT('',(-26.41545904626,0.884422511482));
#1052 = CARTESIAN_POINT('',(-24.54128291919,0.885630867424));
#1053 = CARTESIAN_POINT('',(-22.66419010435,0.886744156983));
#1054 = CARTESIAN_POINT('',(-20.784446851,0.887763699457));
#1055 = CARTESIAN_POINT('',(-18.90231044318,0.888690692978));
#1056 = CARTESIAN_POINT('',(-17.01802948204,0.889526219102));
#1057 = CARTESIAN_POINT('',(-15.13184413218,0.890271246744));
#1058 = CARTESIAN_POINT('',(-13.24398635818,0.890926635486));
#1059 = CARTESIAN_POINT('',(-11.35468014497,0.891493138293));
#1060 = CARTESIAN_POINT('',(-9.464141712333,0.891971403762));
#1061 = CARTESIAN_POINT('',(-7.572579698445,0.89236197754));
#1062 = CARTESIAN_POINT('',(-5.680195412313,0.892665304407));
#1063 = CARTESIAN_POINT('',(-3.787182791239,0.892881725477));
#1064 = CARTESIAN_POINT('',(-1.893729429614,0.893011491263));
#1065 = CARTESIAN_POINT('',(-0.631252203999,0.893040305843));
#1066 = CARTESIAN_POINT('',(3.126760741054E-14,0.893040314334));
#1067 = ( GEOMETRIC_REPRESENTATION_CONTEXT(2)
PARAMETRIC_REPRESENTATION_CONTEXT() REPRESENTATION_CONTEXT('2D SPACE',''
  ) );
#1068 = PCURVE('',#1069,#1074);
#1069 = CYLINDRICAL_SURFACE('',#1070,72.2);
#1070 = AXIS2_PLACEMENT_3D('',#1071,#1072,#1073);
#1071 = CARTESIAN_POINT('',(-378.0896065607,0.,-167.8570432506));
#1072 = DIRECTION('',(-0.930449453267,0.,0.366420270884));
#1073 = DIRECTION('',(0.366420270884,0.,0.930449453267));
#1074 = DEFINITIONAL_REPRESENTATION('',(#1075),#1365);
#1075 = B_SPLINE_CURVE_WITH_KNOTS('',3,(#1076,#1077,#1078,#1079,#1080,
    #1081,#1082,#1083,#1084,#1085,#1086,#1087,#1088,#1089,#1090,#1091,
    #1092,#1093,#1094,#1095,#1096,#1097,#1098,#1099,#1100,#1101,#1102,
    #1103,#1104,#1105,#1106,#1107,#1108,#1109,#1110,#1111,#1112,#1113,
    #1114,#1115,#1116,#1117,#1118,#1119,#1120,#1121,#1122,#1123,#1124,
    #1125,#1126,#1127,#1128,#1129,#1130,#1131,#1132,#1133,#1134,#1135,
    #1136,#1137,#1138,#1139,#1140,#1141,#1142,#1143,#1144,#1145,#1146,
    #1147,#1148,#1149,#1150,#1151,#1152,#1153,#1154,#1155,#1156,#1157,
    #1158,#1159,#1160,#1161,#1162,#1163,#1164,#1165,#1166,#1167,#1168,
    #1169,#1170,#1171,#1172,#1173,#1174,#1175,#1176,#1177,#1178,#1179,
    #1180,#1181,#1182,#1183,#1184,#1185,#1186,#1187,#1188,#1189,#1190,
    #1191,#1192,#1193,#1194,#1195,#1196,#1197,#1198,#1199,#1200,#1201,
    #1202,#1203,#1204,#1205,#1206,#1207,#1208,#1209,#1210,#1211,#1212,
    #1213,#1214,#1215,#1216,#1217,#1218,#1219,#1220,#1221,#1222,#1223,
    #1224,#1225,#1226,#1227,#1228,#1229,#1230,#1231,#1232,#1233,#1234,
    #1235,#1236,#1237,#1238,#1239,#1240,#1241,#1242,#1243,#1244,#1245,
    #1246,#1247,#1248,#1249,#1250,#1251,#1252,#1253,#1254,#1255,#1256,
    #1257,#1258,#1259,#1260,#1261,#1262,#1263,#1264,#1265,#1266,#1267,
    #1268,#1269,#1270,#1271,#1272,#1273,#1274,#1275,#1276,#1277,#1278,
    #1279,#1280,#1281,#1282,#1283,#1284,#1285,#1286,#1287,#1288,#1289,
    #1290,#1291,#1292,#1293,#1294,#1295,#1296,#1297,#1298,#1299,#1300,
    #1301,#1302,#1303,#1304,#1305,#1306,#1307,#1308,#1309,#1310,#1311,
    #1312,#1313,#1314,#1315,#1316,#1317,#1318,#1319,#1320,#1321,#1322,
    #1323,#1324,#1325,#1326,#1327,#1328,#1329,#1330,#1331,#1332,#1333,
    #1334,#1335,#1336,#1337,#1338,#1339,#1340,#1341,#1342,#1343,#1344,
    #1345,#1346,#1347,#1348,#1349,#1350,#1351,#1352,#1353,#1354,#1355,
    #1356,#1357,#1358,#1359,#1360,#1361,#1362,#1363,#1364),
  .UNSPECIFIED.,.F.,.F.,(4,1,1,1,1,1,1,1,1,1,1,1,1,1,1,1,1,1,1,1,1,1,1,1
    ,1,1,1,1,1,1,1,1,1,1,1,1,1,1,1,1,1,1,1,1,1,1,1,1,1,1,1,1,1,1,1,1,1,1
    ,1,1,1,1,1,1,1,1,1,1,1,1,1,1,1,1,1,1,1,1,1,1,1,1,1,1,1,1,1,1,1,1,1,1
    ,1,1,1,1,1,1,1,1,1,1,1,1,1,1,1,1,1,1,1,1,1,1,1,1,1,1,1,1,1,1,1,1,1,1
    ,1,1,1,1,1,1,1,1,1,1,1,1,1,1,1,1,1,1,1,1,1,1,1,1,1,1,1,1,1,1,1,1,1,1
    ,1,1,1,1,1,1,1,1,1,1,1,1,1,1,1,1,1,1,1,1,1,1,1,1,1,1,1,1,1,1,1,1,1,1
    ,1,1,1,1,1,1,1,1,1,1,1,1,1,1,1,1,1,1,1,1,1,1,1,1,1,1,1,1,1,1,1,1,1,1
    ,1,1,1,1,1,1,1,1,1,1,1,1,1,1,1,1,1,1,1,1,1,1,1,1,1,1,1,1,1,1,1,1,1,1
    ,1,1,1,1,1,1,1,1,1,1,1,1,1,1,1,1,1,1,1,1,1,1,1,1,4),(0.,
    5.266356000736E-03,1.053271200147E-02,1.579906800221E-02,
    2.106542400294E-02,2.633178000368E-02,3.159813600442E-02,
    3.686449200515E-02,4.213084800589E-02,4.739720400663E-02,
    5.266356000736E-02,5.79299160081E-02,6.319627200883E-02,
    6.846262800957E-02,7.372898401031E-02,7.899534001104E-02,
    8.426169601178E-02,8.952805201251E-02,9.479440801325E-02,
    0.100060764014,0.105327120015,0.110593476015,0.115859832016,
    0.121126188017,0.126392544018,0.131658900018,0.136925256019,
    0.14219161202,0.147457968021,0.152724324021,0.157990680022,
    0.163257036023,0.168523392024,0.173789748024,0.179056104025,
    0.184322460026,0.189588816027,0.194855172027,0.200121528028,
    0.205387884029,0.210654240029,0.21592059603,0.221186952031,
    0.226453308032,0.231719664032,0.236986020033,0.242252376034,
    0.247518732035,0.252785088035,0.258051444036,0.263317800037,
    0.268584156038,0.273850512038,0.279116868039,0.28438322404,
    0.28964958004,0.294915936041,0.300182292042,0.305448648043,
    0.310715004043,0.315981360044,0.321247716045,0.326514072046,
    0.331780428046,0.337046784047,0.342313140048,0.347579496049,
    0.352845852049,0.35811220805,0.363378564051,0.368644920052,
    0.373911276052,0.379177632053,0.384443988054,0.389710344054,
    0.394976700055,0.400243056056,0.405509412057,0.410775768057,
    0.416042124058,0.421308480059,0.42657483606,0.43184119206,
    0.437107548061,0.442373904062,0.447640260063,0.452906616063,
    0.458172972064,0.463439328065,0.468705684066,0.473972040066,
    0.479238396067,0.484504752068,0.489771108068,0.495037464069,
    0.50030382007,0.505570176071,0.510836532071,0.516102888072,
    0.521369244073,0.526635600074,0.531901956074,0.537168312075,
    0.542434668076,0.547701024077,0.552967380077,0.558233736078,
    0.563500092079,0.56876644808,0.57403280408,0.579299160081,
    0.584565516082,0.589831872082,0.595098228083,0.600364584084,
    0.605630940085,0.610897296085,0.616163652086,0.621430008087,
    0.626696364088,0.631962720088,0.637229076089,0.64249543209,
    0.647761788091,0.653028144091,0.658294500092,0.663560856093,
    0.668827212093,0.674093568094,0.679359924095,0.684626280096,
    0.689892636096,0.695158992097,0.700425348098,0.705691704099,
    0.710958060099,0.7162244161,0.721490772101,0.726757128102,
    0.732023484102,0.737289840103,0.742556196104,0.747822552105,
    0.753088908105,0.758355264106,0.763621620107,0.768887976107,
    0.774154332108,0.779420688109,0.78468704411,0.78995340011,
    0.795219756111,0.800486112112,0.805752468113,0.811018824113,
    0.816285180114,0.821551536115,0.826817892116,0.832084248116,
    0.837350604117,0.842616960118,0.847883316119,0.853149672119,
    0.85841602812,0.863682384121,0.868948740121,0.874215096122,
    0.879481452123,0.884747808124,0.890014164124,0.895280520125,
    0.900546876126,0.905813232127,0.911079588127,0.916345944128,
    0.921612300129,0.92687865613,0.93214501213,0.937411368131,
    0.942677724132,0.947944080133,0.953210436133,0.958476792134,
    0.963743148135,0.969009504135,0.974275860136,0.979542216137,
    0.984808572138,0.990074928138,0.995341284139,1.00060764014,
    1.005873996141,1.011140352141,1.016406708142,1.021673064143,
    1.026939420144,1.032205776144,1.037472132145,1.042738488146,
    1.048004844146,1.053271200147,1.058537556148,1.063803912149,
    1.069070268149,1.07433662415,1.079602980151,1.084869336152,
    1.090135692152,1.095402048153,1.100668404154,1.105934760155,
    1.111201116155,1.116467472156,1.121733828157,1.127000184158,
    1.132266540158,1.137532896159,1.14279925216,1.14806560816,
    1.153331964161,1.158598320162,1.163864676163,1.169131032163,
    1.174397388164,1.179663744165,1.184930100166,1.190196456166,
    1.195462812167,1.200729168168,1.205995524169,1.211261880169,
    1.21652823617,1.221794592171,1.227060948172,1.232327304172,
    1.237593660173,1.242860016174,1.248126372174,1.253392728175,
    1.258659084176,1.263925440177,1.269191796177,1.274458152178,
    1.279724508179,1.28499086418,1.29025722018,1.295523576181,
    1.300789932182,1.306056288183,1.311322644183,1.316589000184,
    1.321855356185,1.327121712186,1.332388068186,1.337654424187,
    1.342920780188,1.348187136188,1.353453492189,1.35871984819,
    1.363986204191,1.369252560191,1.374518916192,1.379785272193,
    1.385051628194,1.390317984194,1.395584340195,1.400850696196,
    1.406117052197,1.411383408197,1.416649764198,1.421916120199,
    1.427182476199,1.4324488322,1.437715188201,1.442981544202,
    1.448247900202,1.453514256203,1.458780612204,1.464046968205,
    1.469313324205,1.474579680206,1.479846036207,1.485112392208,
    1.490378748208,1.495645104209,1.50091146021,1.506177816211),
  .QUASI_UNIFORM_KNOTS.);
#1076 = CARTESIAN_POINT('',(6.28318530718,12.));
#1077 = CARTESIAN_POINT('',(6.278240948934,12.));
#1078 = CARTESIAN_POINT('',(6.268352501298,12.));
#1079 = CARTESIAN_POINT('',(6.253515426302,12.));
#1080 = CARTESIAN_POINT('',(6.238668725739,12.));
#1081 = CARTESIAN_POINT('',(6.223807219303,12.));
#1082 = CARTESIAN_POINT('',(6.208925735502,12.));
#1083 = CARTESIAN_POINT('',(6.194019101994,12.));
#1084 = CARTESIAN_POINT('',(6.179082129613,12.));
#1085 = CARTESIAN_POINT('',(6.164109597858,12.));
#1086 = CARTESIAN_POINT('',(6.149096239632,12.));
#1087 = CARTESIAN_POINT('',(6.134036725666,12.));
#1088 = CARTESIAN_POINT('',(6.118925648352,12.));
#1089 = CARTESIAN_POINT('',(6.103757504898,12.000000000001));
#1090 = CARTESIAN_POINT('',(6.088526679631,12.));
#1091 = CARTESIAN_POINT('',(6.073227425269,12.));
#1092 = CARTESIAN_POINT('',(6.057853843052,12.));
#1093 = CARTESIAN_POINT('',(6.042399861215,12.));
#1094 = CARTESIAN_POINT('',(6.026859212697,12.));
#1095 = CARTESIAN_POINT('',(6.011225407613,12.));
#1096 = CARTESIAN_POINT('',(5.995491715901,12.));
#1097 = CARTESIAN_POINT('',(5.979651101175,12.));
#1098 = CARTESIAN_POINT('',(5.963696324353,12.));
#1099 = CARTESIAN_POINT('',(5.947619399544,12.));
#1100 = CARTESIAN_POINT('',(5.931413480412,12.));
#1101 = CARTESIAN_POINT('',(5.915070973149,12.));
#1102 = CARTESIAN_POINT('',(5.898583184687,12.));
#1103 = CARTESIAN_POINT('',(5.881941423087,12.));
#1104 = CARTESIAN_POINT('',(5.865136651763,12.));
#1105 = CARTESIAN_POINT('',(5.848159526369,12.));
#1106 = CARTESIAN_POINT('',(5.831000324078,12.));
#1107 = CARTESIAN_POINT('',(5.813648892478,12.));
#1108 = CARTESIAN_POINT('',(5.796094593693,12.));
#1109 = CARTESIAN_POINT('',(5.778326207726,12.));
#1110 = CARTESIAN_POINT('',(5.760331956436,12.));
#1111 = CARTESIAN_POINT('',(5.742099030878,12.));
#1112 = CARTESIAN_POINT('',(5.723615737812,12.));
#1113 = CARTESIAN_POINT('',(5.70486816503,12.));
#1114 = CARTESIAN_POINT('',(5.685842210469,12.));
#1115 = CARTESIAN_POINT('',(5.666523329662,12.));
#1116 = CARTESIAN_POINT('',(5.64689651187,12.));
#1117 = CARTESIAN_POINT('',(5.626946070935,12.));
#1118 = CARTESIAN_POINT('',(5.606655869361,12.));
#1119 = CARTESIAN_POINT('',(5.586007906281,12.));
#1120 = CARTESIAN_POINT('',(5.564988853034,12.));
#1121 = CARTESIAN_POINT('',(5.543578697397,12.));
#1122 = CARTESIAN_POINT('',(5.521758656618,12.));
#1123 = CARTESIAN_POINT('',(5.499510776856,12.));
#1124 = CARTESIAN_POINT('',(5.476818035099,12.));
#1125 = CARTESIAN_POINT('',(5.453664304762,12.));
#1126 = CARTESIAN_POINT('',(5.430034435624,12.));
#1127 = CARTESIAN_POINT('',(5.405914101459,12.));
#1128 = CARTESIAN_POINT('',(5.381290571722,12.));
#1129 = CARTESIAN_POINT('',(5.356150151561,12.));
#1130 = CARTESIAN_POINT('',(5.330488526851,12.));
#1131 = CARTESIAN_POINT('',(5.304307280062,12.));
#1132 = CARTESIAN_POINT('',(5.277609853468,12.));
#1133 = CARTESIAN_POINT('',(5.2504066698,12.));
#1134 = CARTESIAN_POINT('',(5.222714920626,12.));
#1135 = CARTESIAN_POINT('',(5.194560185158,12.));
#1136 = CARTESIAN_POINT('',(5.165974224339,12.));
#1137 = CARTESIAN_POINT('',(5.13699811837,12.));
#1138 = CARTESIAN_POINT('',(5.107681783458,12.));
#1139 = CARTESIAN_POINT('',(5.078078387936,12.));
#1140 = CARTESIAN_POINT('',(5.048247740999,12.));
#1141 = CARTESIAN_POINT('',(5.01825186036,12.));
#1142 = CARTESIAN_POINT('',(4.988153664788,12.));
#1143 = CARTESIAN_POINT('',(4.958016586701,12.));
#1144 = CARTESIAN_POINT('',(4.927898185851,12.));
#1145 = CARTESIAN_POINT('',(4.897852023801,12.));
#1146 = CARTESIAN_POINT('',(4.867929886123,12.));
#1147 = CARTESIAN_POINT('',(4.838173482208,12.));
#1148 = CARTESIAN_POINT('',(4.808616669899,12.));
#1149 = CARTESIAN_POINT('',(4.779288533917,12.));
#1150 = CARTESIAN_POINT('',(4.750213035712,12.));
#1151 = CARTESIAN_POINT('',(4.721406083072,12.));
#1152 = CARTESIAN_POINT('',(4.692879081406,12.));
#1153 = CARTESIAN_POINT('',(4.664639639907,12.));
#1154 = CARTESIAN_POINT('',(4.636691967765,12.));
#1155 = CARTESIAN_POINT('',(4.609036175919,12.));
#1156 = CARTESIAN_POINT('',(4.581671779933,12.));
#1157 = CARTESIAN_POINT('',(4.554595628599,12.));
#1158 = CARTESIAN_POINT('',(4.527800022448,12.));
#1159 = CARTESIAN_POINT('',(4.501278229003,12.));
#1160 = CARTESIAN_POINT('',(4.475022915819,12.));
#1161 = CARTESIAN_POINT('',(4.449026456626,12.));
#1162 = CARTESIAN_POINT('',(4.423280770413,12.));
#1163 = CARTESIAN_POINT('',(4.397777168453,12.));
#1164 = CARTESIAN_POINT('',(4.372506644839,12.));
#1165 = CARTESIAN_POINT('',(4.347458388326,12.));
#1166 = CARTESIAN_POINT('',(4.322625158308,12.));
#1167 = CARTESIAN_POINT('',(4.297999056071,12.));
#1168 = CARTESIAN_POINT('',(4.273570935877,12.));
#1169 = CARTESIAN_POINT('',(4.249332642042,12.));
#1170 = CARTESIAN_POINT('',(4.225276281124,12.));
#1171 = CARTESIAN_POINT('',(4.201394301294,12.));
#1172 = CARTESIAN_POINT('',(4.177679378787,12.));
#1173 = CARTESIAN_POINT('',(4.154124328076,12.));
#1174 = CARTESIAN_POINT('',(4.13072215856,12.));
#1175 = CARTESIAN_POINT('',(4.10746556044,12.));
#1176 = CARTESIAN_POINT('',(4.084348584329,12.));
#1177 = CARTESIAN_POINT('',(4.061365520809,12.));
#1178 = CARTESIAN_POINT('',(4.038510232962,12.));
#1179 = CARTESIAN_POINT('',(4.015777124193,12.));
#1180 = CARTESIAN_POINT('',(3.993160818411,12.));
#1181 = CARTESIAN_POINT('',(3.970656190017,12.));
#1182 = CARTESIAN_POINT('',(3.948258309388,12.));
#1183 = CARTESIAN_POINT('',(3.925962401283,12.));
#1184 = CARTESIAN_POINT('',(3.903763858135,12.));
#1185 = CARTESIAN_POINT('',(3.881658040075,12.));
#1186 = CARTESIAN_POINT('',(3.859640972725,12.));
#1187 = CARTESIAN_POINT('',(3.837708627651,12.));
#1188 = CARTESIAN_POINT('',(3.815857065975,12.));
#1189 = CARTESIAN_POINT('',(3.794082549591,12.));
#1190 = CARTESIAN_POINT('',(3.772381483032,12.));
#1191 = CARTESIAN_POINT('',(3.750750403579,12.));
#1192 = CARTESIAN_POINT('',(3.729185958861,12.));
#1193 = CARTESIAN_POINT('',(3.707684896156,12.));
#1194 = CARTESIAN_POINT('',(3.686244026102,12.));
#1195 = CARTESIAN_POINT('',(3.664860426256,12.));
#1196 = CARTESIAN_POINT('',(3.6435311476,12.));
#1197 = CARTESIAN_POINT('',(3.622253368269,12.));
#1198 = CARTESIAN_POINT('',(3.601024355144,12.));
#1199 = CARTESIAN_POINT('',(3.579841453684,12.));
#1200 = CARTESIAN_POINT('',(3.558702096512,12.));
#1201 = CARTESIAN_POINT('',(3.537603712203,12.));
#1202 = CARTESIAN_POINT('',(3.516544130429,12.));
#1203 = CARTESIAN_POINT('',(3.495520866883,12.));
#1204 = CARTESIAN_POINT('',(3.474531534954,12.));
#1205 = CARTESIAN_POINT('',(3.453573825574,12.));
#1206 = CARTESIAN_POINT('',(3.432645501517,12.));
#1207 = CARTESIAN_POINT('',(3.41174438854,12.));
#1208 = CARTESIAN_POINT('',(3.390868368013,12.));
#1209 = CARTESIAN_POINT('',(3.370015369732,12.));
#1210 = CARTESIAN_POINT('',(3.349183365166,12.));
#1211 = CARTESIAN_POINT('',(3.328370361039,12.));
#1212 = CARTESIAN_POINT('',(3.307574393167,12.));
#1213 = CARTESIAN_POINT('',(3.286793520551,12.));
#1214 = CARTESIAN_POINT('',(3.26602581961,12.));
#1215 = CARTESIAN_POINT('',(3.245269378676,12.));
#1216 = CARTESIAN_POINT('',(3.224522292128,12.));
#1217 = CARTESIAN_POINT('',(3.203782656344,12.));
#1218 = CARTESIAN_POINT('',(3.18304855911,12.));
#1219 = CARTESIAN_POINT('',(3.162318093581,12.));
#1220 = CARTESIAN_POINT('',(3.141589280615,12.));
#1221 = CARTESIAN_POINT('',(3.120860332923,12.));
#1222 = CARTESIAN_POINT('',(3.100129884449,12.));
#1223 = CARTESIAN_POINT('',(3.079395834834,12.));
#1224 = CARTESIAN_POINT('',(3.058656286513,12.));
#1225 = CARTESIAN_POINT('',(3.037909304884,12.));
#1226 = CARTESIAN_POINT('',(3.017152975672,12.));
#1227 = CARTESIAN_POINT('',(2.996385382664,12.));
#1228 = CARTESIAN_POINT('',(2.975604606756,12.));
#1229 = CARTESIAN_POINT('',(2.954808719232,12.));
#1230 = CARTESIAN_POINT('',(2.93399577648,12.));
#1231 = CARTESIAN_POINT('',(2.91316381418,12.));
#1232 = CARTESIAN_POINT('',(2.892310841433,12.));
#1233 = CARTESIAN_POINT('',(2.87143483464,12.));
#1234 = CARTESIAN_POINT('',(2.850533731148,12.));
#1235 = CARTESIAN_POINT('',(2.829605422521,12.));
#1236 = CARTESIAN_POINT('',(2.808647747666,12.));
#1237 = CARTESIAN_POINT('',(2.787658484691,12.));
#1238 = CARTESIAN_POINT('',(2.766635345414,12.));
#1239 = CARTESIAN_POINT('',(2.745575957639,12.));
#1240 = CARTESIAN_POINT('',(2.724477890398,12.));
#1241 = CARTESIAN_POINT('',(2.703338515927,12.));
#1242 = CARTESIAN_POINT('',(2.68215561624,12.));
#1243 = CARTESIAN_POINT('',(2.660926610858,12.));
#1244 = CARTESIAN_POINT('',(2.639648831981,12.));
#1245 = CARTESIAN_POINT('',(2.618319546886,12.));
#1246 = CARTESIAN_POINT('',(2.596935934589,12.));
#1247 = CARTESIAN_POINT('',(2.575495085535,12.));
#1248 = CARTESIAN_POINT('',(2.553993950951,12.));
#1249 = CARTESIAN_POINT('',(2.53242946691,12.));
#1250 = CARTESIAN_POINT('',(2.510798419184,12.));
#1251 = CARTESIAN_POINT('',(2.489097384143,12.));
#1252 = CARTESIAN_POINT('',(2.46732288077,12.));
#1253 = CARTESIAN_POINT('',(2.445471306829,12.));
#1254 = CARTESIAN_POINT('',(2.423538934855,12.));
#1255 = CARTESIAN_POINT('',(2.401521875163,12.));
#1256 = CARTESIAN_POINT('',(2.379416100334,12.));
#1257 = CARTESIAN_POINT('',(2.357217244757,12.));
#1258 = CARTESIAN_POINT('',(2.334921245448,12.));
#1259 = CARTESIAN_POINT('',(2.312523486535,12.));
#1260 = CARTESIAN_POINT('',(2.290019006594,12.));
#1261 = CARTESIAN_POINT('',(2.26740280183,12.));
#1262 = CARTESIAN_POINT('',(2.244669704505,12.));
#1263 = CARTESIAN_POINT('',(2.221814366983,12.));
#1264 = CARTESIAN_POINT('',(2.198831228239,12.));
#1265 = CARTESIAN_POINT('',(2.175714421578,12.));
#1266 = CARTESIAN_POINT('',(2.152457908465,12.));
#1267 = CARTESIAN_POINT('',(2.129054737132,12.));
#1268 = CARTESIAN_POINT('',(2.105499625067,12.));
#1269 = CARTESIAN_POINT('',(2.081785498381,12.));
#1270 = CARTESIAN_POINT('',(2.057904432908,12.));
#1271 = CARTESIAN_POINT('',(2.033848795148,12.));
#1272 = CARTESIAN_POINT('',(2.00961085553,12.));
#1273 = CARTESIAN_POINT('',(1.985182807312,12.));
#1274 = CARTESIAN_POINT('',(1.960556659505,12.));
#1275 = CARTESIAN_POINT('',(1.935724187681,12.));
#1276 = CARTESIAN_POINT('',(1.910676728061,12.));
#1277 = CARTESIAN_POINT('',(1.885405477201,12.));
#1278 = CARTESIAN_POINT('',(1.859899849155,12.));
#1279 = CARTESIAN_POINT('',(1.834154194218,12.));
#1280 = CARTESIAN_POINT('',(1.808158497599,12.));
#1281 = CARTESIAN_POINT('',(1.781903492742,12.));
#1282 = CARTESIAN_POINT('',(1.755381109108,12.));
#1283 = CARTESIAN_POINT('',(1.728584262749,12.));
#1284 = CARTESIAN_POINT('',(1.701506871949,12.));
#1285 = CARTESIAN_POINT('',(1.674143681595,12.));
#1286 = CARTESIAN_POINT('',(1.646490686341,12.));
#1287 = CARTESIAN_POINT('',(1.618543416875,12.));
#1288 = CARTESIAN_POINT('',(1.590303650368,12.));
#1289 = CARTESIAN_POINT('',(1.561776278156,12.));
#1290 = CARTESIAN_POINT('',(1.532968570999,12.));
#1291 = CARTESIAN_POINT('',(1.503892669184,12.));
#1292 = CARTESIAN_POINT('',(1.474565113935,12.));
#1293 = CARTESIAN_POINT('',(1.445008297047,12.));
#1294 = CARTESIAN_POINT('',(1.415251614397,12.));
#1295 = CARTESIAN_POINT('',(1.385330920081,12.));
#1296 = CARTESIAN_POINT('',(1.355285701788,12.));
#1297 = CARTESIAN_POINT('',(1.325167621376,12.));
#1298 = CARTESIAN_POINT('',(1.295031078753,12.));
#1299 = CARTESIAN_POINT('',(1.264933637589,12.));
#1300 = CARTESIAN_POINT('',(1.234938656604,12.));
#1301 = CARTESIAN_POINT('',(1.205107516735,12.));
#1302 = CARTESIAN_POINT('',(1.175503739265,12.));
#1303 = CARTESIAN_POINT('',(1.146187531147,12.));
#1304 = CARTESIAN_POINT('',(1.117211954876,12.));
#1305 = CARTESIAN_POINT('',(1.088624381893,12.));
#1306 = CARTESIAN_POINT('',(1.06046886648,12.));
#1307 = CARTESIAN_POINT('',(1.032778769191,12.));
#1308 = CARTESIAN_POINT('',(1.005576467652,12.));
#1309 = CARTESIAN_POINT('',(0.97887978635,12.));
#1310 = CARTESIAN_POINT('',(0.952700091405,12.));
#1311 = CARTESIAN_POINT('',(0.927040804953,12.));
#1312 = CARTESIAN_POINT('',(0.901899990416,12.));
#1313 = CARTESIAN_POINT('',(0.877272074453,12.));
#1314 = CARTESIAN_POINT('',(0.853148135681,12.));
#1315 = CARTESIAN_POINT('',(0.829515415187,12.));
#1316 = CARTESIAN_POINT('',(0.806360854459,12.));
#1317 = CARTESIAN_POINT('',(0.783668925846,12.));
#1318 = CARTESIAN_POINT('',(0.761420985728,12.));
#1319 = CARTESIAN_POINT('',(0.739599615113,12.));
#1320 = CARTESIAN_POINT('',(0.718187333081,12.));
#1321 = CARTESIAN_POINT('',(0.697166832455,12.));
#1322 = CARTESIAN_POINT('',(0.676520788111,12.));
#1323 = CARTESIAN_POINT('',(0.656231899515,12.));
#1324 = CARTESIAN_POINT('',(0.636282462858,12.));
#1325 = CARTESIAN_POINT('',(0.616655622153,12.));
#1326 = CARTESIAN_POINT('',(0.597339928498,12.));
#1327 = CARTESIAN_POINT('',(0.57831743102,12.));
#1328 = CARTESIAN_POINT('',(0.559573102548,12.));
#1329 = CARTESIAN_POINT('',(0.541092472537,12.));
#1330 = CARTESIAN_POINT('',(0.522862087118,12.));
#1331 = CARTESIAN_POINT('',(0.504869235153,12.));
#1332 = CARTESIAN_POINT('',(0.487101890846,12.));
#1333 = CARTESIAN_POINT('',(0.469548615046,12.));
#1334 = CARTESIAN_POINT('',(0.452198481583,12.));
#1335 = CARTESIAN_POINT('',(0.435041008584,12.));
#1336 = CARTESIAN_POINT('',(0.418066098086,12.));
#1337 = CARTESIAN_POINT('',(0.401263981794,12.));
#1338 = CARTESIAN_POINT('',(0.384625171065,12.));
#1339 = CARTESIAN_POINT('',(0.368140414939,12.));
#1340 = CARTESIAN_POINT('',(0.351800648149,12.));
#1341 = CARTESIAN_POINT('',(0.335596993784,12.));
#1342 = CARTESIAN_POINT('',(0.319520576973,12.));
#1343 = CARTESIAN_POINT('',(0.30356305705,12.));
#1344 = CARTESIAN_POINT('',(0.287720648011,12.));
#1345 = CARTESIAN_POINT('',(0.271985167255,12.));
#1346 = CARTESIAN_POINT('',(0.256349770531,12.));
#1347 = CARTESIAN_POINT('',(0.240807623744,12.));
#1348 = CARTESIAN_POINT('',(0.225352219961,12.));
#1349 = CARTESIAN_POINT('',(0.209977258943,12.));
#1350 = CARTESIAN_POINT('',(0.194676646833,12.));
#1351 = CARTESIAN_POINT('',(0.17944446621,12.));
#1352 = CARTESIAN_POINT('',(0.164274956299,12.));
#1353 = CARTESIAN_POINT('',(0.149162492374,12.));
#1354 = CARTESIAN_POINT('',(0.134101567004,12.));
#1355 = CARTESIAN_POINT('',(0.1190867722,12.));
#1356 = CARTESIAN_POINT('',(0.104112782475,12.));
#1357 = CARTESIAN_POINT('',(8.917433861396E-02,12.));
#1358 = CARTESIAN_POINT('',(7.426623205945E-02,12.));
#1359 = CARTESIAN_POINT('',(5.938328964133E-02,12.));
#1360 = CARTESIAN_POINT('',(4.452035903874E-02,12.));
#1361 = CARTESIAN_POINT('',(2.967229297811E-02,12.));
#1362 = CARTESIAN_POINT('',(1.483393907805E-02,12.));
#1363 = CARTESIAN_POINT('',(4.944719047024E-03,12.));
#1364 = CARTESIAN_POINT('',(0.,12.));
#1365 = ( GEOMETRIC_REPRESENTATION_CONTEXT(2)
PARAMETRIC_REPRESENTATION_CONTEXT() REPRESENTATION_CONTEXT('2D SPACE',''
  ) );
#1366 = ADVANCED_FACE('',(#1367),#1069,.F.);
#1367 = FACE_BOUND('',#1368,.F.);
#1368 = EDGE_LOOP('',(#1369,#1370,#1393,#2207));
#1369 = ORIENTED_EDGE('',*,*,#551,.T.);
#1370 = ORIENTED_EDGE('',*,*,#1371,.F.);
#1371 = EDGE_CURVE('',#1372,#552,#1374,.T.);
#1372 = VERTEX_POINT('',#1373);
#1373 = CARTESIAN_POINT('',(-361.067984072,-1.768389977969E-14,
    -96.96342055551));
#1374 = SEAM_CURVE('',#1375,(#1379,#1386),.PCURVE_S1.);
#1375 = LINE('',#1376,#1377);
#1376 = CARTESIAN_POINT('',(-351.6340630029,-1.768389977969E-14,
    -100.6785927246));
#1377 = VECTOR('',#1378,1.);
#1378 = DIRECTION('',(-0.930449453267,0.,0.366420270884));
#1379 = PCURVE('',#1069,#1380);
#1380 = DEFINITIONAL_REPRESENTATION('',(#1381),#1385);
#1381 = LINE('',#1382,#1383);
#1382 = CARTESIAN_POINT('',(0.,-0.));
#1383 = VECTOR('',#1384,1.);
#1384 = DIRECTION('',(0.,1.));
#1385 = ( GEOMETRIC_REPRESENTATION_CONTEXT(2)
PARAMETRIC_REPRESENTATION_CONTEXT() REPRESENTATION_CONTEXT('2D SPACE',''
  ) );
#1386 = PCURVE('',#1069,#1387);
#1387 = DEFINITIONAL_REPRESENTATION('',(#1388),#1392);
#1388 = LINE('',#1389,#1390);
#1389 = CARTESIAN_POINT('',(6.28318530718,-0.));
#1390 = VECTOR('',#1391,1.);
#1391 = DIRECTION('',(0.,1.));
#1392 = ( GEOMETRIC_REPRESENTATION_CONTEXT(2)
PARAMETRIC_REPRESENTATION_CONTEXT() REPRESENTATION_CONTEXT('2D SPACE',''
  ) );
#1393 = ORIENTED_EDGE('',*,*,#1394,.F.);
#1394 = EDGE_CURVE('',#1372,#1372,#1395,.T.);
#1395 = SURFACE_CURVE('',#1396,(#1616,#1909),.PCURVE_S1.);
#1396 = B_SPLINE_CURVE_WITH_KNOTS('',8,(#1397,#1398,#1399,#1400,#1401,
    #1402,#1403,#1404,#1405,#1406,#1407,#1408,#1409,#1410,#1411,#1412,
    #1413,#1414,#1415,#1416,#1417,#1418,#1419,#1420,#1421,#1422,#1423,
    #1424,#1425,#1426,#1427,#1428,#1429,#1430,#1431,#1432,#1433,#1434,
    #1435,#1436,#1437,#1438,#1439,#1440,#1441,#1442,#1443,#1444,#1445,
    #1446,#1447,#1448,#1449,#1450,#1451,#1452,#1453,#1454,#1455,#1456,
    #1457,#1458,#1459,#1460,#1461,#1462,#1463,#1464,#1465,#1466,#1467,
    #1468,#1469,#1470,#1471,#1472,#1473,#1474,#1475,#1476,#1477,#1478,
    #1479,#1480,#1481,#1482,#1483,#1484,#1485,#1486,#1487,#1488,#1489,
    #1490,#1491,#1492,#1493,#1494,#1495,#1496,#1497,#1498,#1499,#1500,
    #1501,#1502,#1503,#1504,#1505,#1506,#1507,#1508,#1509,#1510,#1511,
    #1512,#1513,#1514,#1515,#1516,#1517,#1518,#1519,#1520,#1521,#1522,
    #1523,#1524,#1525,#1526,#1527,#1528,#1529,#1530,#1531,#1532,#1533,
    #1534,#1535,#1536,#1537,#1538,#1539,#1540,#1541,#1542,#1543,#1544,
    #1545,#1546,#1547,#1548,#1549,#1550,#1551,#1552,#1553,#1554,#1555,
    #1556,#1557,#1558,#1559,#1560,#1561,#1562,#1563,#1564,#1565,#1566,
    #1567,#1568,#1569,#1570,#1571,#1572,#1573,#1574,#1575,#1576,#1577,
    #1578,#1579,#1580,#1581,#1582,#1583,#1584,#1585,#1586,#1587,#1588,
    #1589,#1590,#1591,#1592,#1593,#1594,#1595,#1596,#1597,#1598,#1599,
    #1600,#1601,#1602,#1603,#1604,#1605,#1606,#1607,#1608,#1609,#1610,
    #1611,#1612,#1613,#1614,#1615),.UNSPECIFIED.,.T.,.F.,(9,7,7,7,7,7,7,
    7,7,7,7,7,7,7,7,7,7,7,7,7,7,7,7,7,7,7,7,7,7,7,7,9),(0.,
    0.117223904878,0.176650150896,0.218126613359,0.27301317781,
    0.293904741213,0.306012379875,0.33153291901,0.361282075247,
    0.376993441787,0.409711664908,0.460997328873,0.513600846696,
    0.565016802962,0.610248026473,0.647708367731,0.751636001998,
    0.861769310508,0.901081971368,0.947856668999,1.,1.055724625326,
    1.102863333471,1.129380555361,1.143083885021,1.170332215874,
    1.201569426816,1.217509635483,1.249348268308,1.296611677026,
    1.392222062104,1.502190908117),.UNSPECIFIED.);
#1397 = CARTESIAN_POINT('',(-361.067984072,-1.42108547152E-14,
    -96.96342055551));
#1398 = CARTESIAN_POINT('',(-361.067984072,-2.97388466541,
    -96.96342055551));
#1399 = CARTESIAN_POINT('',(-361.1192801003,-5.947200264143,
    -97.09367634462));
#1400 = CARTESIAN_POINT('',(-361.2218366534,-8.924840431208,
    -97.35409776854));
#1401 = CARTESIAN_POINT('',(-361.3766533427,-11.9111051151,
    -97.74722313687));
#1402 = CARTESIAN_POINT('',(-361.5856527704,-14.90994964848,
    -98.27793450486));
#1403 = CARTESIAN_POINT('',(-361.8518410283,-17.92518557434,
    -98.95386522896));
#1404 = CARTESIAN_POINT('',(-362.1794785935,-20.96065531277,
    -99.78583392089));
#1405 = CARTESIAN_POINT('',(-362.7755908263,-25.57199546284,
    -101.2995392072));
#1406 = CARTESIAN_POINT('',(-362.9935561218,-27.12936184963,
    -101.8530175657));
#1407 = CARTESIAN_POINT('',(-363.2297863843,-28.69336621707,
    -102.4528760781));
#1408 = CARTESIAN_POINT('',(-363.4852404145,-30.26442688122,
    -103.1015494227));
#1409 = CARTESIAN_POINT('',(-363.7610189649,-31.84282928401,
    -103.8018327364));
#1410 = CARTESIAN_POINT('',(-364.0583869691,-33.42872851822,
    -104.5569380592));
#1411 = CARTESIAN_POINT('',(-364.3788168246,-35.02215114756,
    -105.370604244));
#1412 = CARTESIAN_POINT('',(-364.9650395756,-37.74030667375,
    -106.8591972109));
#1413 = CARTESIAN_POINT('',(-365.2180807539,-38.86113655138,
    -107.5017436111));
#1414 = CARTESIAN_POINT('',(-365.483792328,-39.98546829545,
    -108.1764638941));
#1415 = CARTESIAN_POINT('',(-365.7628226949,-41.11315720458,
    -108.8850045315));
#1416 = CARTESIAN_POINT('',(-366.0558732768,-42.24392987523,
    -109.629146642));
#1417 = CARTESIAN_POINT('',(-366.3637065414,-43.37737820298,
    -110.4108263565));
#1418 = CARTESIAN_POINT('',(-366.6871589863,-44.51295068111,
    -111.23216779));
#1419 = CARTESIAN_POINT('',(-367.4770874673,-47.15454116063,
    -113.2380298606));
#1420 = CARTESIAN_POINT('',(-367.9558211594,-48.66104635609,
    -114.4536763121));
#1421 = CARTESIAN_POINT('',(-368.4656315779,-50.16834553443,
    -115.7482357644));
#1422 = CARTESIAN_POINT('',(-369.0088580712,-51.67395460175,
    -117.1276485148));
#1423 = CARTESIAN_POINT('',(-369.5878552957,-53.17396983949,
    -118.5978937327));
#1424 = CARTESIAN_POINT('',(-370.2049390621,-54.66298107929,
    -120.1648519463));
#1425 = CARTESIAN_POINT('',(-370.8622915882,-56.13397273217,
    -121.8340644519));
#1426 = CARTESIAN_POINT('',(-371.8280372197,-58.12797489443,
    -124.2863782737));
#1427 = CARTESIAN_POINT('',(-372.1003474681,-58.6737432738,
    -124.9778545425));
#1428 = CARTESIAN_POINT('',(-372.3787942042,-59.21502003957,
    -125.6849131688));
#1429 = CARTESIAN_POINT('',(-372.6634336004,-59.75122516043,
    -126.4076967907));
#1430 = CARTESIAN_POINT('',(-372.9542983492,-60.28172639291,
    -127.1462884244));
#1431 = CARTESIAN_POINT('',(-373.2513935253,-60.80584251965,
    -127.900700956));
#1432 = CARTESIAN_POINT('',(-373.5546915956,-61.32284787753,
    -128.6708644707));
#1433 = CARTESIAN_POINT('',(-374.0434586305,-62.12704300921,
    -129.9119885476));
#1434 = CARTESIAN_POINT('',(-374.2248515605,-62.41946220806,
    -130.3725988519));
#1435 = CARTESIAN_POINT('',(-374.4082918196,-62.70908599866,
    -130.8384079307));
#1436 = CARTESIAN_POINT('',(-374.5937617639,-62.99576065793,
    -131.3093709804));
#1437 = CARTESIAN_POINT('',(-374.7812393051,-63.27932910878,
    -131.7854319126));
#1438 = CARTESIAN_POINT('',(-374.9706975628,-63.55963151566,
    -132.2665224698));
#1439 = CARTESIAN_POINT('',(-375.1621045164,-63.83650588017,
    -132.7525613424));
#1440 = CARTESIAN_POINT('',(-375.7628995663,-64.68581534797,
    -134.2781576866));
#1441 = CARTESIAN_POINT('',(-376.1789035264,-65.24593608455,
    -135.3345147934));
#1442 = CARTESIAN_POINT('',(-376.6030439262,-65.78855555039,
    -136.4115327272));
#1443 = CARTESIAN_POINT('',(-377.0348613264,-66.31212215517,
    -137.5080448361));
#1444 = CARTESIAN_POINT('',(-377.4738216943,-66.81514762486,
    -138.6226950525));
#1445 = CARTESIAN_POINT('',(-377.919310024,-67.29623056735,
    -139.7539216953));
#1446 = CARTESIAN_POINT('',(-378.3706233451,-67.75408399308,
    -140.8999397141));
#1447 = CARTESIAN_POINT('',(-379.3589159525,-68.6928753737,
    -143.4095069767));
#1448 = CARTESIAN_POINT('',(-379.8978007469,-69.16516480867,
    -144.7778948695));
#1449 = CARTESIAN_POINT('',(-380.4423401017,-69.60258929568,
    -146.1606413635));
#1450 = CARTESIAN_POINT('',(-380.9912846739,-70.00377346097,
    -147.5545740078));
#1451 = CARTESIAN_POINT('',(-381.5434170822,-70.36776652809,
    -148.9566015107));
#1452 = CARTESIAN_POINT('',(-382.0975554575,-70.69400078192,
    -150.3637227574));
#1453 = CARTESIAN_POINT('',(-382.65255664,-70.98225432529,
    -151.7730349266));
#1454 = CARTESIAN_POINT('',(-383.5003046447,-71.36484229796,
    -153.9257178707));
#1455 = CARTESIAN_POINT('',(-383.7932452078,-71.48650794749,
    -154.6695806109));
#1456 = CARTESIAN_POINT('',(-384.0859919497,-71.59763205667,
    -155.4129511819));
#1457 = CARTESIAN_POINT('',(-384.3784056469,-71.69825575364,
    -156.1554760537));
#1458 = CARTESIAN_POINT('',(-384.6703564453,-71.78844134064,
    -156.8968254886));
#1459 = CARTESIAN_POINT('',(-384.9617236937,-71.86826931963,
    -157.6366931174));
#1460 = CARTESIAN_POINT('',(-385.2523957763,-71.93783541793,
    -158.3747955147));
#1461 = CARTESIAN_POINT('',(-386.1459200324,-72.12097087363,
    -160.6437179015));
#1462 = CARTESIAN_POINT('',(-386.7460780333,-72.20065397362,
    -162.1676965899));
#1463 = CARTESIAN_POINT('',(-387.3418624414,-72.23729245794,
    -163.6805694324));
#1464 = CARTESIAN_POINT('',(-387.9325351222,-72.23209136147,
    -165.1804620872));
#1465 = CARTESIAN_POINT('',(-388.517489241,-72.18638441018,
    -166.6658336217));
#1466 = CARTESIAN_POINT('',(-389.0962398934,-72.10156512714,
    -168.1354527202));
#1467 = CARTESIAN_POINT('',(-389.668417439,-71.97902984441,
    -169.588380756));
#1468 = CARTESIAN_POINT('',(-391.1199409443,-71.5710619543,
    -173.2742282901));
#1469 = CARTESIAN_POINT('',(-391.9891201587,-71.23270805165,
    -175.4813314149));
#1470 = CARTESIAN_POINT('',(-392.8404742448,-70.81031175267,
    -177.6431712661));
#1471 = CARTESIAN_POINT('',(-393.6733630667,-70.30887926666,
    -179.7581223499));
#1472 = CARTESIAN_POINT('',(-394.4873428549,-69.73313152761,
    -181.8250578037));
#1473 = CARTESIAN_POINT('',(-395.2821683542,-69.08743300318,
    -183.8433548521));
#1474 = CARTESIAN_POINT('',(-396.0577875568,-68.37569995733,
    -185.8128814325));
#1475 = CARTESIAN_POINT('',(-397.5903108299,-66.80697682682,
    -189.7044113363));
#1476 = CARTESIAN_POINT('',(-398.3460429004,-65.94690769839,
    -191.6234386056));
#1477 = CARTESIAN_POINT('',(-399.0815778316,-65.02486069329,
    -193.4911793638));
#1478 = CARTESIAN_POINT('',(-399.7969316352,-64.04429976921,
    -195.3076742697));
#1479 = CARTESIAN_POINT('',(-400.4921231931,-63.00842590963,
    -197.0729712697));
#1480 = CARTESIAN_POINT('',(-401.1671920483,-61.92018756295,
    -198.7871707754));
#1481 = CARTESIAN_POINT('',(-401.8222037391,-60.78226814471,
    -200.4504392081));
#1482 = CARTESIAN_POINT('',(-403.0779633702,-58.43862895011,
    -203.6391843596));
#1483 = CARTESIAN_POINT('',(-403.6795505125,-57.23511705149,
    -205.1667920606));
#1484 = CARTESIAN_POINT('',(-404.2620748673,-55.98884785787,
    -206.6459937056));
#1485 = CARTESIAN_POINT('',(-404.8255673212,-54.70200661255,
    -208.0768677246));
#1486 = CARTESIAN_POINT('',(-405.3700431964,-53.37666537089,
    -209.4594530254));
#1487 = CARTESIAN_POINT('',(-405.8955123323,-52.01479087897,
    -210.7937745928));
#1488 = CARTESIAN_POINT('',(-406.4019841426,-50.61824541614,
    -212.0798563313));
#1489 = CARTESIAN_POINT('',(-407.3183126441,-47.9312635335,
    -214.4066854424));
#1490 = CARTESIAN_POINT('',(-407.7324524095,-46.64830101237,
    -215.4583088076));
#1491 = CARTESIAN_POINT('',(-408.1318885629,-45.34110544631,
    -216.4725953524));
#1492 = CARTESIAN_POINT('',(-408.5166138855,-44.01085658996,
    -217.4495267467));
#1493 = CARTESIAN_POINT('',(-408.8866160506,-42.65870398392,
    -218.3890716888));
#1494 = CARTESIAN_POINT('',(-409.2418802524,-41.28576825051,
    -219.2911925828));
#1495 = CARTESIAN_POINT('',(-409.582390739,-39.89314124528,
    -220.1558494297));
#1496 = CARTESIAN_POINT('',(-410.177908398,-37.31308762654,
    -221.6680449173));
#1497 = CARTESIAN_POINT('',(-410.437553105,-36.1315193713,
    -222.3273596303));
#1498 = CARTESIAN_POINT('',(-410.6870553721,-34.9377875525,
    -222.9609196881));
#1499 = CARTESIAN_POINT('',(-410.9264039581,-33.73249256505,
    -223.5686965462));
#1500 = CARTESIAN_POINT('',(-411.1555868337,-32.51622795795,
    -224.1506596585));
#1501 = CARTESIAN_POINT('',(-411.3745916377,-31.28958044748,
    -224.7067776366));
#1502 = CARTESIAN_POINT('',(-411.583406134,-30.05312993031,
    -225.2370194093));
#1503 = CARTESIAN_POINT('',(-412.3330368939,-25.3515113985,
    -227.1405536461));
#1504 = CARTESIAN_POINT('',(-412.8055087475,-21.82466990338,
    -228.3402994374));
#1505 = CARTESIAN_POINT('',(-413.199217286,-18.23901629402,
    -229.3400418738));
#1506 = CARTESIAN_POINT('',(-413.513893114,-14.60656161826,
    -230.1390968808));
#1507 = CARTESIAN_POINT('',(-413.7493131814,-10.93924676722,
    -230.7368980683));
#1508 = CARTESIAN_POINT('',(-413.9053380149,-7.248914276874,
    -231.1330912719));
#1509 = CARTESIAN_POINT('',(-413.981906943,-3.547266103015,
    -231.3275224291));
#1510 = CARTESIAN_POINT('',(-413.9759418797,4.07662104422,
    -231.3123753691));
#1511 = CARTESIAN_POINT('',(-413.8836349686,7.998449611466,
    -231.0779808178));
#1512 = CARTESIAN_POINT('',(-413.7021080921,11.905972222367,
    -230.6170303834));
#1513 = CARTESIAN_POINT('',(-413.4314405969,15.785269879395,
    -229.9297255508));
#1514 = CARTESIAN_POINT('',(-413.0718106762,19.6222276999,
    -229.0165188053));
#1515 = CARTESIAN_POINT('',(-412.6235037761,23.402593520126,
    -227.8781349787));
#1516 = CARTESIAN_POINT('',(-412.0868595505,27.112014305507,
    -226.5154365529));
#1517 = CARTESIAN_POINT('',(-411.2391226732,32.029615345181,
    -224.3627818646));
#1518 = CARTESIAN_POINT('',(-411.0049003895,33.312311196374,
    -223.7680222044));
#1519 = CARTESIAN_POINT('',(-410.7594714552,34.583430822001,
    -223.1448055433));
#1520 = CARTESIAN_POINT('',(-410.5028498544,35.842297224117,
    -222.4931673914));
#1521 = CARTESIAN_POINT('',(-410.2350495538,37.088223887914,
    -221.8131432142));
#1522 = CARTESIAN_POINT('',(-409.9560838512,38.32051470904,
    -221.1047667785));
#1523 = CARTESIAN_POINT('',(-409.6659647233,39.538463920922,
    -220.3680684967));
#1524 = CARTESIAN_POINT('',(-409.0062562101,42.172572151504,
    -218.6928734427));
#1525 = CARTESIAN_POINT('',(-408.6320384048,43.58245852975,
    -217.7426237431));
#1526 = CARTESIAN_POINT('',(-408.2420636308,44.969819445906,
    -216.7523624392));
#1527 = CARTESIAN_POINT('',(-407.8363459369,46.33341909602,
    -215.7221252048));
#1528 = CARTESIAN_POINT('',(-407.4148980692,47.671983030406,
    -214.6519444064));
#1529 = CARTESIAN_POINT('',(-406.9777294332,48.984197866872,
    -213.5418439271));
#1530 = CARTESIAN_POINT('',(-406.5248424949,50.268709269873,
    -212.3918300288));
#1531 = CARTESIAN_POINT('',(-405.5338268031,52.923618491068,
    -209.8753480493));
#1532 = CARTESIAN_POINT('',(-404.9918990688,54.286901930557,
    -208.4992332321));
#1533 = CARTESIAN_POINT('',(-404.4304217361,55.612067998826,
    -207.0734762017));
#1534 = CARTESIAN_POINT('',(-403.849373386,56.897075474211,
    -205.5980225693));
#1535 = CARTESIAN_POINT('',(-403.2487342776,58.13975142431,
    -204.0728222066));
#1536 = CARTESIAN_POINT('',(-402.6284802586,59.337790495353,
    -202.4978137841));
#1537 = CARTESIAN_POINT('',(-401.988570174,60.488744495279,
    -200.8728927966));
#1538 = CARTESIAN_POINT('',(-400.623977917,62.766896337932,
    -197.4077894157));
#1539 = CARTESIAN_POINT('',(-399.8965874349,63.886873725998,
    -195.5607298229));
#1540 = CARTESIAN_POINT('',(-399.1466051045,64.946881942991,
    -193.6563028445));
#1541 = CARTESIAN_POINT('',(-398.3739418176,65.943426445229,
    -191.6942822088));
#1542 = CARTESIAN_POINT('',(-397.5785690715,66.872605902508,
    -189.6745955387));
#1543 = CARTESIAN_POINT('',(-396.7605142585,67.7301442745,
    -187.5973123915));
#1544 = CARTESIAN_POINT('',(-395.9198360011,68.511383022619,
    -185.462581627));
#1545 = CARTESIAN_POINT('',(-394.3263024759,69.803184908483,
    -181.4161286465));
#1546 = CARTESIAN_POINT('',(-393.580041534,70.336770000762,
    -179.5211513742));
#1547 = CARTESIAN_POINT('',(-392.81776005,70.808938009254,
    -177.5854932068));
#1548 = CARTESIAN_POINT('',(-392.0396334515,71.216239227031,
    -175.6095996068));
#1549 = CARTESIAN_POINT('',(-391.2460463172,71.55489923233,
    -173.5944471333));
#1550 = CARTESIAN_POINT('',(-390.437601446,71.820919915965,
    -171.541566471));
#1551 = CARTESIAN_POINT('',(-389.6151297997,72.010182326701,
    -169.4530676774));
#1552 = CARTESIAN_POINT('',(-388.3097499237,72.17953113991,
    -166.1383220468));
#1553 = CARTESIAN_POINT('',(-387.8357472527,72.214897803018,
    -164.9346890573));
#1554 = CARTESIAN_POINT('',(-387.3579220698,72.223934599998,
    -163.7213495792));
#1555 = CARTESIAN_POINT('',(-386.876556017,72.205919721953,
    -162.4990187853));
#1556 = CARTESIAN_POINT('',(-386.3919900505,72.160159256006,
    -161.2685624637));
#1557 = CARTESIAN_POINT('',(-385.9046271868,72.086013080018,
    -160.0310039932));
#1558 = CARTESIAN_POINT('',(-385.4149361879,71.982925404177,
    -158.7875336985));
#1559 = CARTESIAN_POINT('',(-384.6694735973,71.782005667229,
    -156.8945836765));
#1560 = CARTESIAN_POINT('',(-384.4150156111,71.705706606779,
    -156.2484395818));
#1561 = CARTESIAN_POINT('',(-384.1601586554,71.621503499084,
    -155.6012823858));
#1562 = CARTESIAN_POINT('',(-383.9049842844,71.529345891854,
    -154.9533191784));
#1563 = CARTESIAN_POINT('',(-383.6495792397,71.429193696441,
    -154.3047702221));
#1564 = CARTESIAN_POINT('',(-383.394035516,71.321018724736,
    -153.6558691189));
#1565 = CARTESIAN_POINT('',(-383.1384504271,71.204806226049,
    -153.0068629772));
#1566 = CARTESIAN_POINT('',(-382.3748314856,70.833492403895,
    -151.0678086097));
#1567 = CARTESIAN_POINT('',(-381.8669260335,70.554623993372,
    -149.7780864308));
#1568 = CARTESIAN_POINT('',(-381.3600792129,70.243971914992,
    -148.4910524301));
#1569 = CARTESIAN_POINT('',(-380.855185101,69.901785966144,
    -147.2089769346));
#1570 = CARTESIAN_POINT('',(-380.3531610589,69.528565159463,
    -145.9341893951));
#1571 = CARTESIAN_POINT('',(-379.8549456159,69.125080207133,
    -144.6690730156));
#1572 = CARTESIAN_POINT('',(-379.3614961364,68.692398349074,
    -143.416058827));
#1573 = CARTESIAN_POINT('',(-378.3146806042,67.704011940175,
    -140.7578845474));
#1574 = CARTESIAN_POINT('',(-377.7629899115,67.139449427538,
    -139.3569786909));
#1575 = CARTESIAN_POINT('',(-377.2202216055,66.540322303159,
    -137.9787294134));
#1576 = CARTESIAN_POINT('',(-376.6876461532,65.909053565542,
    -136.6263628065));
#1577 = CARTESIAN_POINT('',(-376.1663223901,65.248294278693,
    -135.3025675668));
#1578 = CARTESIAN_POINT('',(-375.6571202076,64.560843057116,
    -134.0095526057));
#1579 = CARTESIAN_POINT('',(-375.1607406103,63.849580652752,
    -132.7490979811));
#1580 = CARTESIAN_POINT('',(-374.4312565969,62.743801164252,
    -130.8967222931));
#1581 = CARTESIAN_POINT('',(-374.1882387872,62.364705026057,
    -130.2796281906));
#1582 = CARTESIAN_POINT('',(-373.9487395121,61.980495030953,
    -129.6714686883));
#1583 = CARTESIAN_POINT('',(-373.7128032577,61.591525275523,
    -129.0723567496));
#1584 = CARTESIAN_POINT('',(-373.4804605608,61.19813838867,
    -128.4823699162));
#1585 = CARTESIAN_POINT('',(-373.2517293726,60.800663769027,
    -127.9015537716));
#1586 = CARTESIAN_POINT('',(-373.0266164222,60.399415822362,
    -127.3299254031));
#1587 = CARTESIAN_POINT('',(-372.362703516,59.186305865463,
    -125.6440541519));
#1588 = CARTESIAN_POINT('',(-371.9347355145,58.364098272014,
    -124.5573168051));
#1589 = CARTESIAN_POINT('',(-371.5211499563,57.530382010439,
    -123.507100736));
#1590 = CARTESIAN_POINT('',(-371.1217499916,56.687237252173,
    -122.4929060848));
#1591 = CARTESIAN_POINT('',(-370.7362397713,55.836496021604,
    -121.5139816032));
#1592 = CARTESIAN_POINT('',(-370.3642507234,54.979732675895,
    -120.569391378));
#1593 = CARTESIAN_POINT('',(-370.0053608756,54.118260591351,
    -119.6580638963));
#1594 = CARTESIAN_POINT('',(-369.1451050047,51.968884505089,
    -117.4736197803));
#1595 = CARTESIAN_POINT('',(-368.6590610937,50.676864003962,
    -116.2394105206));
#1596 = CARTESIAN_POINT('',(-368.1993751728,49.380363286138,
    -115.0721319944));
#1597 = CARTESIAN_POINT('',(-367.7645202274,48.0820134693,
    -113.9679066598));
#1598 = CARTESIAN_POINT('',(-367.3530373446,46.783844965173,
    -112.9230299055));
#1599 = CARTESIAN_POINT('',(-366.9635338457,45.487332541719,
    -111.9339653083));
#1600 = CARTESIAN_POINT('',(-366.5946847525,44.193427537942,
    -110.9973483568));
#1601 = CARTESIAN_POINT('',(-365.5383317795,40.291282399985,
    -108.3149556939));
#1602 = CARTESIAN_POINT('',(-364.9113984341,37.694617093748,
    -106.7229864859));
#1603 = CARTESIAN_POINT('',(-364.3537738792,35.115991051986,
    -105.307012798));
#1604 = CARTESIAN_POINT('',(-363.8579459571,32.557256601488,
    -104.0479590402));
#1605 = CARTESIAN_POINT('',(-363.4178016235,30.018868903373,
    -102.9303023845));
#1606 = CARTESIAN_POINT('',(-363.0284389788,27.499960580008,
    -101.9415954579));
#1607 = CARTESIAN_POINT('',(-362.6858075474,24.998365028338,
    -101.0715529045));
#1608 = CARTESIAN_POINT('',(-362.0426368752,19.649127770027,
    -99.43835232084));
#1609 = CARTESIAN_POINT('',(-361.7564059887,16.808102440157,
    -98.71152743425));
#1610 = CARTESIAN_POINT('',(-361.5231459505,13.98387639714,
    -98.11921120001));
#1611 = CARTESIAN_POINT('',(-361.3395855278,11.173213429521,
    -97.65309699021));
#1612 = CARTESIAN_POINT('',(-361.2034116839,8.372920169722,
    -97.30731132099));
#1613 = CARTESIAN_POINT('',(-361.1131342447,5.579708908863,
    -97.07807019933));
#1614 = CARTESIAN_POINT('',(-361.067984072,2.790051547009,
    -96.96342055551));
#1615 = CARTESIAN_POINT('',(-361.067984072,-1.768389977969E-14,
    -96.96342055551));
#1616 = PCURVE('',#1069,#1617);
#1617 = DEFINITIONAL_REPRESENTATION('',(#1618),#1908);
#1618 = B_SPLINE_CURVE_WITH_KNOTS('',3,(#1619,#1620,#1621,#1622,#1623,
    #1624,#1625,#1626,#1627,#1628,#1629,#1630,#1631,#1632,#1633,#1634,
    #1635,#1636,#1637,#1638,#1639,#1640,#1641,#1642,#1643,#1644,#1645,
    #1646,#1647,#1648,#1649,#1650,#1651,#1652,#1653,#1654,#1655,#1656,
    #1657,#1658,#1659,#1660,#1661,#1662,#1663,#1664,#1665,#1666,#1667,
    #1668,#1669,#1670,#1671,#1672,#1673,#1674,#1675,#1676,#1677,#1678,
    #1679,#1680,#1681,#1682,#1683,#1684,#1685,#1686,#1687,#1688,#1689,
    #1690,#1691,#1692,#1693,#1694,#1695,#1696,#1697,#1698,#1699,#1700,
    #1701,#1702,#1703,#1704,#1705,#1706,#1707,#1708,#1709,#1710,#1711,
    #1712,#1713,#1714,#1715,#1716,#1717,#1718,#1719,#1720,#1721,#1722,
    #1723,#1724,#1725,#1726,#1727,#1728,#1729,#1730,#1731,#1732,#1733,
    #1734,#1735,#1736,#1737,#1738,#1739,#1740,#1741,#1742,#1743,#1744,
    #1745,#1746,#1747,#1748,#1749,#1750,#1751,#1752,#1753,#1754,#1755,
    #1756,#1757,#1758,#1759,#1760,#1761,#1762,#1763,#1764,#1765,#1766,
    #1767,#1768,#1769,#1770,#1771,#1772,#1773,#1774,#1775,#1776,#1777,
    #1778,#1779,#1780,#1781,#1782,#1783,#1784,#1785,#1786,#1787,#1788,
    #1789,#1790,#1791,#1792,#1793,#1794,#1795,#1796,#1797,#1798,#1799,
    #1800,#1801,#1802,#1803,#1804,#1805,#1806,#1807,#1808,#1809,#1810,
    #1811,#1812,#1813,#1814,#1815,#1816,#1817,#1818,#1819,#1820,#1821,
    #1822,#1823,#1824,#1825,#1826,#1827,#1828,#1829,#1830,#1831,#1832,
    #1833,#1834,#1835,#1836,#1837,#1838,#1839,#1840,#1841,#1842,#1843,
    #1844,#1845,#1846,#1847,#1848,#1849,#1850,#1851,#1852,#1853,#1854,
    #1855,#1856,#1857,#1858,#1859,#1860,#1861,#1862,#1863,#1864,#1865,
    #1866,#1867,#1868,#1869,#1870,#1871,#1872,#1873,#1874,#1875,#1876,
    #1877,#1878,#1879,#1880,#1881,#1882,#1883,#1884,#1885,#1886,#1887,
    #1888,#1889,#1890,#1891,#1892,#1893,#1894,#1895,#1896,#1897,#1898,
    #1899,#1900,#1901,#1902,#1903,#1904,#1905,#1906,#1907),
  .UNSPECIFIED.,.F.,.F.,(4,1,1,1,1,1,1,1,1,1,1,1,1,1,1,1,1,1,1,1,1,1,1,1
    ,1,1,1,1,1,1,1,1,1,1,1,1,1,1,1,1,1,1,1,1,1,1,1,1,1,1,1,1,1,1,1,1,1,1
    ,1,1,1,1,1,1,1,1,1,1,1,1,1,1,1,1,1,1,1,1,1,1,1,1,1,1,1,1,1,1,1,1,1,1
    ,1,1,1,1,1,1,1,1,1,1,1,1,1,1,1,1,1,1,1,1,1,1,1,1,1,1,1,1,1,1,1,1,1,1
    ,1,1,1,1,1,1,1,1,1,1,1,1,1,1,1,1,1,1,1,1,1,1,1,1,1,1,1,1,1,1,1,1,1,1
    ,1,1,1,1,1,1,1,1,1,1,1,1,1,1,1,1,1,1,1,1,1,1,1,1,1,1,1,1,1,1,1,1,1,1
    ,1,1,1,1,1,1,1,1,1,1,1,1,1,1,1,1,1,1,1,1,1,1,1,1,1,1,1,1,1,1,1,1,1,1
    ,1,1,1,1,1,1,1,1,1,1,1,1,1,1,1,1,1,1,1,1,1,1,1,1,1,1,1,1,1,1,1,1,1,1
    ,1,1,1,1,1,1,1,1,1,1,1,1,1,1,1,1,1,1,1,1,1,1,1,1,4),(0.,
    5.252415762648E-03,1.05048315253E-02,1.575724728794E-02,
    2.100966305059E-02,2.626207881324E-02,3.151449457589E-02,
    3.676691033854E-02,4.201932610118E-02,4.727174186383E-02,
    5.252415762648E-02,5.777657338913E-02,6.302898915178E-02,
    6.828140491443E-02,7.353382067707E-02,7.878623643972E-02,
    8.403865220237E-02,8.929106796502E-02,9.454348372767E-02,
    9.979589949031E-02,0.105048315253,0.110300731016,0.115553146778,
    0.120805562541,0.126057978304,0.131310394066,0.136562809829,
    0.141815225591,0.147067641354,0.152320057117,0.157572472879,
    0.162824888642,0.168077304405,0.173329720167,0.17858213593,
    0.183834551693,0.189086967455,0.194339383218,0.199591798981,
    0.204844214743,0.210096630506,0.215349046269,0.220601462031,
    0.225853877794,0.231106293557,0.236358709319,0.241611125082,
    0.246863540844,0.252115956607,0.25736837237,0.262620788132,
    0.267873203895,0.273125619658,0.27837803542,0.283630451183,
    0.288882866946,0.294135282708,0.299387698471,0.304640114234,
    0.309892529996,0.315144945759,0.320397361522,0.325649777284,
    0.330902193047,0.336154608809,0.341407024572,0.346659440335,
    0.351911856097,0.35716427186,0.362416687623,0.367669103385,
    0.372921519148,0.378173934911,0.383426350673,0.388678766436,
    0.393931182199,0.399183597961,0.404436013724,0.409688429487,
    0.414940845249,0.420193261012,0.425445676774,0.430698092537,
    0.4359505083,0.441202924062,0.446455339825,0.451707755588,
    0.45696017135,0.462212587113,0.467465002876,0.472717418638,
    0.477969834401,0.483222250164,0.488474665926,0.493727081689,
    0.498979497452,0.504231913214,0.509484328977,0.51473674474,
    0.519989160502,0.525241576265,0.530493992027,0.53574640779,
    0.540998823553,0.546251239315,0.551503655078,0.556756070841,
    0.562008486603,0.567260902366,0.572513318129,0.577765733891,
    0.583018149654,0.588270565417,0.593522981179,0.598775396942,
    0.604027812705,0.609280228467,0.61453264423,0.619785059992,
    0.625037475755,0.630289891518,0.63554230728,0.640794723043,
    0.646047138806,0.651299554568,0.656551970331,0.661804386094,
    0.667056801856,0.672309217619,0.677561633382,0.682814049144,
    0.688066464907,0.69331888067,0.698571296432,0.703823712195,
    0.709076127957,0.71432854372,0.719580959483,0.724833375245,
    0.730085791008,0.735338206771,0.740590622533,0.745843038296,
    0.751095454059,0.756347869821,0.761600285584,0.766852701347,
    0.772105117109,0.777357532872,0.782609948635,0.787862364397,
    0.79311478016,0.798367195923,0.803619611685,0.808872027448,
    0.81412444321,0.819376858973,0.824629274736,0.829881690498,
    0.835134106261,0.840386522024,0.845638937786,0.850891353549,
    0.856143769312,0.861396185074,0.866648600837,0.8719010166,
    0.877153432362,0.882405848125,0.887658263888,0.89291067965,
    0.898163095413,0.903415511175,0.908667926938,0.913920342701,
    0.919172758463,0.924425174226,0.929677589989,0.934930005751,
    0.940182421514,0.945434837277,0.950687253039,0.955939668802,
    0.961192084565,0.966444500327,0.97169691609,0.976949331853,
    0.982201747615,0.987454163378,0.99270657914,0.997958994903,
    1.003211410666,1.008463826428,1.013716242191,1.018968657954,
    1.024221073716,1.029473489479,1.034725905242,1.039978321004,
    1.045230736767,1.05048315253,1.055735568292,1.060987984055,
    1.066240399818,1.07149281558,1.076745231343,1.081997647106,
    1.087250062868,1.092502478631,1.097754894393,1.103007310156,
    1.108259725919,1.113512141681,1.118764557444,1.124016973207,
    1.129269388969,1.134521804732,1.139774220495,1.145026636257,
    1.15027905202,1.155531467783,1.160783883545,1.166036299308,
    1.171288715071,1.176541130833,1.181793546596,1.187045962358,
    1.192298378121,1.197550793884,1.202803209646,1.208055625409,
    1.213308041172,1.218560456934,1.223812872697,1.22906528846,
    1.234317704222,1.239570119985,1.244822535748,1.25007495151,
    1.255327367273,1.260579783036,1.265832198798,1.271084614561,
    1.276337030323,1.281589446086,1.286841861849,1.292094277611,
    1.297346693374,1.302599109137,1.307851524899,1.313103940662,
    1.318356356425,1.323608772187,1.32886118795,1.334113603713,
    1.339366019475,1.344618435238,1.349870851001,1.355123266763,
    1.360375682526,1.365628098289,1.370880514051,1.376132929814,
    1.381385345576,1.386637761339,1.391890177102,1.397142592864,
    1.402395008627,1.40764742439,1.412899840152,1.418152255915,
    1.423404671678,1.42865708744,1.433909503203,1.439161918966,
    1.444414334728,1.449666750491,1.454919166254,1.460171582016,
    1.465423997779,1.470676413541,1.475928829304,1.481181245067,
    1.486433660829,1.491686076592,1.496938492355,1.502190908117),
  .QUASI_UNIFORM_KNOTS.);
#1619 = CARTESIAN_POINT('',(6.28318530718,10.139101093465));
#1620 = CARTESIAN_POINT('',(6.278263798215,10.139101093465));
#1621 = CARTESIAN_POINT('',(6.268421062894,10.139101093465));
#1622 = CARTESIAN_POINT('',(6.253652610307,10.139101093465));
#1623 = CARTESIAN_POINT('',(6.23887459873,10.139101093465));
#1624 = CARTESIAN_POINT('',(6.224081860606,10.139101093465));
#1625 = CARTESIAN_POINT('',(6.209269237354,10.139101093465));
#1626 = CARTESIAN_POINT('',(6.194431569784,10.139101093465));
#1627 = CARTESIAN_POINT('',(6.179563682201,10.139101093465));
#1628 = CARTESIAN_POINT('',(6.16466036797,10.139101093465));
#1629 = CARTESIAN_POINT('',(6.149716374341,10.139101093465));
#1630 = CARTESIAN_POINT('',(6.134726386952,10.139101093465));
#1631 = CARTESIAN_POINT('',(6.119685013771,10.139101093465));
#1632 = CARTESIAN_POINT('',(6.104586768341,10.139101093465));
#1633 = CARTESIAN_POINT('',(6.089426052205,10.139101093466));
#1634 = CARTESIAN_POINT('',(6.074197136313,10.139101093465));
#1635 = CARTESIAN_POINT('',(6.058894141252,10.139101093466));
#1636 = CARTESIAN_POINT('',(6.043511016055,10.139101093465));
#1637 = CARTESIAN_POINT('',(6.028041515446,10.139101093465));
#1638 = CARTESIAN_POINT('',(6.01247917491,10.139101093465));
#1639 = CARTESIAN_POINT('',(5.996817284633,10.139101093465));
#1640 = CARTESIAN_POINT('',(5.981048856962,10.139101093465));
#1641 = CARTESIAN_POINT('',(5.965166605806,10.139101093465));
#1642 = CARTESIAN_POINT('',(5.949162867502,10.139101093465));
#1643 = CARTESIAN_POINT('',(5.933029724279,10.139101093465));
#1644 = CARTESIAN_POINT('',(5.916760507597,10.139101093465));
#1645 = CARTESIAN_POINT('',(5.900346356073,10.139101093465));
#1646 = CARTESIAN_POINT('',(5.883778577943,10.139101093465));
#1647 = CARTESIAN_POINT('',(5.867048090013,10.139101093465));
#1648 = CARTESIAN_POINT('',(5.850145511881,10.139101093465));
#1649 = CARTESIAN_POINT('',(5.833061079575,10.139101093465));
#1650 = CARTESIAN_POINT('',(5.815784598132,10.139101093465));
#1651 = CARTESIAN_POINT('',(5.798305385072,10.139101093465));
#1652 = CARTESIAN_POINT('',(5.780612170854,10.139101093465));
#1653 = CARTESIAN_POINT('',(5.762693132903,10.139101093465));
#1654 = CARTESIAN_POINT('',(5.744535382935,10.139101093465));
#1655 = CARTESIAN_POINT('',(5.726126999222,10.139101093465));
#1656 = CARTESIAN_POINT('',(5.70745403674,10.139101093465));
#1657 = CARTESIAN_POINT('',(5.688502210465,10.139101093465));
#1658 = CARTESIAN_POINT('',(5.669256792578,10.139101093465));
#1659 = CARTESIAN_POINT('',(5.649702535426,10.139101093465));
#1660 = CARTESIAN_POINT('',(5.62982350137,10.139101093465));
#1661 = CARTESIAN_POINT('',(5.609603154943,10.139101093465));
#1662 = CARTESIAN_POINT('',(5.589023404791,10.139101093465));
#1663 = CARTESIAN_POINT('',(5.568070770762,10.139101093465));
#1664 = CARTESIAN_POINT('',(5.546724152045,10.139101093465));
#1665 = CARTESIAN_POINT('',(5.524964312653,10.139101093465));
#1666 = CARTESIAN_POINT('',(5.502772610542,10.139101093465));
#1667 = CARTESIAN_POINT('',(5.480131322465,10.139101093465));
#1668 = CARTESIAN_POINT('',(5.45702354068,10.139101093465));
#1669 = CARTESIAN_POINT('',(5.433433249666,10.139101093466));
#1670 = CARTESIAN_POINT('',(5.40934518961,10.139101093465));
#1671 = CARTESIAN_POINT('',(5.384745489696,10.139101093465));
#1672 = CARTESIAN_POINT('',(5.359619553044,10.139101093465));
#1673 = CARTESIAN_POINT('',(5.33396031629,10.139101093465));
#1674 = CARTESIAN_POINT('',(5.307769660238,10.139101093465));
#1675 = CARTESIAN_POINT('',(5.281049511626,10.139101093465));
#1676 = CARTESIAN_POINT('',(5.25380945792,10.139101093465));
#1677 = CARTESIAN_POINT('',(5.226065846863,10.139101093465));
#1678 = CARTESIAN_POINT('',(5.197843803349,10.139101093466));
#1679 = CARTESIAN_POINT('',(5.169175330455,10.139101093465));
#1680 = CARTESIAN_POINT('',(5.140101379356,10.139101093465));
#1681 = CARTESIAN_POINT('',(5.110673236011,10.139101093465));
#1682 = CARTESIAN_POINT('',(5.08094555012,10.139101093465));
#1683 = CARTESIAN_POINT('',(5.050979683117,10.139101093465));
#1684 = CARTESIAN_POINT('',(5.020840505727,10.139101093465));
#1685 = CARTESIAN_POINT('',(4.990592801884,10.139101093465));
#1686 = CARTESIAN_POINT('',(4.960302947431,10.139101093465));
#1687 = CARTESIAN_POINT('',(4.930030891461,10.139101093465));
#1688 = CARTESIAN_POINT('',(4.899832418472,10.139101093465));
#1689 = CARTESIAN_POINT('',(4.869761411512,10.139101093465));
#1690 = CARTESIAN_POINT('',(4.8398609904,10.139101093465));
#1691 = CARTESIAN_POINT('',(4.810166412545,10.139101093466));
#1692 = CARTESIAN_POINT('',(4.780707625169,10.139101093465));
#1693 = CARTESIAN_POINT('',(4.751509262146,10.139101093465));
#1694 = CARTESIAN_POINT('',(4.722587355618,10.139101093465));
#1695 = CARTESIAN_POINT('',(4.693953433455,10.139101093465));
#1696 = CARTESIAN_POINT('',(4.665615005295,10.139101093465));
#1697 = CARTESIAN_POINT('',(4.637576103779,10.139101093465));
#1698 = CARTESIAN_POINT('',(4.609836282067,10.139101093465));
#1699 = CARTESIAN_POINT('',(4.582395216156,10.139101093465));
#1700 = CARTESIAN_POINT('',(4.555248696183,10.139101093465));
#1701 = CARTESIAN_POINT('',(4.528388763674,10.139101093465));
#1702 = CARTESIAN_POINT('',(4.501808252059,10.139101093465));
#1703 = CARTESIAN_POINT('',(4.475499451243,10.139101093465));
#1704 = CARTESIAN_POINT('',(4.449454341848,10.139101093465));
#1705 = CARTESIAN_POINT('',(4.423664448508,10.139101093465));
#1706 = CARTESIAN_POINT('',(4.39812066452,10.139101093465));
#1707 = CARTESIAN_POINT('',(4.372813584085,10.139101093465));
#1708 = CARTESIAN_POINT('',(4.347731839394,10.139101093465));
#1709 = CARTESIAN_POINT('',(4.322868576617,10.139101093465));
#1710 = CARTESIAN_POINT('',(4.298215061422,10.139101093465));
#1711 = CARTESIAN_POINT('',(4.273762091551,10.139101093465));
#1712 = CARTESIAN_POINT('',(4.249501265131,10.139101093465));
#1713 = CARTESIAN_POINT('',(4.22542450811,10.139101093465));
#1714 = CARTESIAN_POINT('',(4.201524081067,10.139101093465));
#1715 = CARTESIAN_POINT('',(4.177792483517,10.139101093465));
#1716 = CARTESIAN_POINT('',(4.154222350528,10.139101093465));
#1717 = CARTESIAN_POINT('',(4.130806533014,10.139101093465));
#1718 = CARTESIAN_POINT('',(4.107537491374,10.139101093465));
#1719 = CARTESIAN_POINT('',(4.084409484403,10.139101093465));
#1720 = CARTESIAN_POINT('',(4.061416414866,10.139101093465));
#1721 = CARTESIAN_POINT('',(4.03855214286,10.139101093465));
#1722 = CARTESIAN_POINT('',(4.015810971423,10.139101093465));
#1723 = CARTESIAN_POINT('',(3.993187454661,10.139101093465));
#1724 = CARTESIAN_POINT('',(3.970676392566,10.139101093465));
#1725 = CARTESIAN_POINT('',(3.948272784529,10.139101093465));
#1726 = CARTESIAN_POINT('',(3.925971786791,10.139101093465));
#1727 = CARTESIAN_POINT('',(3.9037687181,10.139101093465));
#1728 = CARTESIAN_POINT('',(3.881658888249,10.139101093465));
#1729 = CARTESIAN_POINT('',(3.859638356052,10.139101093465));
#1730 = CARTESIAN_POINT('',(3.837702967892,10.139101093465));
#1731 = CARTESIAN_POINT('',(3.815848776527,10.139101093465));
#1732 = CARTESIAN_POINT('',(3.794072005096,10.139101093465));
#1733 = CARTESIAN_POINT('',(3.772369028447,10.139101093465));
#1734 = CARTESIAN_POINT('',(3.750736351258,10.139101093465));
#1735 = CARTESIAN_POINT('',(3.729170592927,10.139101093465));
#1736 = CARTESIAN_POINT('',(3.707668458676,10.139101093465));
#1737 = CARTESIAN_POINT('',(3.686226767763,10.139101093465));
#1738 = CARTESIAN_POINT('',(3.66484256563,10.139101093465));
#1739 = CARTESIAN_POINT('',(3.643512878809,10.139101093465));
#1740 = CARTESIAN_POINT('',(3.622234873013,10.139101093465));
#1741 = CARTESIAN_POINT('',(3.601005797285,10.139101093465));
#1742 = CARTESIAN_POINT('',(3.579822987198,10.139101093465));
#1743 = CARTESIAN_POINT('',(3.558683836545,10.139101093466));
#1744 = CARTESIAN_POINT('',(3.537585839718,10.139101093465));
#1745 = CARTESIAN_POINT('',(3.516526778963,10.139101093465));
#1746 = CARTESIAN_POINT('',(3.495504101887,10.139101093465));
#1747 = CARTESIAN_POINT('',(3.474515436066,10.139101093465));
#1748 = CARTESIAN_POINT('',(3.453558464298,10.139101093465));
#1749 = CARTESIAN_POINT('',(3.432630946917,10.139101093465));
#1750 = CARTESIAN_POINT('',(3.411730705416,10.139101093465));
#1751 = CARTESIAN_POINT('',(3.39085561709,10.139101093465));
#1752 = CARTESIAN_POINT('',(3.370003607291,10.139101093465));
#1753 = CARTESIAN_POINT('',(3.349172642822,10.139101093465));
#1754 = CARTESIAN_POINT('',(3.328360725459,10.139101093465));
#1755 = CARTESIAN_POINT('',(3.307565885794,10.139101093465));
#1756 = CARTESIAN_POINT('',(3.28678617731,10.139101093465));
#1757 = CARTESIAN_POINT('',(3.266019670577,10.139101093465));
#1758 = CARTESIAN_POINT('',(3.245264447802,10.139101093465));
#1759 = CARTESIAN_POINT('',(3.224518596681,10.139101093465));
#1760 = CARTESIAN_POINT('',(3.203780207295,10.139101093465));
#1761 = CARTESIAN_POINT('',(3.183047357883,10.139101093465));
#1762 = CARTESIAN_POINT('',(3.16231814228,10.139101093465));
#1763 = CARTESIAN_POINT('',(3.141590541839,10.139101093465));
#1764 = CARTESIAN_POINT('',(3.120862877648,10.139101093465));
#1765 = CARTESIAN_POINT('',(3.10013372802,10.139101093465));
#1766 = CARTESIAN_POINT('',(3.0794009837,10.139101093465));
#1767 = CARTESIAN_POINT('',(3.058662738758,10.139101093465));
#1768 = CARTESIAN_POINT('',(3.037917050695,10.139101093465));
#1769 = CARTESIAN_POINT('',(3.017161997796,10.139101093465));
#1770 = CARTESIAN_POINT('',(2.99639565684,10.139101093465));
#1771 = CARTESIAN_POINT('',(2.975616102129,10.139101093465));
#1772 = CARTESIAN_POINT('',(2.95482139874,10.139101093465));
#1773 = CARTESIAN_POINT('',(2.934009597237,10.139101093465));
#1774 = CARTESIAN_POINT('',(2.913178727838,10.139101093465));
#1775 = CARTESIAN_POINT('',(2.892326794533,10.139101093465));
#1776 = CARTESIAN_POINT('',(2.87145176897,10.139101093465));
#1777 = CARTESIAN_POINT('',(2.85055158409,10.139101093465));
#1778 = CARTESIAN_POINT('',(2.829624127425,10.139101093465));
#1779 = CARTESIAN_POINT('',(2.808667234159,10.139101093465));
#1780 = CARTESIAN_POINT('',(2.787678679284,10.139101093465));
#1781 = CARTESIAN_POINT('',(2.766656171081,10.139101093465));
#1782 = CARTESIAN_POINT('',(2.745597337324,10.139101093465));
#1783 = CARTESIAN_POINT('',(2.724499735989,10.139101093465));
#1784 = CARTESIAN_POINT('',(2.703360771603,10.139101093465));
#1785 = CARTESIAN_POINT('',(2.682177960458,10.139101093465));
#1786 = CARTESIAN_POINT('',(2.660948956831,10.139101093465));
#1787 = CARTESIAN_POINT('',(2.6396710034,10.139101093465));
#1788 = CARTESIAN_POINT('',(2.618341365347,10.139101093465));
#1789 = CARTESIAN_POINT('',(2.596957201103,10.139101093466));
#1790 = CARTESIAN_POINT('',(2.575515578933,10.139101093465));
#1791 = CARTESIAN_POINT('',(2.554013463571,10.139101093465));
#1792 = CARTESIAN_POINT('',(2.532447672863,10.139101093465));
#1793 = CARTESIAN_POINT('',(2.510815072825,10.139101093465));
#1794 = CARTESIAN_POINT('',(2.489112196184,10.139101093465));
#1795 = CARTESIAN_POINT('',(2.467335512641,10.139101093465));
#1796 = CARTESIAN_POINT('',(2.445481378698,10.139101093465));
#1797 = CARTESIAN_POINT('',(2.423546026527,10.139101093465));
#1798 = CARTESIAN_POINT('',(2.401525541228,10.139101093465));
#1799 = CARTESIAN_POINT('',(2.379415834929,10.139101093465));
#1800 = CARTESIAN_POINT('',(2.357212633037,10.139101093465));
#1801 = CARTESIAN_POINT('',(2.334911401507,10.139101093465));
#1802 = CARTESIAN_POINT('',(2.312507945143,10.139101093465));
#1803 = CARTESIAN_POINT('',(2.28999712462,10.139101093465));
#1804 = CARTESIAN_POINT('',(2.267373831132,10.139101093465));
#1805 = CARTESIAN_POINT('',(2.244632786091,10.139101093465));
#1806 = CARTESIAN_POINT('',(2.221768549095,10.139101093465));
#1807 = CARTESIAN_POINT('',(2.198775465789,10.139101093465));
#1808 = CARTESIAN_POINT('',(2.175647624513,10.139101093465));
#1809 = CARTESIAN_POINT('',(2.152378810911,10.139101093465));
#1810 = CARTESIAN_POINT('',(2.128962431524,10.139101093465));
#1811 = CARTESIAN_POINT('',(2.105391530002,10.139101093465));
#1812 = CARTESIAN_POINT('',(2.081660633387,10.139101093465));
#1813 = CARTESIAN_POINT('',(2.057761207176,10.139101093465));
#1814 = CARTESIAN_POINT('',(2.033685371306,10.139101093465));
#1815 = CARTESIAN_POINT('',(2.009425089585,10.139101093465));
#1816 = CARTESIAN_POINT('',(1.984972299277,10.139101093465));
#1817 = CARTESIAN_POINT('',(1.960318773506,10.139101093465));
#1818 = CARTESIAN_POINT('',(1.93545607267,10.139101093465));
#1819 = CARTESIAN_POINT('',(1.910375356293,10.139101093465));
#1820 = CARTESIAN_POINT('',(1.885067600607,10.139101093465));
#1821 = CARTESIAN_POINT('',(1.859522255054,10.139101093465));
#1822 = CARTESIAN_POINT('',(1.833731644238,10.139101093465));
#1823 = CARTESIAN_POINT('',(1.807687476293,10.139101093465));
#1824 = CARTESIAN_POINT('',(1.781379168856,10.139101093465));
#1825 = CARTESIAN_POINT('',(1.754798256696,10.139101093465));
#1826 = CARTESIAN_POINT('',(1.727937117232,10.139101093465));
#1827 = CARTESIAN_POINT('',(1.700789257749,10.139101093465));
#1828 = CARTESIAN_POINT('',(1.673349092308,10.139101093465));
#1829 = CARTESIAN_POINT('',(1.645612260245,10.139101093465));
#1830 = CARTESIAN_POINT('',(1.617574359717,10.139101093465));
#1831 = CARTESIAN_POINT('',(1.589235570651,10.139101093465));
#1832 = CARTESIAN_POINT('',(1.560601449082,10.139101093465));
#1833 = CARTESIAN_POINT('',(1.53167886621,10.139101093465));
#1834 = CARTESIAN_POINT('',(1.50248011756,10.139101093465));
#1835 = CARTESIAN_POINT('',(1.473022070514,10.139101093466));
#1836 = CARTESIAN_POINT('',(1.443327612067,10.139101093465));
#1837 = CARTESIAN_POINT('',(1.413427091329,10.139101093465));
#1838 = CARTESIAN_POINT('',(1.383357462893,10.139101093465));
#1839 = CARTESIAN_POINT('',(1.35315992379,10.139101093465));
#1840 = CARTESIAN_POINT('',(1.322888305612,10.139101093465));
#1841 = CARTESIAN_POINT('',(1.292599042298,10.139101093465));
#1842 = CARTESIAN_POINT('',(1.262352089451,10.139101093465));
#1843 = CARTESIAN_POINT('',(1.232213842995,10.139101093465));
#1844 = CARTESIAN_POINT('',(1.202247267948,10.139101093465));
#1845 = CARTESIAN_POINT('',(1.172519275845,10.139101093465));
#1846 = CARTESIAN_POINT('',(1.143091236496,10.139101093465));
#1847 = CARTESIAN_POINT('',(1.114017719732,10.139101093465));
#1848 = CARTESIAN_POINT('',(1.085347118691,10.139101093465));
#1849 = CARTESIAN_POINT('',(1.057124932388,10.139101093465));
#1850 = CARTESIAN_POINT('',(1.029382750224,10.139101093465));
#1851 = CARTESIAN_POINT('',(1.002143515582,10.139101093466));
#1852 = CARTESIAN_POINT('',(0.975424052962,10.139101093465));
#1853 = CARTESIAN_POINT('',(0.949235039147,10.139101093465));
#1854 = CARTESIAN_POINT('',(0.923578261107,10.139101093465));
#1855 = CARTESIAN_POINT('',(0.898450886398,10.139101093465));
#1856 = CARTESIAN_POINT('',(0.873846158033,10.139101093465));
#1857 = CARTESIAN_POINT('',(0.849754063465,10.139101093465));
#1858 = CARTESIAN_POINT('',(0.826160369645,10.139101093465));
#1859 = CARTESIAN_POINT('',(0.803051905991,10.139101093465));
#1860 = CARTESIAN_POINT('',(0.780410912343,10.139101093465));
#1861 = CARTESIAN_POINT('',(0.758218592099,10.139101093465));
#1862 = CARTESIAN_POINT('',(0.736456831438,10.139101093465));
#1863 = CARTESIAN_POINT('',(0.715107594882,10.139101093465));
#1864 = CARTESIAN_POINT('',(0.694153005633,10.139101093465));
#1865 = CARTESIAN_POINT('',(0.67357506925,10.139101093465));
#1866 = CARTESIAN_POINT('',(0.65335618928,10.139101093465));
#1867 = CARTESIAN_POINT('',(0.633476913347,10.139101093465));
#1868 = CARTESIAN_POINT('',(0.613924361225,10.139101093465));
#1869 = CARTESIAN_POINT('',(0.59468263558,10.139101093465));
#1870 = CARTESIAN_POINT('',(0.575734574345,10.139101093465));
#1871 = CARTESIAN_POINT('',(0.557064891329,10.139101093465));
#1872 = CARTESIAN_POINT('',(0.538659132685,10.139101093465));
#1873 = CARTESIAN_POINT('',(0.520503782381,10.139101093465));
#1874 = CARTESIAN_POINT('',(0.502586083431,10.139101093465));
#1875 = CARTESIAN_POINT('',(0.484893955201,10.139101093465));
#1876 = CARTESIAN_POINT('',(0.46741590166,10.139101093465));
#1877 = CARTESIAN_POINT('',(0.450140935942,10.139101093465));
#1878 = CARTESIAN_POINT('',(0.433058512233,10.139101093465));
#1879 = CARTESIAN_POINT('',(0.416158464953,10.139101093465));
#1880 = CARTESIAN_POINT('',(0.399430955417,10.139101093466));
#1881 = CARTESIAN_POINT('',(0.382866418098,10.139101093465));
#1882 = CARTESIAN_POINT('',(0.366455531951,10.139101093465));
#1883 = CARTESIAN_POINT('',(0.350189118216,10.139101093465));
#1884 = CARTESIAN_POINT('',(0.3340583299,10.139101093465));
#1885 = CARTESIAN_POINT('',(0.318053767885,10.139101093465));
#1886 = CARTESIAN_POINT('',(0.302168616301,10.139101093465));
#1887 = CARTESIAN_POINT('',(0.286398193771,10.139101093466));
#1888 = CARTESIAN_POINT('',(0.270734349086,10.139101093466));
#1889 = CARTESIAN_POINT('',(0.255170257661,10.139101093465));
#1890 = CARTESIAN_POINT('',(0.239699106751,10.139101093465));
#1891 = CARTESIAN_POINT('',(0.224314409067,10.139101093465));
#1892 = CARTESIAN_POINT('',(0.209009883409,10.139101093465));
#1893 = CARTESIAN_POINT('',(0.193779454231,10.139101093465));
#1894 = CARTESIAN_POINT('',(0.178617221892,10.139101093465));
#1895 = CARTESIAN_POINT('',(0.163517442959,10.139101093465));
#1896 = CARTESIAN_POINT('',(0.14847450972,10.139101093465));
#1897 = CARTESIAN_POINT('',(0.133482931534,10.139101093465));
#1898 = CARTESIAN_POINT('',(0.11853731706,10.139101093465));
#1899 = CARTESIAN_POINT('',(0.103632357414,10.139101093465));
#1900 = CARTESIAN_POINT('',(8.876281002102E-02,10.139101093465));
#1901 = CARTESIAN_POINT('',(7.3923483081E-02,10.139101093465));
#1902 = CARTESIAN_POINT('',(5.91092203833E-02,10.139101093465));
#1903 = CARTESIAN_POINT('',(4.431488684488E-02,10.139101093465));
#1904 = CARTESIAN_POINT('',(2.953535281317E-02,10.139101093465));
#1905 = CARTESIAN_POINT('',(1.476548391924E-02,10.139101093465));
#1906 = CARTESIAN_POINT('',(4.921901735183E-03,10.139101093465));
#1907 = CARTESIAN_POINT('',(0.,10.139101093465));
#1908 = ( GEOMETRIC_REPRESENTATION_CONTEXT(2)
PARAMETRIC_REPRESENTATION_CONTEXT() REPRESENTATION_CONTEXT('2D SPACE',''
  ) );
#1909 = PCURVE('',#1910,#1915);
#1910 = B_SPLINE_SURFACE_WITH_KNOTS('',1,1,(
    (#1911,#1912)
    ,(#1913,#1914
    )),.UNSPECIFIED.,.F.,.F.,.F.,(2,2),(2,2),(-322.9680856541,
    322.9680856541),(0.,1.),.PIECEWISE_BEZIER_KNOTS.);
#1911 = CARTESIAN_POINT('',(-422.4852398783,322.9680856541,-252.92));
#1912 = CARTESIAN_POINT('',(-352.0247601216,159.34191434589,-74.));
#1913 = CARTESIAN_POINT('',(-422.4852398783,-322.9680856541,-252.92));
#1914 = CARTESIAN_POINT('',(-352.0247601216,-159.3419143458,-74.));
#1915 = DEFINITIONAL_REPRESENTATION('',(#1916),#2206);
#1916 = B_SPLINE_CURVE_WITH_KNOTS('',3,(#1917,#1918,#1919,#1920,#1921,
    #1922,#1923,#1924,#1925,#1926,#1927,#1928,#1929,#1930,#1931,#1932,
    #1933,#1934,#1935,#1936,#1937,#1938,#1939,#1940,#1941,#1942,#1943,
    #1944,#1945,#1946,#1947,#1948,#1949,#1950,#1951,#1952,#1953,#1954,
    #1955,#1956,#1957,#1958,#1959,#1960,#1961,#1962,#1963,#1964,#1965,
    #1966,#1967,#1968,#1969,#1970,#1971,#1972,#1973,#1974,#1975,#1976,
    #1977,#1978,#1979,#1980,#1981,#1982,#1983,#1984,#1985,#1986,#1987,
    #1988,#1989,#1990,#1991,#1992,#1993,#1994,#1995,#1996,#1997,#1998,
    #1999,#2000,#2001,#2002,#2003,#2004,#2005,#2006,#2007,#2008,#2009,
    #2010,#2011,#2012,#2013,#2014,#2015,#2016,#2017,#2018,#2019,#2020,
    #2021,#2022,#2023,#2024,#2025,#2026,#2027,#2028,#2029,#2030,#2031,
    #2032,#2033,#2034,#2035,#2036,#2037,#2038,#2039,#2040,#2041,#2042,
    #2043,#2044,#2045,#2046,#2047,#2048,#2049,#2050,#2051,#2052,#2053,
    #2054,#2055,#2056,#2057,#2058,#2059,#2060,#2061,#2062,#2063,#2064,
    #2065,#2066,#2067,#2068,#2069,#2070,#2071,#2072,#2073,#2074,#2075,
    #2076,#2077,#2078,#2079,#2080,#2081,#2082,#2083,#2084,#2085,#2086,
    #2087,#2088,#2089,#2090,#2091,#2092,#2093,#2094,#2095,#2096,#2097,
    #2098,#2099,#2100,#2101,#2102,#2103,#2104,#2105,#2106,#2107,#2108,
    #2109,#2110,#2111,#2112,#2113,#2114,#2115,#2116,#2117,#2118,#2119,
    #2120,#2121,#2122,#2123,#2124,#2125,#2126,#2127,#2128,#2129,#2130,
    #2131,#2132,#2133,#2134,#2135,#2136,#2137,#2138,#2139,#2140,#2141,
    #2142,#2143,#2144,#2145,#2146,#2147,#2148,#2149,#2150,#2151,#2152,
    #2153,#2154,#2155,#2156,#2157,#2158,#2159,#2160,#2161,#2162,#2163,
    #2164,#2165,#2166,#2167,#2168,#2169,#2170,#2171,#2172,#2173,#2174,
    #2175,#2176,#2177,#2178,#2179,#2180,#2181,#2182,#2183,#2184,#2185,
    #2186,#2187,#2188,#2189,#2190,#2191,#2192,#2193,#2194,#2195,#2196,
    #2197,#2198,#2199,#2200,#2201,#2202,#2203,#2204,#2205),
  .UNSPECIFIED.,.F.,.F.,(4,1,1,1,1,1,1,1,1,1,1,1,1,1,1,1,1,1,1,1,1,1,1,1
    ,1,1,1,1,1,1,1,1,1,1,1,1,1,1,1,1,1,1,1,1,1,1,1,1,1,1,1,1,1,1,1,1,1,1
    ,1,1,1,1,1,1,1,1,1,1,1,1,1,1,1,1,1,1,1,1,1,1,1,1,1,1,1,1,1,1,1,1,1,1
    ,1,1,1,1,1,1,1,1,1,1,1,1,1,1,1,1,1,1,1,1,1,1,1,1,1,1,1,1,1,1,1,1,1,1
    ,1,1,1,1,1,1,1,1,1,1,1,1,1,1,1,1,1,1,1,1,1,1,1,1,1,1,1,1,1,1,1,1,1,1
    ,1,1,1,1,1,1,1,1,1,1,1,1,1,1,1,1,1,1,1,1,1,1,1,1,1,1,1,1,1,1,1,1,1,1
    ,1,1,1,1,1,1,1,1,1,1,1,1,1,1,1,1,1,1,1,1,1,1,1,1,1,1,1,1,1,1,1,1,1,1
    ,1,1,1,1,1,1,1,1,1,1,1,1,1,1,1,1,1,1,1,1,1,1,1,1,1,1,1,1,1,1,1,1,1,1
    ,1,1,1,1,1,1,1,1,1,1,1,1,1,1,1,1,1,1,1,1,1,1,1,1,4),(0.,
    5.252415762648E-03,1.05048315253E-02,1.575724728794E-02,
    2.100966305059E-02,2.626207881324E-02,3.151449457589E-02,
    3.676691033854E-02,4.201932610118E-02,4.727174186383E-02,
    5.252415762648E-02,5.777657338913E-02,6.302898915178E-02,
    6.828140491443E-02,7.353382067707E-02,7.878623643972E-02,
    8.403865220237E-02,8.929106796502E-02,9.454348372767E-02,
    9.979589949031E-02,0.105048315253,0.110300731016,0.115553146778,
    0.120805562541,0.126057978304,0.131310394066,0.136562809829,
    0.141815225591,0.147067641354,0.152320057117,0.157572472879,
    0.162824888642,0.168077304405,0.173329720167,0.17858213593,
    0.183834551693,0.189086967455,0.194339383218,0.199591798981,
    0.204844214743,0.210096630506,0.215349046269,0.220601462031,
    0.225853877794,0.231106293557,0.236358709319,0.241611125082,
    0.246863540844,0.252115956607,0.25736837237,0.262620788132,
    0.267873203895,0.273125619658,0.27837803542,0.283630451183,
    0.288882866946,0.294135282708,0.299387698471,0.304640114234,
    0.309892529996,0.315144945759,0.320397361522,0.325649777284,
    0.330902193047,0.336154608809,0.341407024572,0.346659440335,
    0.351911856097,0.35716427186,0.362416687623,0.367669103385,
    0.372921519148,0.378173934911,0.383426350673,0.388678766436,
    0.393931182199,0.399183597961,0.404436013724,0.409688429487,
    0.414940845249,0.420193261012,0.425445676774,0.430698092537,
    0.4359505083,0.441202924062,0.446455339825,0.451707755588,
    0.45696017135,0.462212587113,0.467465002876,0.472717418638,
    0.477969834401,0.483222250164,0.488474665926,0.493727081689,
    0.498979497452,0.504231913214,0.509484328977,0.51473674474,
    0.519989160502,0.525241576265,0.530493992027,0.53574640779,
    0.540998823553,0.546251239315,0.551503655078,0.556756070841,
    0.562008486603,0.567260902366,0.572513318129,0.577765733891,
    0.583018149654,0.588270565417,0.593522981179,0.598775396942,
    0.604027812705,0.609280228467,0.61453264423,0.619785059992,
    0.625037475755,0.630289891518,0.63554230728,0.640794723043,
    0.646047138806,0.651299554568,0.656551970331,0.661804386094,
    0.667056801856,0.672309217619,0.677561633382,0.682814049144,
    0.688066464907,0.69331888067,0.698571296432,0.703823712195,
    0.709076127957,0.71432854372,0.719580959483,0.724833375245,
    0.730085791008,0.735338206771,0.740590622533,0.745843038296,
    0.751095454059,0.756347869821,0.761600285584,0.766852701347,
    0.772105117109,0.777357532872,0.782609948635,0.787862364397,
    0.79311478016,0.798367195923,0.803619611685,0.808872027448,
    0.81412444321,0.819376858973,0.824629274736,0.829881690498,
    0.835134106261,0.840386522024,0.845638937786,0.850891353549,
    0.856143769312,0.861396185074,0.866648600837,0.8719010166,
    0.877153432362,0.882405848125,0.887658263888,0.89291067965,
    0.898163095413,0.903415511175,0.908667926938,0.913920342701,
    0.919172758463,0.924425174226,0.929677589989,0.934930005751,
    0.940182421514,0.945434837277,0.950687253039,0.955939668802,
    0.961192084565,0.966444500327,0.97169691609,0.976949331853,
    0.982201747615,0.987454163378,0.99270657914,0.997958994903,
    1.003211410666,1.008463826428,1.013716242191,1.018968657954,
    1.024221073716,1.029473489479,1.034725905242,1.039978321004,
    1.045230736767,1.05048315253,1.055735568292,1.060987984055,
    1.066240399818,1.07149281558,1.076745231343,1.081997647106,
    1.087250062868,1.092502478631,1.097754894393,1.103007310156,
    1.108259725919,1.113512141681,1.118764557444,1.124016973207,
    1.129269388969,1.134521804732,1.139774220495,1.145026636257,
    1.15027905202,1.155531467783,1.160783883545,1.166036299308,
    1.171288715071,1.176541130833,1.181793546596,1.187045962358,
    1.192298378121,1.197550793884,1.202803209646,1.208055625409,
    1.213308041172,1.218560456934,1.223812872697,1.22906528846,
    1.234317704222,1.239570119985,1.244822535748,1.25007495151,
    1.255327367273,1.260579783036,1.265832198798,1.271084614561,
    1.276337030323,1.281589446086,1.286841861849,1.292094277611,
    1.297346693374,1.302599109137,1.307851524899,1.313103940662,
    1.318356356425,1.323608772187,1.32886118795,1.334113603713,
    1.339366019475,1.344618435238,1.349870851001,1.355123266763,
    1.360375682526,1.365628098289,1.370880514051,1.376132929814,
    1.381385345576,1.386637761339,1.391890177102,1.397142592864,
    1.402395008627,1.40764742439,1.412899840152,1.418152255915,
    1.423404671678,1.42865708744,1.433909503203,1.439161918966,
    1.444414334728,1.449666750491,1.454919166254,1.460171582016,
    1.465423997779,1.470676413541,1.475928829304,1.481181245067,
    1.486433660829,1.491686076592,1.496938492355,1.502190908117),
  .QUASI_UNIFORM_KNOTS.);
#1917 = CARTESIAN_POINT('',(2.544965113155E-14,0.8716553736));
#1918 = CARTESIAN_POINT('',(0.636351373296,0.871655365461));
#1919 = CARTESIAN_POINT('',(1.909018224509,0.871628097214));
#1920 = CARTESIAN_POINT('',(3.817738859835,0.871505297391));
#1921 = CARTESIAN_POINT('',(5.726010795606,0.871300496638));
#1922 = CARTESIAN_POINT('',(7.633654833219,0.871013458245));
#1923 = CARTESIAN_POINT('',(9.540484893681,0.870643858951));
#1924 = CARTESIAN_POINT('',(11.446306911317,0.870191276552));
#1925 = CARTESIAN_POINT('',(13.350918893835,0.869655192714));
#1926 = CARTESIAN_POINT('',(15.25411066279,0.86903499109));
#1927 = CARTESIAN_POINT('',(17.155663669759,0.86832995609));
#1928 = CARTESIAN_POINT('',(19.055350779878,0.867539270854));
#1929 = CARTESIAN_POINT('',(20.952936049603,0.866662014792));
#1930 = CARTESIAN_POINT('',(22.848174489428,0.865697160571));
#1931 = CARTESIAN_POINT('',(24.740811811807,0.864643570519));
#1932 = CARTESIAN_POINT('',(26.630584162011,0.863499992405));
#1933 = CARTESIAN_POINT('',(28.517217828933,0.86226505454));
#1934 = CARTESIAN_POINT('',(30.40042893619,0.86093726011));
#1935 = CARTESIAN_POINT('',(32.279923098503,0.859514980697));
#1936 = CARTESIAN_POINT('',(34.155395083142,0.857996448841));
#1937 = CARTESIAN_POINT('',(36.026528308394,0.856379749699));
#1938 = CARTESIAN_POINT('',(37.892994783084,0.854662811178));
#1939 = CARTESIAN_POINT('',(39.754453205773,0.852843394302));
#1940 = CARTESIAN_POINT('',(41.610553706528,0.850919076732));
#1941 = CARTESIAN_POINT('',(43.460917536996,0.848887255174));
#1942 = CARTESIAN_POINT('',(45.30496429419,0.846745347046));
#1943 = CARTESIAN_POINT('',(47.142300424542,0.844490343886));
#1944 = CARTESIAN_POINT('',(48.972440144968,0.84211908989));
#1945 = CARTESIAN_POINT('',(50.79486505458,0.839628207921));
#1946 = CARTESIAN_POINT('',(52.609007120823,0.837014102839));
#1947 = CARTESIAN_POINT('',(54.414252003005,0.834272941778));
#1948 = CARTESIAN_POINT('',(56.20993700814,0.831400637093));
#1949 = CARTESIAN_POINT('',(57.995349395,0.828392826948));
#1950 = CARTESIAN_POINT('',(59.769727710145,0.825244845398));
#1951 = CARTESIAN_POINT('',(61.532249534226,0.821951716961));
#1952 = CARTESIAN_POINT('',(63.282069261735,0.818508041387));
#1953 = CARTESIAN_POINT('',(65.018114803926,0.81490837476));
#1954 = CARTESIAN_POINT('',(66.739366258761,0.811146653498));
#1955 = CARTESIAN_POINT('',(68.444677813754,0.807216487728));
#1956 = CARTESIAN_POINT('',(70.132779925299,0.803111141879));
#1957 = CARTESIAN_POINT('',(71.802275896295,0.798823511793));
#1958 = CARTESIAN_POINT('',(73.451644310253,0.794346077933));
#1959 = CARTESIAN_POINT('',(75.079221142157,0.789670922539));
#1960 = CARTESIAN_POINT('',(76.683254872906,0.784789479758));
#1961 = CARTESIAN_POINT('',(78.26143515309,0.779694043868));
#1962 = CARTESIAN_POINT('',(79.811820902647,0.774374834188));
#1963 = CARTESIAN_POINT('',(81.332075262913,0.768822215216));
#1964 = CARTESIAN_POINT('',(82.819580426368,0.763026461042));
#1965 = CARTESIAN_POINT('',(84.27142075844,0.756977879749));
#1966 = CARTESIAN_POINT('',(85.684403333542,0.750666844624));
#1967 = CARTESIAN_POINT('',(87.055067891845,0.744083874376));
#1968 = CARTESIAN_POINT('',(88.379710565584,0.737219656601));
#1969 = CARTESIAN_POINT('',(89.654373326838,0.730065305213));
#1970 = CARTESIAN_POINT('',(90.874968169574,0.722611804541));
#1971 = CARTESIAN_POINT('',(92.036908469671,0.71485255165));
#1972 = CARTESIAN_POINT('',(93.135208622449,0.706784096746));
#1973 = CARTESIAN_POINT('',(94.164972979252,0.698403615868));
#1974 = CARTESIAN_POINT('',(95.121157209937,0.689711401637));
#1975 = CARTESIAN_POINT('',(95.998755766255,0.680710831132));
#1976 = CARTESIAN_POINT('',(96.792887757155,0.671409243196));
#1977 = CARTESIAN_POINT('',(97.499017387341,0.661817538856));
#1978 = CARTESIAN_POINT('',(98.113046351573,0.651951039861));
#1979 = CARTESIAN_POINT('',(98.631471170767,0.64183015529));
#1980 = CARTESIAN_POINT('',(99.05164960957,0.631478088437));
#1981 = CARTESIAN_POINT('',(99.37181641539,0.620921976811));
#1982 = CARTESIAN_POINT('',(99.591205176471,0.610191743778));
#1983 = CARTESIAN_POINT('',(99.710075180834,0.599318676273));
#1984 = CARTESIAN_POINT('',(99.729673140341,0.58833583968));
#1985 = CARTESIAN_POINT('',(99.652173573828,0.577274944217));
#1986 = CARTESIAN_POINT('',(99.4805237176,0.566166866992));
#1987 = CARTESIAN_POINT('',(99.218355571979,0.555042247899));
#1988 = CARTESIAN_POINT('',(98.869780829013,0.543927969666));
#1989 = CARTESIAN_POINT('',(98.439217189729,0.532847975123));
#1990 = CARTESIAN_POINT('',(97.93128501482,0.521824038822));
#1991 = CARTESIAN_POINT('',(97.350700951827,0.510875629104));
#1992 = CARTESIAN_POINT('',(96.702097700693,0.500018565724));
#1993 = CARTESIAN_POINT('',(95.989997862434,0.489266483286));
#1994 = CARTESIAN_POINT('',(95.218763602061,0.478630977459));
#1995 = CARTESIAN_POINT('',(94.392558403656,0.468121791174));
#1996 = CARTESIAN_POINT('',(93.515268957864,0.457746443768));
#1997 = CARTESIAN_POINT('',(92.590621026909,0.447511968958));
#1998 = CARTESIAN_POINT('',(91.622038792376,0.437423436785));
#1999 = CARTESIAN_POINT('',(90.612613210108,0.427484051845));
#2000 = CARTESIAN_POINT('',(89.565260125294,0.417696879055));
#2001 = CARTESIAN_POINT('',(88.482682843431,0.408064376029));
#2002 = CARTESIAN_POINT('',(87.367385862528,0.398588512898));
#2003 = CARTESIAN_POINT('',(86.221675905458,0.389270750343));
#2004 = CARTESIAN_POINT('',(85.047658881215,0.380112012018));
#2005 = CARTESIAN_POINT('',(83.847262016479,0.371112835892));
#2006 = CARTESIAN_POINT('',(82.622155472857,0.362272830211));
#2007 = CARTESIAN_POINT('',(81.374079836041,0.353592979931));
#2008 = CARTESIAN_POINT('',(80.104553272936,0.345073390479));
#2009 = CARTESIAN_POINT('',(78.814938570762,0.33671383222));
#2010 = CARTESIAN_POINT('',(77.506518558553,0.328514195069));
#2011 = CARTESIAN_POINT('',(76.180481645929,0.320474336987));
#2012 = CARTESIAN_POINT('',(74.837930379052,0.312594099651));
#2013 = CARTESIAN_POINT('',(73.47988381999,0.304873288279));
#2014 = CARTESIAN_POINT('',(72.107278101965,0.297311651296));
#2015 = CARTESIAN_POINT('',(70.720977403005,0.289908916978));
#2016 = CARTESIAN_POINT('',(69.321742460783,0.282664619686));
#2017 = CARTESIAN_POINT('',(67.910368490501,0.275578786953));
#2018 = CARTESIAN_POINT('',(66.487563216523,0.268651261992));
#2019 = CARTESIAN_POINT('',(65.053968415842,0.261881819413));
#2020 = CARTESIAN_POINT('',(63.61019445156,0.255270316766));
#2021 = CARTESIAN_POINT('',(62.15681294694,0.248816638847));
#2022 = CARTESIAN_POINT('',(60.69436041642,0.242520699394));
#2023 = CARTESIAN_POINT('',(59.223338981944,0.236382430265));
#2024 = CARTESIAN_POINT('',(57.744216838021,0.230401773085));
#2025 = CARTESIAN_POINT('',(56.25743167183,0.224578683345));
#2026 = CARTESIAN_POINT('',(54.763381533434,0.21891309204));
#2027 = CARTESIAN_POINT('',(53.262479178199,0.213405097961));
#2028 = CARTESIAN_POINT('',(51.755089871002,0.20805471907));
#2029 = CARTESIAN_POINT('',(50.241561562738,0.202862005061));
#2030 = CARTESIAN_POINT('',(48.722224769365,0.197827027076));
#2031 = CARTESIAN_POINT('',(47.197393276389,0.192949873637));
#2032 = CARTESIAN_POINT('',(45.667364490651,0.188230645691));
#2033 = CARTESIAN_POINT('',(44.132420091697,0.183669453615));
#2034 = CARTESIAN_POINT('',(42.592825537265,0.179266411856));
#2035 = CARTESIAN_POINT('',(41.048833536873,0.175021645728));
#2036 = CARTESIAN_POINT('',(39.500693606198,0.170935312088));
#2037 = CARTESIAN_POINT('',(37.948635780025,0.167007550277));
#2038 = CARTESIAN_POINT('',(36.392883221618,0.163238513453));
#2039 = CARTESIAN_POINT('',(34.833649300763,0.159628357704));
#2040 = CARTESIAN_POINT('',(33.271138912737,0.156177242535));
#2041 = CARTESIAN_POINT('',(31.705547438888,0.152885325659));
#2042 = CARTESIAN_POINT('',(30.137064888658,0.149752769188));
#2043 = CARTESIAN_POINT('',(28.56589076913,0.146779764099));
#2044 = CARTESIAN_POINT('',(26.992188588167,0.143966440474));
#2045 = CARTESIAN_POINT('',(25.41612485225,0.141312945856));
#2046 = CARTESIAN_POINT('',(23.837860627341,0.13881942485));
#2047 = CARTESIAN_POINT('',(22.257553951253,0.136486021703));
#2048 = CARTESIAN_POINT('',(20.675359336593,0.134312877058));
#2049 = CARTESIAN_POINT('',(19.091428050843,0.132300126583));
#2050 = CARTESIAN_POINT('',(17.505908185192,0.130447899407));
#2051 = CARTESIAN_POINT('',(15.918944776386,0.128756316907));
#2052 = CARTESIAN_POINT('',(14.330679910426,0.127225491675));
#2053 = CARTESIAN_POINT('',(12.741252826404,0.125855526715));
#2054 = CARTESIAN_POINT('',(11.150800016633,0.124646514834));
#2055 = CARTESIAN_POINT('',(9.559455318615,0.123598538227));
#2056 = CARTESIAN_POINT('',(7.967350019288,0.122711668251));
#2057 = CARTESIAN_POINT('',(6.374612893356,0.121985965363));
#2058 = CARTESIAN_POINT('',(4.781370467381,0.121421479234));
#2059 = CARTESIAN_POINT('',(3.187746420893,0.121018248997));
#2060 = CARTESIAN_POINT('',(1.593864187828,0.120776303712));
#2061 = CARTESIAN_POINT('',(-1.62405818828E-04,0.120695662694));
#2062 = CARTESIAN_POINT('',(-1.594193874286,0.120776337015));
#2063 = CARTESIAN_POINT('',(-3.188070951545,0.121018314891));
#2064 = CARTESIAN_POINT('',(-4.781686784678,0.121421575526));
#2065 = CARTESIAN_POINT('',(-6.374917928775,0.121986089256));
#2066 = CARTESIAN_POINT('',(-7.967642306873,0.12271181669));
#2067 = CARTESIAN_POINT('',(-9.559734306679,0.12359870829));
#2068 = CARTESIAN_POINT('',(-11.151065998,0.124646704003));
#2069 = CARTESIAN_POINT('',(-12.74150670448,0.125855733062));
#2070 = CARTESIAN_POINT('',(-14.33092301035,0.127225713943));
#2071 = CARTESIAN_POINT('',(-15.91917864476,0.128756554496));
#2072 = CARTESIAN_POINT('',(-17.50613439292,0.130448152246));
#2073 = CARTESIAN_POINT('',(-19.09164799416,0.132300394895));
#2074 = CARTESIAN_POINT('',(-20.67557403791,0.134313161021));
#2075 = CARTESIAN_POINT('',(-22.25776385405,0.136486320981));
#2076 = CARTESIAN_POINT('',(-23.83806540193,0.138819738054));
#2077 = CARTESIAN_POINT('',(-25.41632314595,0.141313269781));
#2078 = CARTESIAN_POINT('',(-26.9923779634,0.143966769636));
#2079 = CARTESIAN_POINT('',(-28.56606691605,0.146780088654));
#2080 = CARTESIAN_POINT('',(-30.13722351611,0.1497530784));
#2081 = CARTESIAN_POINT('',(-31.70567613562,0.152885590217));
#2082 = CARTESIAN_POINT('',(-33.27125333499,0.156177489627));
#2083 = CARTESIAN_POINT('',(-34.83376336238,0.159628615583));
#2084 = CARTESIAN_POINT('',(-36.39299150784,0.163238769793));
#2085 = CARTESIAN_POINT('',(-37.94873971651,0.167007807819));
#2086 = CARTESIAN_POINT('',(-39.50079346025,0.170935570714));
#2087 = CARTESIAN_POINT('',(-41.0489301509,0.175021906331));
#2088 = CARTESIAN_POINT('',(-42.59291672269,0.179266667413));
#2089 = CARTESIAN_POINT('',(-44.13250939368,0.183669713807));
#2090 = CARTESIAN_POINT('',(-45.66745552513,0.188230921401));
#2091 = CARTESIAN_POINT('',(-47.19747826467,0.192950140985));
#2092 = CARTESIAN_POINT('',(-48.72230218549,0.197827279412));
#2093 = CARTESIAN_POINT('',(-50.24163232481,0.20286224382));
#2094 = CARTESIAN_POINT('',(-51.75515613662,0.208054950449));
#2095 = CARTESIAN_POINT('',(-53.26254244894,0.213405326474));
#2096 = CARTESIAN_POINT('',(-54.76344107619,0.218913314544));
#2097 = CARTESIAN_POINT('',(-56.25748241172,0.224578878866));
#2098 = CARTESIAN_POINT('',(-57.74427606564,0.230402007759));
#2099 = CARTESIAN_POINT('',(-59.22341297705,0.23638273416));
#2100 = CARTESIAN_POINT('',(-60.69442362316,0.242520968566));
#2101 = CARTESIAN_POINT('',(-62.15685990408,0.248816844979));
#2102 = CARTESIAN_POINT('',(-63.6102266785,0.25527046225));
#2103 = CARTESIAN_POINT('',(-65.05399229817,0.261881930381));
#2104 = CARTESIAN_POINT('',(-66.48758457596,0.268651364594));
#2105 = CARTESIAN_POINT('',(-67.910390355,0.275578895735));
#2106 = CARTESIAN_POINT('',(-69.32175396798,0.28266467924));
#2107 = CARTESIAN_POINT('',(-70.72097527595,0.28990890517));
#2108 = CARTESIAN_POINT('',(-72.10730924796,0.297311817074));
#2109 = CARTESIAN_POINT('',(-73.47995854763,0.304873706129));
#2110 = CARTESIAN_POINT('',(-74.83796363754,0.312594295305));
#2111 = CARTESIAN_POINT('',(-76.18045856739,0.320474202973));
#2112 = CARTESIAN_POINT('',(-77.50644579893,0.328513749513));
#2113 = CARTESIAN_POINT('',(-78.81483848044,0.336713195584));
#2114 = CARTESIAN_POINT('',(-80.10444624925,0.345072684547));
#2115 = CARTESIAN_POINT('',(-81.37397587847,0.35359227046));
#2116 = CARTESIAN_POINT('',(-82.62202595712,0.362271917599));
#2117 = CARTESIAN_POINT('',(-83.84708695348,0.371111549825));
#2118 = CARTESIAN_POINT('',(-85.04752147779,0.380110954201));
#2119 = CARTESIAN_POINT('',(-86.22161350987,0.38927024643));
#2120 = CARTESIAN_POINT('',(-87.36735605689,0.398588267012));
#2121 = CARTESIAN_POINT('',(-88.48261423368,0.408063785346));
#2122 = CARTESIAN_POINT('',(-89.56517499243,0.417696102826));
#2123 = CARTESIAN_POINT('',(-90.61254777427,0.427483418847));
#2124 = CARTESIAN_POINT('',(-91.6220212093,0.437423248226));
#2125 = CARTESIAN_POINT('',(-92.59065025954,0.447512279042));
#2126 = CARTESIAN_POINT('',(-93.51526510395,0.457746419537));
#2127 = CARTESIAN_POINT('',(-94.39246320347,0.468120647133));
#2128 = CARTESIAN_POINT('',(-95.21864862231,0.478629455296));
#2129 = CARTESIAN_POINT('',(-95.98990182596,0.489265095239));
#2130 = CARTESIAN_POINT('',(-96.70201518723,0.500017252417));
#2131 = CARTESIAN_POINT('',(-97.3506419754,0.510874570637));
#2132 = CARTESIAN_POINT('',(-97.93123949328,0.521823126286));
#2133 = CARTESIAN_POINT('',(-98.43916618561,0.532846787981));
#2134 = CARTESIAN_POINT('',(-98.86973797542,0.543926742403));
#2135 = CARTESIAN_POINT('',(-99.21832231527,0.555041062289));
#2136 = CARTESIAN_POINT('',(-99.48048928035,0.566165178375));
#2137 = CARTESIAN_POINT('',(-99.65215022051,0.577272924134));
#2138 = CARTESIAN_POINT('',(-99.7296668613,0.58833367468));
#2139 = CARTESIAN_POINT('',(-99.71008938401,0.599316315236));
#2140 = CARTESIAN_POINT('',(-99.59124470526,0.610189134852));
#2141 = CARTESIAN_POINT('',(-99.3718900324,0.620919065551));
#2142 = CARTESIAN_POINT('',(-99.05174354305,0.631475458279));
#2143 = CARTESIAN_POINT('',(-98.63158563856,0.641827661812));
#2144 = CARTESIAN_POINT('',(-98.11318699499,0.651948541451));
#2145 = CARTESIAN_POINT('',(-97.49919556367,0.661814930895));
#2146 = CARTESIAN_POINT('',(-96.79303790477,0.671407381273));
#2147 = CARTESIAN_POINT('',(-95.99891791421,0.680709039531));
#2148 = CARTESIAN_POINT('',(-95.12138598615,0.689709178702));
#2149 = CARTESIAN_POINT('',(-94.16525643548,0.698401171971));
#2150 = CARTESIAN_POINT('',(-93.13554569048,0.706781481577));
#2151 = CARTESIAN_POINT('',(-92.03734364923,0.714849479181));
#2152 = CARTESIAN_POINT('',(-90.8755538957,0.722608055915));
#2153 = CARTESIAN_POINT('',(-89.65493310635,0.730062060972));
#2154 = CARTESIAN_POINT('',(-88.38003822077,0.737217926736));
#2155 = CARTESIAN_POINT('',(-87.05518532937,0.744083316297));
#2156 = CARTESIAN_POINT('',(-85.68432221388,0.750667234527));
#2157 = CARTESIAN_POINT('',(-84.27129040407,0.756978441091));
#2158 = CARTESIAN_POINT('',(-82.81946341292,0.763026932413));
#2159 = CARTESIAN_POINT('',(-81.33191201498,0.768822837992));
#2160 = CARTESIAN_POINT('',(-79.8115150134,0.774375929303));
#2161 = CARTESIAN_POINT('',(-78.2609242566,0.779695758823));
#2162 = CARTESIAN_POINT('',(-76.68257312692,0.784791617039));
#2163 = CARTESIAN_POINT('',(-75.07865793738,0.789672576595));
#2164 = CARTESIAN_POINT('',(-73.45118498519,0.794347359157));
#2165 = CARTESIAN_POINT('',(-71.80178255271,0.798824813479));
#2166 = CARTESIAN_POINT('',(-70.13241820412,0.80311203467));
#2167 = CARTESIAN_POINT('',(-68.44463386106,0.807216576944));
#2168 = CARTESIAN_POINT('',(-66.73966453193,0.811145970847));
#2169 = CARTESIAN_POINT('',(-65.01872662722,0.81490706214));
#2170 = CARTESIAN_POINT('',(-63.28294542961,0.818506262571));
#2171 = CARTESIAN_POINT('',(-61.53337854895,0.82194954568));
#2172 = CARTESIAN_POINT('',(-59.7710130583,0.825242501734));
#2173 = CARTESIAN_POINT('',(-57.99676917614,0.828390368924));
#2174 = CARTESIAN_POINT('',(-56.21150177308,0.831398064216));
#2175 = CARTESIAN_POINT('',(-54.41600210889,0.8342702086));
#2176 = CARTESIAN_POINT('',(-52.61099923117,0.837011149059));
#2177 = CARTESIAN_POINT('',(-50.79716118426,0.839624977439));
#2178 = CARTESIAN_POINT('',(-48.97509623214,0.842115546587));
#2179 = CARTESIAN_POINT('',(-47.14535331194,0.844486484952));
#2180 = CARTESIAN_POINT('',(-45.30842478491,0.846741206774));
#2181 = CARTESIAN_POINT('',(-43.46474009799,0.848882929664));
#2182 = CARTESIAN_POINT('',(-41.61469290187,0.850914656198));
#2183 = CARTESIAN_POINT('',(-39.75854286707,0.852839281503));
#2184 = CARTESIAN_POINT('',(-37.89678470684,0.85465922199));
#2185 = CARTESIAN_POINT('',(-36.03011712795,0.856376553005));
#2186 = CARTESIAN_POINT('',(-34.1587817551,0.857993619149));
#2187 = CARTESIAN_POINT('',(-32.28312636565,0.859512475698));
#2188 = CARTESIAN_POINT('',(-30.40345610885,0.860935051108));
#2189 = CARTESIAN_POINT('',(-28.52007394481,0.862263116198));
#2190 = CARTESIAN_POINT('',(-26.63327032876,0.863498303678));
#2191 = CARTESIAN_POINT('',(-24.74332644901,0.864642112854));
#2192 = CARTESIAN_POINT('',(-22.85051379364,0.8656959171));
#2193 = CARTESIAN_POINT('',(-20.95509466666,0.866660969493));
#2194 = CARTESIAN_POINT('',(-19.05732242029,0.867538407953));
#2195 = CARTESIAN_POINT('',(-17.15744173749,0.868329259605));
#2196 = CARTESIAN_POINT('',(-15.25568887846,0.869034444529));
#2197 = CARTESIAN_POINT('',(-13.35229191727,0.86965477891));
#2198 = CARTESIAN_POINT('',(-11.44747096227,0.870190977627));
#2199 = CARTESIAN_POINT('',(-9.541438370642,0.870643656406));
#2200 = CARTESIAN_POINT('',(-7.634398931898,0.871013333174));
#2201 = CARTESIAN_POINT('',(-5.726550120086,0.871300430057));
#2202 = CARTESIAN_POINT('',(-3.818082051664,0.871505270729));
#2203 = CARTESIAN_POINT('',(-1.909178512478,0.87162809283));
#2204 = CARTESIAN_POINT('',(-0.636402155443,0.871655365539));
#2205 = CARTESIAN_POINT('',(3.166938858061E-14,0.8716553736));
#2206 = ( GEOMETRIC_REPRESENTATION_CONTEXT(2)
PARAMETRIC_REPRESENTATION_CONTEXT() REPRESENTATION_CONTEXT('2D SPACE',''
  ) );
#2207 = ORIENTED_EDGE('',*,*,#1371,.T.);
#2208 = ADVANCED_FACE('',(#2209,#2305),#1910,.F.);
#2209 = FACE_BOUND('',#2210,.F.);
#2210 = EDGE_LOOP('',(#2211,#2233,#2260,#2280));
#2211 = ORIENTED_EDGE('',*,*,#2212,.F.);
#2212 = EDGE_CURVE('',#2213,#2215,#2217,.T.);
#2213 = VERTEX_POINT('',#2214);
#2214 = CARTESIAN_POINT('',(-420.91,-319.31,-248.92));
#2215 = VERTEX_POINT('',#2216);
#2216 = CARTESIAN_POINT('',(-420.91,319.31,-248.92));
#2217 = SURFACE_CURVE('',#2218,(#2221,#2227),.PCURVE_S1.);
#2218 = B_SPLINE_CURVE_WITH_KNOTS('',1,(#2219,#2220),.UNSPECIFIED.,.F.,
  .F.,(2,2),(0.,1.),.PIECEWISE_BEZIER_KNOTS.);
#2219 = CARTESIAN_POINT('',(-420.91,-319.31,-248.92));
#2220 = CARTESIAN_POINT('',(-420.91,319.31,-248.92));
#2221 = PCURVE('',#1910,#2222);
#2222 = DEFINITIONAL_REPRESENTATION('',(#2223),#2226);
#2223 = B_SPLINE_CURVE_WITH_KNOTS('',1,(#2224,#2225),.UNSPECIFIED.,.F.,
  .F.,(2,2),(0.,1.),.PIECEWISE_BEZIER_KNOTS.);
#2224 = CARTESIAN_POINT('',(322.9680856541,2.235636038453E-02));
#2225 = CARTESIAN_POINT('',(-322.9680856541,2.235636038453E-02));
#2226 = ( GEOMETRIC_REPRESENTATION_CONTEXT(2)
PARAMETRIC_REPRESENTATION_CONTEXT() REPRESENTATION_CONTEXT('2D SPACE',''
  ) );
#2227 = PCURVE('',#458,#2228);
#2228 = DEFINITIONAL_REPRESENTATION('',(#2229),#2232);
#2229 = B_SPLINE_CURVE_WITH_KNOTS('',1,(#2230,#2231),.UNSPECIFIED.,.F.,
  .F.,(2,2),(0.,1.),.PIECEWISE_BEZIER_KNOTS.);
#2230 = CARTESIAN_POINT('',(2.802432688276,0.382584667341));
#2231 = CARTESIAN_POINT('',(389.14326847052,508.88653057836));
#2232 = ( GEOMETRIC_REPRESENTATION_CONTEXT(2)
PARAMETRIC_REPRESENTATION_CONTEXT() REPRESENTATION_CONTEXT('2D SPACE',''
  ) );
#2233 = ORIENTED_EDGE('',*,*,#2234,.T.);
#2234 = EDGE_CURVE('',#2213,#2235,#2237,.T.);
#2235 = VERTEX_POINT('',#2236);
#2236 = CARTESIAN_POINT('',(-353.6,-163.,-78.));
#2237 = SURFACE_CURVE('',#2238,(#2241,#2248),.PCURVE_S1.);
#2238 = B_SPLINE_CURVE_WITH_KNOTS('',1,(#2239,#2240),.UNSPECIFIED.,.F.,
  .F.,(2,2),(0.,1.),.PIECEWISE_BEZIER_KNOTS.);
#2239 = CARTESIAN_POINT('',(-422.4852398783,-322.9680856541,-252.92));
#2240 = CARTESIAN_POINT('',(-352.0247601216,-159.3419143458,-74.));
#2241 = PCURVE('',#1910,#2242);
#2242 = DEFINITIONAL_REPRESENTATION('',(#2243),#2247);
#2243 = LINE('',#2244,#2245);
#2244 = CARTESIAN_POINT('',(322.9680856541,0.));
#2245 = VECTOR('',#2246,1.);
#2246 = DIRECTION('',(0.,1.));
#2247 = ( GEOMETRIC_REPRESENTATION_CONTEXT(2)
PARAMETRIC_REPRESENTATION_CONTEXT() REPRESENTATION_CONTEXT('2D SPACE',''
  ) );
#2248 = PCURVE('',#2249,#2254);
#2249 = B_SPLINE_SURFACE_WITH_KNOTS('',1,1,(
    (#2250,#2251)
    ,(#2252,#2253
    )),.UNSPECIFIED.,.F.,.F.,.F.,(2,2),(2,2),(-422.4852398783,
    422.4852398783),(0.,1.),.PIECEWISE_BEZIER_KNOTS.);
#2250 = CARTESIAN_POINT('',(-422.4852398783,-322.9680856541,-252.92));
#2251 = CARTESIAN_POINT('',(-352.0247601216,-159.3419143458,-74.));
#2252 = CARTESIAN_POINT('',(422.4852398783,-322.9680856541,-252.92));
#2253 = CARTESIAN_POINT('',(352.02476012169,-159.3419143458,-74.));
#2254 = DEFINITIONAL_REPRESENTATION('',(#2255),#2259);
#2255 = LINE('',#2256,#2257);
#2256 = CARTESIAN_POINT('',(-422.4852398783,0.));
#2257 = VECTOR('',#2258,1.);
#2258 = DIRECTION('',(0.,1.));
#2259 = ( GEOMETRIC_REPRESENTATION_CONTEXT(2)
PARAMETRIC_REPRESENTATION_CONTEXT() REPRESENTATION_CONTEXT('2D SPACE',''
  ) );
#2260 = ORIENTED_EDGE('',*,*,#2261,.T.);
#2261 = EDGE_CURVE('',#2235,#2262,#2264,.T.);
#2262 = VERTEX_POINT('',#2263);
#2263 = CARTESIAN_POINT('',(-353.6,163.,-78.));
#2264 = SURFACE_CURVE('',#2265,(#2268,#2274),.PCURVE_S1.);
#2265 = B_SPLINE_CURVE_WITH_KNOTS('',1,(#2266,#2267),.UNSPECIFIED.,.F.,
  .F.,(2,2),(0.,1.),.PIECEWISE_BEZIER_KNOTS.);
#2266 = CARTESIAN_POINT('',(-353.6,-163.,-78.));
#2267 = CARTESIAN_POINT('',(-353.6,163.,-78.));
#2268 = PCURVE('',#1910,#2269);
#2269 = DEFINITIONAL_REPRESENTATION('',(#2270),#2273);
#2270 = B_SPLINE_CURVE_WITH_KNOTS('',1,(#2271,#2272),.UNSPECIFIED.,.F.,
  .F.,(2,2),(0.,1.),.PIECEWISE_BEZIER_KNOTS.);
#2271 = CARTESIAN_POINT('',(322.9680856541,0.977643639615));
#2272 = CARTESIAN_POINT('',(-322.9680856541,0.977643639615));
#2273 = ( GEOMETRIC_REPRESENTATION_CONTEXT(2)
PARAMETRIC_REPRESENTATION_CONTEXT() REPRESENTATION_CONTEXT('2D SPACE',''
  ) );
#2274 = PCURVE('',#512,#2275);
#2275 = DEFINITIONAL_REPRESENTATION('',(#2276),#2279);
#2276 = B_SPLINE_CURVE_WITH_KNOTS('',1,(#2277,#2278),.UNSPECIFIED.,.F.,
  .F.,(2,2),(0.,1.),.PIECEWISE_BEZIER_KNOTS.);
#2277 = CARTESIAN_POINT('',(2.656015632506,0.97240987237));
#2278 = CARTESIAN_POINT('',(139.86988508363,296.68908851976));
#2279 = ( GEOMETRIC_REPRESENTATION_CONTEXT(2)
PARAMETRIC_REPRESENTATION_CONTEXT() REPRESENTATION_CONTEXT('2D SPACE',''
  ) );
#2280 = ORIENTED_EDGE('',*,*,#2281,.F.);
#2281 = EDGE_CURVE('',#2215,#2262,#2282,.T.);
#2282 = SURFACE_CURVE('',#2283,(#2286,#2293),.PCURVE_S1.);
#2283 = B_SPLINE_CURVE_WITH_KNOTS('',1,(#2284,#2285),.UNSPECIFIED.,.F.,
  .F.,(2,2),(0.,1.),.PIECEWISE_BEZIER_KNOTS.);
#2284 = CARTESIAN_POINT('',(-422.4852398783,322.9680856541,-252.92));
#2285 = CARTESIAN_POINT('',(-352.0247601216,159.34191434589,-74.));
#2286 = PCURVE('',#1910,#2287);
#2287 = DEFINITIONAL_REPRESENTATION('',(#2288),#2292);
#2288 = LINE('',#2289,#2290);
#2289 = CARTESIAN_POINT('',(-322.9680856541,0.));
#2290 = VECTOR('',#2291,1.);
#2291 = DIRECTION('',(0.,1.));
#2292 = ( GEOMETRIC_REPRESENTATION_CONTEXT(2)
PARAMETRIC_REPRESENTATION_CONTEXT() REPRESENTATION_CONTEXT('2D SPACE',''
  ) );
#2293 = PCURVE('',#2294,#2299);
#2294 = B_SPLINE_SURFACE_WITH_KNOTS('',1,1,(
    (#2295,#2296)
    ,(#2297,#2298
    )),.UNSPECIFIED.,.F.,.F.,.F.,(2,2),(2,2),(-422.4852398783,
    422.4852398783),(0.,1.),.PIECEWISE_BEZIER_KNOTS.);
#2295 = CARTESIAN_POINT('',(422.4852398783,322.9680856541,-252.92));
#2296 = CARTESIAN_POINT('',(352.02476012169,159.34191434589,-74.));
#2297 = CARTESIAN_POINT('',(-422.4852398783,322.9680856541,-252.92));
#2298 = CARTESIAN_POINT('',(-352.0247601216,159.34191434589,-74.));
#2299 = DEFINITIONAL_REPRESENTATION('',(#2300),#2304);
#2300 = LINE('',#2301,#2302);
#2301 = CARTESIAN_POINT('',(422.4852398783,0.));
#2302 = VECTOR('',#2303,1.);
#2303 = DIRECTION('',(0.,1.));
#2304 = ( GEOMETRIC_REPRESENTATION_CONTEXT(2)
PARAMETRIC_REPRESENTATION_CONTEXT() REPRESENTATION_CONTEXT('2D SPACE',''
  ) );
#2305 = FACE_BOUND('',#2306,.F.);
#2306 = EDGE_LOOP('',(#2307));
#2307 = ORIENTED_EDGE('',*,*,#1394,.T.);
#2308 = ADVANCED_FACE('',(#2309),#2294,.F.);
#2309 = FACE_BOUND('',#2310,.F.);
#2310 = EDGE_LOOP('',(#2311,#2331,#2332,#2352));
#2311 = ORIENTED_EDGE('',*,*,#2312,.F.);
#2312 = EDGE_CURVE('',#2215,#2313,#2315,.T.);
#2313 = VERTEX_POINT('',#2314);
#2314 = CARTESIAN_POINT('',(420.91,319.31,-248.92));
#2315 = SURFACE_CURVE('',#2316,(#2319,#2325),.PCURVE_S1.);
#2316 = B_SPLINE_CURVE_WITH_KNOTS('',1,(#2317,#2318),.UNSPECIFIED.,.F.,
  .F.,(2,2),(0.,1.),.PIECEWISE_BEZIER_KNOTS.);
#2317 = CARTESIAN_POINT('',(-420.91,319.31,-248.92));
#2318 = CARTESIAN_POINT('',(420.91,319.31,-248.92));
#2319 = PCURVE('',#2294,#2320);
#2320 = DEFINITIONAL_REPRESENTATION('',(#2321),#2324);
#2321 = B_SPLINE_CURVE_WITH_KNOTS('',1,(#2322,#2323),.UNSPECIFIED.,.F.,
  .F.,(2,2),(0.,1.),.PIECEWISE_BEZIER_KNOTS.);
#2322 = CARTESIAN_POINT('',(422.4852398783,2.235636038453E-02));
#2323 = CARTESIAN_POINT('',(-422.4852398783,2.235636038453E-02));
#2324 = ( GEOMETRIC_REPRESENTATION_CONTEXT(2)
PARAMETRIC_REPRESENTATION_CONTEXT() REPRESENTATION_CONTEXT('2D SPACE',''
  ) );
#2325 = PCURVE('',#458,#2326);
#2326 = DEFINITIONAL_REPRESENTATION('',(#2327),#2330);
#2327 = B_SPLINE_CURVE_WITH_KNOTS('',1,(#2328,#2329),.UNSPECIFIED.,.F.,
  .F.,(2,2),(0.,1.),.PIECEWISE_BEZIER_KNOTS.);
#2328 = CARTESIAN_POINT('',(389.14326847052,508.88653057836));
#2329 = CARTESIAN_POINT('',(1.059446096047E+03,-0.382584667341));
#2330 = ( GEOMETRIC_REPRESENTATION_CONTEXT(2)
PARAMETRIC_REPRESENTATION_CONTEXT() REPRESENTATION_CONTEXT('2D SPACE',''
  ) );
#2331 = ORIENTED_EDGE('',*,*,#2281,.T.);
#2332 = ORIENTED_EDGE('',*,*,#2333,.T.);
#2333 = EDGE_CURVE('',#2262,#2334,#2336,.T.);
#2334 = VERTEX_POINT('',#2335);
#2335 = CARTESIAN_POINT('',(353.6,163.,-78.));
#2336 = SURFACE_CURVE('',#2337,(#2340,#2346),.PCURVE_S1.);
#2337 = B_SPLINE_CURVE_WITH_KNOTS('',1,(#2338,#2339),.UNSPECIFIED.,.F.,
  .F.,(2,2),(0.,1.),.PIECEWISE_BEZIER_KNOTS.);
#2338 = CARTESIAN_POINT('',(-353.6,163.,-78.));
#2339 = CARTESIAN_POINT('',(353.6,163.,-78.));
#2340 = PCURVE('',#2294,#2341);
#2341 = DEFINITIONAL_REPRESENTATION('',(#2342),#2345);
#2342 = B_SPLINE_CURVE_WITH_KNOTS('',1,(#2343,#2344),.UNSPECIFIED.,.F.,
  .F.,(2,2),(0.,1.),.PIECEWISE_BEZIER_KNOTS.);
#2343 = CARTESIAN_POINT('',(422.4852398783,0.977643639615));
#2344 = CARTESIAN_POINT('',(-422.4852398783,0.977643639615));
#2345 = ( GEOMETRIC_REPRESENTATION_CONTEXT(2)
PARAMETRIC_REPRESENTATION_CONTEXT() REPRESENTATION_CONTEXT('2D SPACE',''
  ) );
#2346 = PCURVE('',#512,#2347);
#2347 = DEFINITIONAL_REPRESENTATION('',(#2348),#2351);
#2348 = B_SPLINE_CURVE_WITH_KNOTS('',1,(#2349,#2350),.UNSPECIFIED.,.F.,
  .F.,(2,2),(0.,1.),.PIECEWISE_BEZIER_KNOTS.);
#2349 = CARTESIAN_POINT('',(139.86988508363,296.68908851976));
#2350 = CARTESIAN_POINT('',(781.37551434572,-0.97240987237));
#2351 = ( GEOMETRIC_REPRESENTATION_CONTEXT(2)
PARAMETRIC_REPRESENTATION_CONTEXT() REPRESENTATION_CONTEXT('2D SPACE',''
  ) );
#2352 = ORIENTED_EDGE('',*,*,#2353,.F.);
#2353 = EDGE_CURVE('',#2313,#2334,#2354,.T.);
#2354 = SURFACE_CURVE('',#2355,(#2358,#2365),.PCURVE_S1.);
#2355 = B_SPLINE_CURVE_WITH_KNOTS('',1,(#2356,#2357),.UNSPECIFIED.,.F.,
  .F.,(2,2),(0.,1.),.PIECEWISE_BEZIER_KNOTS.);
#2356 = CARTESIAN_POINT('',(422.4852398783,322.9680856541,-252.92));
#2357 = CARTESIAN_POINT('',(352.02476012169,159.34191434589,-74.));
#2358 = PCURVE('',#2294,#2359);
#2359 = DEFINITIONAL_REPRESENTATION('',(#2360),#2364);
#2360 = LINE('',#2361,#2362);
#2361 = CARTESIAN_POINT('',(-422.4852398783,0.));
#2362 = VECTOR('',#2363,1.);
#2363 = DIRECTION('',(0.,1.));
#2364 = ( GEOMETRIC_REPRESENTATION_CONTEXT(2)
PARAMETRIC_REPRESENTATION_CONTEXT() REPRESENTATION_CONTEXT('2D SPACE',''
  ) );
#2365 = PCURVE('',#2366,#2371);
#2366 = B_SPLINE_SURFACE_WITH_KNOTS('',1,1,(
    (#2367,#2368)
    ,(#2369,#2370
    )),.UNSPECIFIED.,.F.,.F.,.F.,(2,2),(2,2),(-322.9680856541,
    322.9680856541),(0.,1.),.PIECEWISE_BEZIER_KNOTS.);
#2367 = CARTESIAN_POINT('',(422.4852398783,-322.9680856541,-252.92));
#2368 = CARTESIAN_POINT('',(352.02476012169,-159.3419143458,-74.));
#2369 = CARTESIAN_POINT('',(422.4852398783,322.9680856541,-252.92));
#2370 = CARTESIAN_POINT('',(352.02476012169,159.34191434589,-74.));
#2371 = DEFINITIONAL_REPRESENTATION('',(#2372),#2376);
#2372 = LINE('',#2373,#2374);
#2373 = CARTESIAN_POINT('',(322.9680856541,0.));
#2374 = VECTOR('',#2375,1.);
#2375 = DIRECTION('',(0.,1.));
#2376 = ( GEOMETRIC_REPRESENTATION_CONTEXT(2)
PARAMETRIC_REPRESENTATION_CONTEXT() REPRESENTATION_CONTEXT('2D SPACE',''
  ) );
#2377 = ADVANCED_FACE('',(#2378),#2366,.F.);
#2378 = FACE_BOUND('',#2379,.F.);
#2379 = EDGE_LOOP('',(#2380,#2404,#2422,#2423));
#2380 = ORIENTED_EDGE('',*,*,#2381,.F.);
#2381 = EDGE_CURVE('',#2382,#2384,#2386,.T.);
#2382 = VERTEX_POINT('',#2383);
#2383 = CARTESIAN_POINT('',(420.91,-319.31,-248.92));
#2384 = VERTEX_POINT('',#2385);
#2385 = CARTESIAN_POINT('',(353.6,-163.,-78.));
#2386 = SURFACE_CURVE('',#2387,(#2390,#2397),.PCURVE_S1.);
#2387 = B_SPLINE_CURVE_WITH_KNOTS('',1,(#2388,#2389),.UNSPECIFIED.,.F.,
  .F.,(2,2),(0.,1.),.PIECEWISE_BEZIER_KNOTS.);
#2388 = CARTESIAN_POINT('',(422.4852398783,-322.9680856541,-252.92));
#2389 = CARTESIAN_POINT('',(352.02476012169,-159.3419143458,-74.));
#2390 = PCURVE('',#2366,#2391);
#2391 = DEFINITIONAL_REPRESENTATION('',(#2392),#2396);
#2392 = LINE('',#2393,#2394);
#2393 = CARTESIAN_POINT('',(-322.9680856541,0.));
#2394 = VECTOR('',#2395,1.);
#2395 = DIRECTION('',(0.,1.));
#2396 = ( GEOMETRIC_REPRESENTATION_CONTEXT(2)
PARAMETRIC_REPRESENTATION_CONTEXT() REPRESENTATION_CONTEXT('2D SPACE',''
  ) );
#2397 = PCURVE('',#2249,#2398);
#2398 = DEFINITIONAL_REPRESENTATION('',(#2399),#2403);
#2399 = LINE('',#2400,#2401);
#2400 = CARTESIAN_POINT('',(422.4852398783,0.));
#2401 = VECTOR('',#2402,1.);
#2402 = DIRECTION('',(0.,1.));
#2403 = ( GEOMETRIC_REPRESENTATION_CONTEXT(2)
PARAMETRIC_REPRESENTATION_CONTEXT() REPRESENTATION_CONTEXT('2D SPACE',''
  ) );
#2404 = ORIENTED_EDGE('',*,*,#2405,.F.);
#2405 = EDGE_CURVE('',#2313,#2382,#2406,.T.);
#2406 = SURFACE_CURVE('',#2407,(#2410,#2416),.PCURVE_S1.);
#2407 = B_SPLINE_CURVE_WITH_KNOTS('',1,(#2408,#2409),.UNSPECIFIED.,.F.,
  .F.,(2,2),(0.,1.),.PIECEWISE_BEZIER_KNOTS.);
#2408 = CARTESIAN_POINT('',(420.91,319.31,-248.92));
#2409 = CARTESIAN_POINT('',(420.91,-319.31,-248.92));
#2410 = PCURVE('',#2366,#2411);
#2411 = DEFINITIONAL_REPRESENTATION('',(#2412),#2415);
#2412 = B_SPLINE_CURVE_WITH_KNOTS('',1,(#2413,#2414),.UNSPECIFIED.,.F.,
  .F.,(2,2),(0.,1.),.PIECEWISE_BEZIER_KNOTS.);
#2413 = CARTESIAN_POINT('',(322.9680856541,2.235636038453E-02));
#2414 = CARTESIAN_POINT('',(-322.9680856541,2.235636038453E-02));
#2415 = ( GEOMETRIC_REPRESENTATION_CONTEXT(2)
PARAMETRIC_REPRESENTATION_CONTEXT() REPRESENTATION_CONTEXT('2D SPACE',''
  ) );
#2416 = PCURVE('',#458,#2417);
#2417 = DEFINITIONAL_REPRESENTATION('',(#2418),#2421);
#2418 = B_SPLINE_CURVE_WITH_KNOTS('',1,(#2419,#2420),.UNSPECIFIED.,.F.,
  .F.,(2,2),(0.,1.),.PIECEWISE_BEZIER_KNOTS.);
#2419 = CARTESIAN_POINT('',(1.059446096047E+03,-0.382584667341));
#2420 = CARTESIAN_POINT('',(673.10526026463,-508.8865305783));
#2421 = ( GEOMETRIC_REPRESENTATION_CONTEXT(2)
PARAMETRIC_REPRESENTATION_CONTEXT() REPRESENTATION_CONTEXT('2D SPACE',''
  ) );
#2422 = ORIENTED_EDGE('',*,*,#2353,.T.);
#2423 = ORIENTED_EDGE('',*,*,#2424,.T.);
#2424 = EDGE_CURVE('',#2334,#2384,#2425,.T.);
#2425 = SURFACE_CURVE('',#2426,(#2429,#2435),.PCURVE_S1.);
#2426 = B_SPLINE_CURVE_WITH_KNOTS('',1,(#2427,#2428),.UNSPECIFIED.,.F.,
  .F.,(2,2),(0.,1.),.PIECEWISE_BEZIER_KNOTS.);
#2427 = CARTESIAN_POINT('',(353.6,163.,-78.));
#2428 = CARTESIAN_POINT('',(353.6,-163.,-78.));
#2429 = PCURVE('',#2366,#2430);
#2430 = DEFINITIONAL_REPRESENTATION('',(#2431),#2434);
#2431 = B_SPLINE_CURVE_WITH_KNOTS('',1,(#2432,#2433),.UNSPECIFIED.,.F.,
  .F.,(2,2),(0.,1.),.PIECEWISE_BEZIER_KNOTS.);
#2432 = CARTESIAN_POINT('',(322.9680856541,0.977643639615));
#2433 = CARTESIAN_POINT('',(-322.9680856541,0.977643639615));
#2434 = ( GEOMETRIC_REPRESENTATION_CONTEXT(2)
PARAMETRIC_REPRESENTATION_CONTEXT() REPRESENTATION_CONTEXT('2D SPACE',''
  ) );
#2435 = PCURVE('',#512,#2436);
#2436 = DEFINITIONAL_REPRESENTATION('',(#2437),#2440);
#2437 = B_SPLINE_CURVE_WITH_KNOTS('',1,(#2438,#2439),.UNSPECIFIED.,.F.,
  .F.,(2,2),(0.,1.),.PIECEWISE_BEZIER_KNOTS.);
#2438 = CARTESIAN_POINT('',(781.37551434572,-0.97240987237));
#2439 = CARTESIAN_POINT('',(644.16164489459,-296.6890885197));
#2440 = ( GEOMETRIC_REPRESENTATION_CONTEXT(2)
PARAMETRIC_REPRESENTATION_CONTEXT() REPRESENTATION_CONTEXT('2D SPACE',''
  ) );
#2441 = ADVANCED_FACE('',(#2442),#2249,.F.);
#2442 = FACE_BOUND('',#2443,.F.);
#2443 = EDGE_LOOP('',(#2444,#2445,#2463,#2464));
#2444 = ORIENTED_EDGE('',*,*,#2234,.F.);
#2445 = ORIENTED_EDGE('',*,*,#2446,.F.);
#2446 = EDGE_CURVE('',#2382,#2213,#2447,.T.);
#2447 = SURFACE_CURVE('',#2448,(#2451,#2457),.PCURVE_S1.);
#2448 = B_SPLINE_CURVE_WITH_KNOTS('',1,(#2449,#2450),.UNSPECIFIED.,.F.,
  .F.,(2,2),(0.,1.),.PIECEWISE_BEZIER_KNOTS.);
#2449 = CARTESIAN_POINT('',(420.91,-319.31,-248.92));
#2450 = CARTESIAN_POINT('',(-420.91,-319.31,-248.92));
#2451 = PCURVE('',#2249,#2452);
#2452 = DEFINITIONAL_REPRESENTATION('',(#2453),#2456);
#2453 = B_SPLINE_CURVE_WITH_KNOTS('',1,(#2454,#2455),.UNSPECIFIED.,.F.,
  .F.,(2,2),(0.,1.),.PIECEWISE_BEZIER_KNOTS.);
#2454 = CARTESIAN_POINT('',(422.4852398783,2.235636038453E-02));
#2455 = CARTESIAN_POINT('',(-422.4852398783,2.235636038453E-02));
#2456 = ( GEOMETRIC_REPRESENTATION_CONTEXT(2)
PARAMETRIC_REPRESENTATION_CONTEXT() REPRESENTATION_CONTEXT('2D SPACE',''
  ) );
#2457 = PCURVE('',#458,#2458);
#2458 = DEFINITIONAL_REPRESENTATION('',(#2459),#2462);
#2459 = B_SPLINE_CURVE_WITH_KNOTS('',1,(#2460,#2461),.UNSPECIFIED.,.F.,
  .F.,(2,2),(0.,1.),.PIECEWISE_BEZIER_KNOTS.);
#2460 = CARTESIAN_POINT('',(673.10526026463,-508.8865305783));
#2461 = CARTESIAN_POINT('',(2.802432688276,0.382584667341));
#2462 = ( GEOMETRIC_REPRESENTATION_CONTEXT(2)
PARAMETRIC_REPRESENTATION_CONTEXT() REPRESENTATION_CONTEXT('2D SPACE',''
  ) );
#2463 = ORIENTED_EDGE('',*,*,#2381,.T.);
#2464 = ORIENTED_EDGE('',*,*,#2465,.T.);
#2465 = EDGE_CURVE('',#2384,#2235,#2466,.T.);
#2466 = SURFACE_CURVE('',#2467,(#2470,#2476),.PCURVE_S1.);
#2467 = B_SPLINE_CURVE_WITH_KNOTS('',1,(#2468,#2469),.UNSPECIFIED.,.F.,
  .F.,(2,2),(0.,1.),.PIECEWISE_BEZIER_KNOTS.);
#2468 = CARTESIAN_POINT('',(353.6,-163.,-78.));
#2469 = CARTESIAN_POINT('',(-353.6,-163.,-78.));
#2470 = PCURVE('',#2249,#2471);
#2471 = DEFINITIONAL_REPRESENTATION('',(#2472),#2475);
#2472 = B_SPLINE_CURVE_WITH_KNOTS('',1,(#2473,#2474),.UNSPECIFIED.,.F.,
  .F.,(2,2),(0.,1.),.PIECEWISE_BEZIER_KNOTS.);
#2473 = CARTESIAN_POINT('',(422.4852398783,0.977643639615));
#2474 = CARTESIAN_POINT('',(-422.4852398783,0.977643639615));
#2475 = ( GEOMETRIC_REPRESENTATION_CONTEXT(2)
PARAMETRIC_REPRESENTATION_CONTEXT() REPRESENTATION_CONTEXT('2D SPACE',''
  ) );
#2476 = PCURVE('',#512,#2477);
#2477 = DEFINITIONAL_REPRESENTATION('',(#2478),#2481);
#2478 = B_SPLINE_CURVE_WITH_KNOTS('',1,(#2479,#2480),.UNSPECIFIED.,.F.,
  .F.,(2,2),(0.,1.),.PIECEWISE_BEZIER_KNOTS.);
#2479 = CARTESIAN_POINT('',(644.16164489459,-296.6890885197));
#2480 = CARTESIAN_POINT('',(2.656015632506,0.97240987237));
#2481 = ( GEOMETRIC_REPRESENTATION_CONTEXT(2)
PARAMETRIC_REPRESENTATION_CONTEXT() REPRESENTATION_CONTEXT('2D SPACE',''
  ) );
#2482 = ADVANCED_FACE('',(#2483),#537,.T.);
#2483 = FACE_BOUND('',#2484,.T.);
#2484 = EDGE_LOOP('',(#2485,#2508,#2509,#2531));
#2485 = ORIENTED_EDGE('',*,*,#2486,.F.);
#2486 = EDGE_CURVE('',#438,#2487,#2489,.T.);
#2487 = VERTEX_POINT('',#2488);
#2488 = CARTESIAN_POINT('',(422.91,321.31,-248.92));
#2489 = SURFACE_CURVE('',#2490,(#2494,#2501),.PCURVE_S1.);
#2490 = LINE('',#2491,#2492);
#2491 = CARTESIAN_POINT('',(0.,321.31,-248.92));
#2492 = VECTOR('',#2493,1.);
#2493 = DIRECTION('',(1.,0.,0.));
#2494 = PCURVE('',#537,#2495);
#2495 = DEFINITIONAL_REPRESENTATION('',(#2496),#2500);
#2496 = LINE('',#2497,#2498);
#2497 = CARTESIAN_POINT('',(0.,0.));
#2498 = VECTOR('',#2499,1.);
#2499 = DIRECTION('',(-1.,0.));
#2500 = ( GEOMETRIC_REPRESENTATION_CONTEXT(2)
PARAMETRIC_REPRESENTATION_CONTEXT() REPRESENTATION_CONTEXT('2D SPACE',''
  ) );
#2501 = PCURVE('',#458,#2502);
#2502 = DEFINITIONAL_REPRESENTATION('',(#2503),#2507);
#2503 = LINE('',#2504,#2505);
#2504 = CARTESIAN_POINT('',(725.50460626916,255.84448163331));
#2505 = VECTOR('',#2506,1.);
#2506 = DIRECTION('',(0.796254338904,-0.604962005234));
#2507 = ( GEOMETRIC_REPRESENTATION_CONTEXT(2)
PARAMETRIC_REPRESENTATION_CONTEXT() REPRESENTATION_CONTEXT('2D SPACE',''
  ) );
#2508 = ORIENTED_EDGE('',*,*,#524,.T.);
#2509 = ORIENTED_EDGE('',*,*,#2510,.T.);
#2510 = EDGE_CURVE('',#498,#2511,#2513,.T.);
#2511 = VERTEX_POINT('',#2512);
#2512 = CARTESIAN_POINT('',(355.6,165.,-78.));
#2513 = SURFACE_CURVE('',#2514,(#2518,#2524),.PCURVE_S1.);
#2514 = LINE('',#2515,#2516);
#2515 = CARTESIAN_POINT('',(0.,165.,-78.));
#2516 = VECTOR('',#2517,1.);
#2517 = DIRECTION('',(1.,0.,0.));
#2518 = PCURVE('',#537,#2519);
#2519 = DEFINITIONAL_REPRESENTATION('',(#2520),#2523);
#2520 = B_SPLINE_CURVE_WITH_KNOTS('',1,(#2521,#2522),.UNSPECIFIED.,.F.,
  .F.,(2,2),(-355.6,355.6),.PIECEWISE_BEZIER_KNOTS.);
#2521 = CARTESIAN_POINT('',(422.91,1.));
#2522 = CARTESIAN_POINT('',(-422.91,1.));
#2523 = ( GEOMETRIC_REPRESENTATION_CONTEXT(2)
PARAMETRIC_REPRESENTATION_CONTEXT() REPRESENTATION_CONTEXT('2D SPACE',''
  ) );
#2524 = PCURVE('',#512,#2525);
#2525 = DEFINITIONAL_REPRESENTATION('',(#2526),#2530);
#2526 = LINE('',#2527,#2528);
#2527 = CARTESIAN_POINT('',(461.46450259474,149.67255207613));
#2528 = VECTOR('',#2529,1.);
#2529 = DIRECTION('',(0.907106376219,-0.420901440034));
#2530 = ( GEOMETRIC_REPRESENTATION_CONTEXT(2)
PARAMETRIC_REPRESENTATION_CONTEXT() REPRESENTATION_CONTEXT('2D SPACE',''
  ) );
#2531 = ORIENTED_EDGE('',*,*,#2532,.F.);
#2532 = EDGE_CURVE('',#2487,#2511,#2533,.T.);
#2533 = SURFACE_CURVE('',#2534,(#2537,#2544),.PCURVE_S1.);
#2534 = B_SPLINE_CURVE_WITH_KNOTS('',1,(#2535,#2536),.UNSPECIFIED.,.F.,
  .F.,(2,2),(0.,1.),.PIECEWISE_BEZIER_KNOTS.);
#2535 = CARTESIAN_POINT('',(422.91,321.31,-248.92));
#2536 = CARTESIAN_POINT('',(355.6,165.,-78.));
#2537 = PCURVE('',#537,#2538);
#2538 = DEFINITIONAL_REPRESENTATION('',(#2539),#2543);
#2539 = LINE('',#2540,#2541);
#2540 = CARTESIAN_POINT('',(-422.91,0.));
#2541 = VECTOR('',#2542,1.);
#2542 = DIRECTION('',(0.,1.));
#2543 = ( GEOMETRIC_REPRESENTATION_CONTEXT(2)
PARAMETRIC_REPRESENTATION_CONTEXT() REPRESENTATION_CONTEXT('2D SPACE',''
  ) );
#2544 = PCURVE('',#2545,#2550);
#2545 = B_SPLINE_SURFACE_WITH_KNOTS('',1,1,(
    (#2546,#2547)
    ,(#2548,#2549
    )),.UNSPECIFIED.,.F.,.F.,.F.,(2,2),(2,2),(-321.31,321.31),(0.,1.),
  .PIECEWISE_BEZIER_KNOTS.);
#2546 = CARTESIAN_POINT('',(422.91,-321.31,-248.92));
#2547 = CARTESIAN_POINT('',(355.6,-165.,-78.));
#2548 = CARTESIAN_POINT('',(422.91,321.31,-248.92));
#2549 = CARTESIAN_POINT('',(355.6,165.,-78.));
#2550 = DEFINITIONAL_REPRESENTATION('',(#2551),#2555);
#2551 = LINE('',#2552,#2553);
#2552 = CARTESIAN_POINT('',(321.31,0.));
#2553 = VECTOR('',#2554,1.);
#2554 = DIRECTION('',(0.,1.));
#2555 = ( GEOMETRIC_REPRESENTATION_CONTEXT(2)
PARAMETRIC_REPRESENTATION_CONTEXT() REPRESENTATION_CONTEXT('2D SPACE',''
  ) );
#2556 = ADVANCED_FACE('',(#2557),#2545,.T.);
#2557 = FACE_BOUND('',#2558,.T.);
#2558 = EDGE_LOOP('',(#2559,#2582,#2583,#2605));
#2559 = ORIENTED_EDGE('',*,*,#2560,.T.);
#2560 = EDGE_CURVE('',#2561,#2487,#2563,.T.);
#2561 = VERTEX_POINT('',#2562);
#2562 = CARTESIAN_POINT('',(422.91,-321.31,-248.92));
#2563 = SURFACE_CURVE('',#2564,(#2568,#2575),.PCURVE_S1.);
#2564 = LINE('',#2565,#2566);
#2565 = CARTESIAN_POINT('',(422.91,0.,-248.92));
#2566 = VECTOR('',#2567,1.);
#2567 = DIRECTION('',(0.,1.,0.));
#2568 = PCURVE('',#2545,#2569);
#2569 = DEFINITIONAL_REPRESENTATION('',(#2570),#2574);
#2570 = LINE('',#2571,#2572);
#2571 = CARTESIAN_POINT('',(0.,0.));
#2572 = VECTOR('',#2573,1.);
#2573 = DIRECTION('',(1.,0.));
#2574 = ( GEOMETRIC_REPRESENTATION_CONTEXT(2)
PARAMETRIC_REPRESENTATION_CONTEXT() REPRESENTATION_CONTEXT('2D SPACE',''
  ) );
#2575 = PCURVE('',#458,#2576);
#2576 = DEFINITIONAL_REPRESENTATION('',(#2577),#2581);
#2577 = LINE('',#2578,#2579);
#2578 = CARTESIAN_POINT('',(867.86818683356,-255.8444816333));
#2579 = VECTOR('',#2580,1.);
#2580 = DIRECTION('',(0.604962005234,0.796254338904));
#2581 = ( GEOMETRIC_REPRESENTATION_CONTEXT(2)
PARAMETRIC_REPRESENTATION_CONTEXT() REPRESENTATION_CONTEXT('2D SPACE',''
  ) );
#2582 = ORIENTED_EDGE('',*,*,#2532,.T.);
#2583 = ORIENTED_EDGE('',*,*,#2584,.F.);
#2584 = EDGE_CURVE('',#2585,#2511,#2587,.T.);
#2585 = VERTEX_POINT('',#2586);
#2586 = CARTESIAN_POINT('',(355.6,-165.,-78.));
#2587 = SURFACE_CURVE('',#2588,(#2592,#2598),.PCURVE_S1.);
#2588 = LINE('',#2589,#2590);
#2589 = CARTESIAN_POINT('',(355.6,0.,-78.));
#2590 = VECTOR('',#2591,1.);
#2591 = DIRECTION('',(0.,1.,0.));
#2592 = PCURVE('',#2545,#2593);
#2593 = DEFINITIONAL_REPRESENTATION('',(#2594),#2597);
#2594 = B_SPLINE_CURVE_WITH_KNOTS('',1,(#2595,#2596),.UNSPECIFIED.,.F.,
  .F.,(2,2),(-165.,165.),.PIECEWISE_BEZIER_KNOTS.);
#2595 = CARTESIAN_POINT('',(-321.31,1.));
#2596 = CARTESIAN_POINT('',(321.31,1.));
#2597 = ( GEOMETRIC_REPRESENTATION_CONTEXT(2)
PARAMETRIC_REPRESENTATION_CONTEXT() REPRESENTATION_CONTEXT('2D SPACE',''
  ) );
#2598 = PCURVE('',#512,#2599);
#2599 = DEFINITIONAL_REPRESENTATION('',(#2600),#2604);
#2600 = LINE('',#2601,#2602);
#2601 = CARTESIAN_POINT('',(714.58279237259,-149.6725520761));
#2602 = VECTOR('',#2603,1.);
#2603 = DIRECTION('',(0.420901440034,0.907106376219));
#2604 = ( GEOMETRIC_REPRESENTATION_CONTEXT(2)
PARAMETRIC_REPRESENTATION_CONTEXT() REPRESENTATION_CONTEXT('2D SPACE',''
  ) );
#2605 = ORIENTED_EDGE('',*,*,#2606,.F.);
#2606 = EDGE_CURVE('',#2561,#2585,#2607,.T.);
#2607 = SURFACE_CURVE('',#2608,(#2611,#2618),.PCURVE_S1.);
#2608 = B_SPLINE_CURVE_WITH_KNOTS('',1,(#2609,#2610),.UNSPECIFIED.,.F.,
  .F.,(2,2),(0.,1.),.PIECEWISE_BEZIER_KNOTS.);
#2609 = CARTESIAN_POINT('',(422.91,-321.31,-248.92));
#2610 = CARTESIAN_POINT('',(355.6,-165.,-78.));
#2611 = PCURVE('',#2545,#2612);
#2612 = DEFINITIONAL_REPRESENTATION('',(#2613),#2617);
#2613 = LINE('',#2614,#2615);
#2614 = CARTESIAN_POINT('',(-321.31,0.));
#2615 = VECTOR('',#2616,1.);
#2616 = DIRECTION('',(0.,1.));
#2617 = ( GEOMETRIC_REPRESENTATION_CONTEXT(2)
PARAMETRIC_REPRESENTATION_CONTEXT() REPRESENTATION_CONTEXT('2D SPACE',''
  ) );
#2618 = PCURVE('',#485,#2619);
#2619 = DEFINITIONAL_REPRESENTATION('',(#2620),#2624);
#2620 = LINE('',#2621,#2622);
#2621 = CARTESIAN_POINT('',(422.91,0.));
#2622 = VECTOR('',#2623,1.);
#2623 = DIRECTION('',(0.,1.));
#2624 = ( GEOMETRIC_REPRESENTATION_CONTEXT(2)
PARAMETRIC_REPRESENTATION_CONTEXT() REPRESENTATION_CONTEXT('2D SPACE',''
  ) );
#2625 = ADVANCED_FACE('',(#2626,#2651),#512,.T.);
#2626 = FACE_BOUND('',#2627,.T.);
#2627 = EDGE_LOOP('',(#2628,#2629,#2649,#2650));
#2628 = ORIENTED_EDGE('',*,*,#497,.F.);
#2629 = ORIENTED_EDGE('',*,*,#2630,.T.);
#2630 = EDGE_CURVE('',#471,#2585,#2631,.T.);
#2631 = SURFACE_CURVE('',#2632,(#2636,#2643),.PCURVE_S1.);
#2632 = LINE('',#2633,#2634);
#2633 = CARTESIAN_POINT('',(0.,-165.,-78.));
#2634 = VECTOR('',#2635,1.);
#2635 = DIRECTION('',(1.,0.,0.));
#2636 = PCURVE('',#512,#2637);
#2637 = DEFINITIONAL_REPRESENTATION('',(#2638),#2642);
#2638 = LINE('',#2639,#2640);
#2639 = CARTESIAN_POINT('',(322.56702738348,-149.6725520761));
#2640 = VECTOR('',#2641,1.);
#2641 = DIRECTION('',(0.907106376219,-0.420901440034));
#2642 = ( GEOMETRIC_REPRESENTATION_CONTEXT(2)
PARAMETRIC_REPRESENTATION_CONTEXT() REPRESENTATION_CONTEXT('2D SPACE',''
  ) );
#2643 = PCURVE('',#485,#2644);
#2644 = DEFINITIONAL_REPRESENTATION('',(#2645),#2648);
#2645 = B_SPLINE_CURVE_WITH_KNOTS('',1,(#2646,#2647),.UNSPECIFIED.,.F.,
  .F.,(2,2),(-355.6,355.6),.PIECEWISE_BEZIER_KNOTS.);
#2646 = CARTESIAN_POINT('',(-422.91,1.));
#2647 = CARTESIAN_POINT('',(422.91,1.));
#2648 = ( GEOMETRIC_REPRESENTATION_CONTEXT(2)
PARAMETRIC_REPRESENTATION_CONTEXT() REPRESENTATION_CONTEXT('2D SPACE',''
  ) );
#2649 = ORIENTED_EDGE('',*,*,#2584,.T.);
#2650 = ORIENTED_EDGE('',*,*,#2510,.F.);
#2651 = FACE_BOUND('',#2652,.T.);
#2652 = EDGE_LOOP('',(#2653,#2654,#2655,#2656));
#2653 = ORIENTED_EDGE('',*,*,#2465,.T.);
#2654 = ORIENTED_EDGE('',*,*,#2261,.T.);
#2655 = ORIENTED_EDGE('',*,*,#2333,.T.);
#2656 = ORIENTED_EDGE('',*,*,#2424,.T.);
#2657 = ADVANCED_FACE('',(#2658),#485,.T.);
#2658 = FACE_BOUND('',#2659,.T.);
#2659 = EDGE_LOOP('',(#2660,#2681,#2682,#2683));
#2660 = ORIENTED_EDGE('',*,*,#2661,.T.);
#2661 = EDGE_CURVE('',#436,#2561,#2662,.T.);
#2662 = SURFACE_CURVE('',#2663,(#2667,#2674),.PCURVE_S1.);
#2663 = LINE('',#2664,#2665);
#2664 = CARTESIAN_POINT('',(0.,-321.31,-248.92));
#2665 = VECTOR('',#2666,1.);
#2666 = DIRECTION('',(1.,0.,0.));
#2667 = PCURVE('',#485,#2668);
#2668 = DEFINITIONAL_REPRESENTATION('',(#2669),#2673);
#2669 = LINE('',#2670,#2671);
#2670 = CARTESIAN_POINT('',(0.,0.));
#2671 = VECTOR('',#2672,1.);
#2672 = DIRECTION('',(1.,0.));
#2673 = ( GEOMETRIC_REPRESENTATION_CONTEXT(2)
PARAMETRIC_REPRESENTATION_CONTEXT() REPRESENTATION_CONTEXT('2D SPACE',''
  ) );
#2674 = PCURVE('',#458,#2675);
#2675 = DEFINITIONAL_REPRESENTATION('',(#2676),#2680);
#2676 = LINE('',#2677,#2678);
#2677 = CARTESIAN_POINT('',(336.74392246598,-255.8444816333));
#2678 = VECTOR('',#2679,1.);
#2679 = DIRECTION('',(0.796254338904,-0.604962005234));
#2680 = ( GEOMETRIC_REPRESENTATION_CONTEXT(2)
PARAMETRIC_REPRESENTATION_CONTEXT() REPRESENTATION_CONTEXT('2D SPACE',''
  ) );
#2681 = ORIENTED_EDGE('',*,*,#2606,.T.);
#2682 = ORIENTED_EDGE('',*,*,#2630,.F.);
#2683 = ORIENTED_EDGE('',*,*,#470,.F.);
#2684 = ADVANCED_FACE('',(#2685,#2691),#458,.F.);
#2685 = FACE_BOUND('',#2686,.F.);
#2686 = EDGE_LOOP('',(#2687,#2688,#2689,#2690));
#2687 = ORIENTED_EDGE('',*,*,#435,.F.);
#2688 = ORIENTED_EDGE('',*,*,#2661,.T.);
#2689 = ORIENTED_EDGE('',*,*,#2560,.T.);
#2690 = ORIENTED_EDGE('',*,*,#2486,.F.);
#2691 = FACE_BOUND('',#2692,.F.);
#2692 = EDGE_LOOP('',(#2693,#2694,#2695,#2696));
#2693 = ORIENTED_EDGE('',*,*,#2446,.T.);
#2694 = ORIENTED_EDGE('',*,*,#2212,.T.);
#2695 = ORIENTED_EDGE('',*,*,#2312,.T.);
#2696 = ORIENTED_EDGE('',*,*,#2405,.T.);
#2697 = ( GEOMETRIC_REPRESENTATION_CONTEXT(3)
GLOBAL_UNCERTAINTY_ASSIGNED_CONTEXT((#2701))
GLOBAL_UNIT_ASSIGNED_CONTEXT((#2698,#2699,#2700)) REPRESENTATION_CONTEXT
('Context #1','3D Context with UNIT and UNCERTAINTY') );
#2698 = ( LENGTH_UNIT() NAMED_UNIT(*) SI_UNIT(.MILLI.,.METRE.) );
#2699 = ( NAMED_UNIT(*) PLANE_ANGLE_UNIT() SI_UNIT($,.RADIAN.) );
#2700 = ( NAMED_UNIT(*) SI_UNIT($,.STERADIAN.) SOLID_ANGLE_UNIT() );
#2701 = UNCERTAINTY_MEASURE_WITH_UNIT(LENGTH_MEASURE(2.E-06),#2698,
  'distance_accuracy_value','confusion accuracy');
#2702 = CONTEXT_DEPENDENT_SHAPE_REPRESENTATION(#2703,#2705);
#2703 = ( REPRESENTATION_RELATIONSHIP('','',#428,#52)
REPRESENTATION_RELATIONSHIP_WITH_TRANSFORMATION(#2704)
SHAPE_REPRESENTATION_RELATIONSHIP() );
#2704 = ITEM_DEFINED_TRANSFORMATION('','',#11,#57);
#2705 = PRODUCT_DEFINITION_SHAPE('Placement','Placement of an item',
  #2706);
#2706 = NEXT_ASSEMBLY_USAGE_OCCURRENCE('2','reflector_hood_flared_skirt'
  ,'',#47,#423,$);
#2707 = PRODUCT_RELATED_PRODUCT_CATEGORY('part',$,(#425));
#2708 = SHAPE_DEFINITION_REPRESENTATION(#2709,#2715);
#2709 = PRODUCT_DEFINITION_SHAPE('','',#2710);
#2710 = PRODUCT_DEFINITION('design','',#2711,#2714);
#2711 = PRODUCT_DEFINITION_FORMATION('','',#2712);
#2712 = PRODUCT('exhaust_flange','exhaust_flange','',(#2713));
#2713 = PRODUCT_CONTEXT('',#2,'mechanical');
#2714 = PRODUCT_DEFINITION_CONTEXT('part definition',#2,'design');
#2715 = ADVANCED_BREP_SHAPE_REPRESENTATION('',(#11,#2716),#2988);
#2716 = MANIFOLD_SOLID_BREP('',#2717);
#2717 = CLOSED_SHELL('',(#2718,#2806,#2841,#2896,#2931,#2981));
#2718 = ADVANCED_FACE('',(#2719),#2732,.F.);
#2719 = FACE_BOUND('',#2720,.F.);
#2720 = EDGE_LOOP('',(#2721,#2755,#2778,#2805));
#2721 = ORIENTED_EDGE('',*,*,#2722,.T.);
#2722 = EDGE_CURVE('',#2723,#2723,#2725,.T.);
#2723 = VERTEX_POINT('',#2724);
#2724 = CARTESIAN_POINT('',(-355.355860816,-1.768389977969E-14,
    -99.21291164116));
#2725 = SURFACE_CURVE('',#2726,(#2731,#2743),.PCURVE_S1.);
#2726 = CIRCLE('',#2727,72.2);
#2727 = AXIS2_PLACEMENT_3D('',#2728,#2729,#2730);
#2728 = CARTESIAN_POINT('',(-381.8114043738,0.,-166.391362167));
#2729 = DIRECTION('',(-0.930449453267,0.,0.366420270884));
#2730 = DIRECTION('',(0.366420270884,0.,0.930449453267));
#2731 = PCURVE('',#2732,#2737);
#2732 = CYLINDRICAL_SURFACE('',#2733,72.2);
#2733 = AXIS2_PLACEMENT_3D('',#2734,#2735,#2736);
#2734 = CARTESIAN_POINT('',(-378.0896065607,0.,-167.8570432506));
#2735 = DIRECTION('',(-0.930449453267,0.,0.366420270884));
#2736 = DIRECTION('',(0.366420270884,0.,0.930449453267));
#2737 = DEFINITIONAL_REPRESENTATION('',(#2738),#2742);
#2738 = LINE('',#2739,#2740);
#2739 = CARTESIAN_POINT('',(0.,4.));
#2740 = VECTOR('',#2741,1.);
#2741 = DIRECTION('',(1.,0.));
#2742 = ( GEOMETRIC_REPRESENTATION_CONTEXT(2)
PARAMETRIC_REPRESENTATION_CONTEXT() REPRESENTATION_CONTEXT('2D SPACE',''
  ) );
#2743 = PCURVE('',#2744,#2749);
#2744 = PLANE('',#2745);
#2745 = AXIS2_PLACEMENT_3D('',#2746,#2747,#2748);
#2746 = CARTESIAN_POINT('',(-381.8114043738,0.,-166.391362167));
#2747 = DIRECTION('',(-0.930449453267,0.,0.366420270884));
#2748 = DIRECTION('',(0.366420270884,0.,0.930449453267));
#2749 = DEFINITIONAL_REPRESENTATION('',(#2750),#2754);
#2750 = CIRCLE('',#2751,72.2);
#2751 = AXIS2_PLACEMENT_2D('',#2752,#2753);
#2752 = CARTESIAN_POINT('',(-5.616383063516E-15,0.));
#2753 = DIRECTION('',(1.,0.));
#2754 = ( GEOMETRIC_REPRESENTATION_CONTEXT(2)
PARAMETRIC_REPRESENTATION_CONTEXT() REPRESENTATION_CONTEXT('2D SPACE',''
  ) );
#2755 = ORIENTED_EDGE('',*,*,#2756,.F.);
#2756 = EDGE_CURVE('',#2757,#2723,#2759,.T.);
#2757 = VERTEX_POINT('',#2758);
#2758 = CARTESIAN_POINT('',(-415.8350752784,-1.768389977969E-14,
    -75.39559403372));
#2759 = SEAM_CURVE('',#2760,(#2764,#2771),.PCURVE_S1.);
#2760 = LINE('',#2761,#2762);
#2761 = CARTESIAN_POINT('',(-415.8350752784,-1.768389977969E-14,
    -75.39559403372));
#2762 = VECTOR('',#2763,1.);
#2763 = DIRECTION('',(0.930449453267,0.,-0.366420270884));
#2764 = PCURVE('',#2732,#2765);
#2765 = DEFINITIONAL_REPRESENTATION('',(#2766),#2770);
#2766 = LINE('',#2767,#2768);
#2767 = CARTESIAN_POINT('',(6.28318530718,69.));
#2768 = VECTOR('',#2769,1.);
#2769 = DIRECTION('',(-0.,-1.));
#2770 = ( GEOMETRIC_REPRESENTATION_CONTEXT(2)
PARAMETRIC_REPRESENTATION_CONTEXT() REPRESENTATION_CONTEXT('2D SPACE',''
  ) );
#2771 = PCURVE('',#2732,#2772);
#2772 = DEFINITIONAL_REPRESENTATION('',(#2773),#2777);
#2773 = LINE('',#2774,#2775);
#2774 = CARTESIAN_POINT('',(0.,69.));
#2775 = VECTOR('',#2776,1.);
#2776 = DIRECTION('',(-0.,-1.));
#2777 = ( GEOMETRIC_REPRESENTATION_CONTEXT(2)
PARAMETRIC_REPRESENTATION_CONTEXT() REPRESENTATION_CONTEXT('2D SPACE',''
  ) );
#2778 = ORIENTED_EDGE('',*,*,#2779,.F.);
#2779 = EDGE_CURVE('',#2757,#2757,#2780,.T.);
#2780 = SURFACE_CURVE('',#2781,(#2786,#2793),.PCURVE_S1.);
#2781 = CIRCLE('',#2782,72.2);
#2782 = AXIS2_PLACEMENT_3D('',#2783,#2784,#2785);
#2783 = CARTESIAN_POINT('',(-442.2906188362,0.,-142.5740445596));
#2784 = DIRECTION('',(-0.930449453267,0.,0.366420270884));
#2785 = DIRECTION('',(0.366420270884,0.,0.930449453267));
#2786 = PCURVE('',#2732,#2787);
#2787 = DEFINITIONAL_REPRESENTATION('',(#2788),#2792);
#2788 = LINE('',#2789,#2790);
#2789 = CARTESIAN_POINT('',(0.,69.));
#2790 = VECTOR('',#2791,1.);
#2791 = DIRECTION('',(1.,0.));
#2792 = ( GEOMETRIC_REPRESENTATION_CONTEXT(2)
PARAMETRIC_REPRESENTATION_CONTEXT() REPRESENTATION_CONTEXT('2D SPACE',''
  ) );
#2793 = PCURVE('',#2794,#2799);
#2794 = PLANE('',#2795);
#2795 = AXIS2_PLACEMENT_3D('',#2796,#2797,#2798);
#2796 = CARTESIAN_POINT('',(-442.2906188362,0.,-142.5740445596));
#2797 = DIRECTION('',(-0.930449453267,0.,0.366420270884));
#2798 = DIRECTION('',(0.366420270884,0.,0.930449453267));
#2799 = DEFINITIONAL_REPRESENTATION('',(#2800),#2804);
#2800 = CIRCLE('',#2801,72.2);
#2801 = AXIS2_PLACEMENT_2D('',#2802,#2803);
#2802 = CARTESIAN_POINT('',(5.616383063516E-15,0.));
#2803 = DIRECTION('',(1.,0.));
#2804 = ( GEOMETRIC_REPRESENTATION_CONTEXT(2)
PARAMETRIC_REPRESENTATION_CONTEXT() REPRESENTATION_CONTEXT('2D SPACE',''
  ) );
#2805 = ORIENTED_EDGE('',*,*,#2756,.T.);
#2806 = ADVANCED_FACE('',(#2807,#2838),#2794,.T.);
#2807 = FACE_BOUND('',#2808,.T.);
#2808 = EDGE_LOOP('',(#2809));
#2809 = ORIENTED_EDGE('',*,*,#2810,.T.);
#2810 = EDGE_CURVE('',#2811,#2811,#2813,.T.);
#2811 = VERTEX_POINT('',#2812);
#2812 = CARTESIAN_POINT('',(-412.5372928404,-1.988826401815E-14,
    -67.02154895432));
#2813 = SURFACE_CURVE('',#2814,(#2819,#2826),.PCURVE_S1.);
#2814 = CIRCLE('',#2815,81.2);
#2815 = AXIS2_PLACEMENT_3D('',#2816,#2817,#2818);
#2816 = CARTESIAN_POINT('',(-442.2906188362,0.,-142.5740445596));
#2817 = DIRECTION('',(-0.930449453267,0.,0.366420270884));
#2818 = DIRECTION('',(0.366420270884,0.,0.930449453267));
#2819 = PCURVE('',#2794,#2820);
#2820 = DEFINITIONAL_REPRESENTATION('',(#2821),#2825);
#2821 = CIRCLE('',#2822,81.2);
#2822 = AXIS2_PLACEMENT_2D('',#2823,#2824);
#2823 = CARTESIAN_POINT('',(0.,0.));
#2824 = DIRECTION('',(1.,0.));
#2825 = ( GEOMETRIC_REPRESENTATION_CONTEXT(2)
PARAMETRIC_REPRESENTATION_CONTEXT() REPRESENTATION_CONTEXT('2D SPACE',''
  ) );
#2826 = PCURVE('',#2827,#2832);
#2827 = CYLINDRICAL_SURFACE('',#2828,81.2);
#2828 = AXIS2_PLACEMENT_3D('',#2829,#2830,#2831);
#2829 = CARTESIAN_POINT('',(-434.8470232101,0.,-145.5054067267));
#2830 = DIRECTION('',(-0.930449453267,0.,0.366420270884));
#2831 = DIRECTION('',(0.366420270884,0.,0.930449453267));
#2832 = DEFINITIONAL_REPRESENTATION('',(#2833),#2837);
#2833 = LINE('',#2834,#2835);
#2834 = CARTESIAN_POINT('',(0.,8.));
#2835 = VECTOR('',#2836,1.);
#2836 = DIRECTION('',(1.,0.));
#2837 = ( GEOMETRIC_REPRESENTATION_CONTEXT(2)
PARAMETRIC_REPRESENTATION_CONTEXT() REPRESENTATION_CONTEXT('2D SPACE',''
  ) );
#2838 = FACE_BOUND('',#2839,.T.);
#2839 = EDGE_LOOP('',(#2840));
#2840 = ORIENTED_EDGE('',*,*,#2779,.F.);
#2841 = ADVANCED_FACE('',(#2842),#2827,.T.);
#2842 = FACE_BOUND('',#2843,.T.);
#2843 = EDGE_LOOP('',(#2844,#2845,#2868,#2895));
#2844 = ORIENTED_EDGE('',*,*,#2810,.F.);
#2845 = ORIENTED_EDGE('',*,*,#2846,.F.);
#2846 = EDGE_CURVE('',#2847,#2811,#2849,.T.);
#2847 = VERTEX_POINT('',#2848);
#2848 = CARTESIAN_POINT('',(-405.0936972143,-1.988826401815E-14,
    -69.95291112139));
#2849 = SEAM_CURVE('',#2850,(#2854,#2861),.PCURVE_S1.);
#2850 = LINE('',#2851,#2852);
#2851 = CARTESIAN_POINT('',(-405.0936972143,-1.988826401815E-14,
    -69.95291112139));
#2852 = VECTOR('',#2853,1.);
#2853 = DIRECTION('',(-0.930449453267,0.,0.366420270884));
#2854 = PCURVE('',#2827,#2855);
#2855 = DEFINITIONAL_REPRESENTATION('',(#2856),#2860);
#2856 = LINE('',#2857,#2858);
#2857 = CARTESIAN_POINT('',(6.28318530718,-0.));
#2858 = VECTOR('',#2859,1.);
#2859 = DIRECTION('',(0.,1.));
#2860 = ( GEOMETRIC_REPRESENTATION_CONTEXT(2)
PARAMETRIC_REPRESENTATION_CONTEXT() REPRESENTATION_CONTEXT('2D SPACE',''
  ) );
#2861 = PCURVE('',#2827,#2862);
#2862 = DEFINITIONAL_REPRESENTATION('',(#2863),#2867);
#2863 = LINE('',#2864,#2865);
#2864 = CARTESIAN_POINT('',(0.,-0.));
#2865 = VECTOR('',#2866,1.);
#2866 = DIRECTION('',(0.,1.));
#2867 = ( GEOMETRIC_REPRESENTATION_CONTEXT(2)
PARAMETRIC_REPRESENTATION_CONTEXT() REPRESENTATION_CONTEXT('2D SPACE',''
  ) );
#2868 = ORIENTED_EDGE('',*,*,#2869,.T.);
#2869 = EDGE_CURVE('',#2847,#2847,#2870,.T.);
#2870 = SURFACE_CURVE('',#2871,(#2876,#2883),.PCURVE_S1.);
#2871 = CIRCLE('',#2872,81.2);
#2872 = AXIS2_PLACEMENT_3D('',#2873,#2874,#2875);
#2873 = CARTESIAN_POINT('',(-434.8470232101,0.,-145.5054067267));
#2874 = DIRECTION('',(-0.930449453267,0.,0.366420270884));
#2875 = DIRECTION('',(0.366420270884,0.,0.930449453267));
#2876 = PCURVE('',#2827,#2877);
#2877 = DEFINITIONAL_REPRESENTATION('',(#2878),#2882);
#2878 = LINE('',#2879,#2880);
#2879 = CARTESIAN_POINT('',(0.,0.));
#2880 = VECTOR('',#2881,1.);
#2881 = DIRECTION('',(1.,0.));
#2882 = ( GEOMETRIC_REPRESENTATION_CONTEXT(2)
PARAMETRIC_REPRESENTATION_CONTEXT() REPRESENTATION_CONTEXT('2D SPACE',''
  ) );
#2883 = PCURVE('',#2884,#2889);
#2884 = PLANE('',#2885);
#2885 = AXIS2_PLACEMENT_3D('',#2886,#2887,#2888);
#2886 = CARTESIAN_POINT('',(-434.8470232101,0.,-145.5054067267));
#2887 = DIRECTION('',(-0.930449453267,0.,0.366420270884));
#2888 = DIRECTION('',(0.366420270884,0.,0.930449453267));
#2889 = DEFINITIONAL_REPRESENTATION('',(#2890),#2894);
#2890 = CIRCLE('',#2891,81.2);
#2891 = AXIS2_PLACEMENT_2D('',#2892,#2893);
#2892 = CARTESIAN_POINT('',(0.,0.));
#2893 = DIRECTION('',(1.,0.));
#2894 = ( GEOMETRIC_REPRESENTATION_CONTEXT(2)
PARAMETRIC_REPRESENTATION_CONTEXT() REPRESENTATION_CONTEXT('2D SPACE',''
  ) );
#2895 = ORIENTED_EDGE('',*,*,#2846,.T.);
#2896 = ADVANCED_FACE('',(#2897,#2900),#2884,.F.);
#2897 = FACE_BOUND('',#2898,.F.);
#2898 = EDGE_LOOP('',(#2899));
#2899 = ORIENTED_EDGE('',*,*,#2869,.T.);
#2900 = FACE_BOUND('',#2901,.F.);
#2901 = EDGE_LOOP('',(#2902));
#2902 = ORIENTED_EDGE('',*,*,#2903,.F.);
#2903 = EDGE_CURVE('',#2904,#2904,#2906,.T.);
#2904 = VERTEX_POINT('',#2905);
#2905 = CARTESIAN_POINT('',(-406.9257985687,-1.866361721901E-14,
    -74.60515838772));
#2906 = SURFACE_CURVE('',#2907,(#2912,#2919),.PCURVE_S1.);
#2907 = CIRCLE('',#2908,76.2);
#2908 = AXIS2_PLACEMENT_3D('',#2909,#2910,#2911);
#2909 = CARTESIAN_POINT('',(-434.8470232101,0.,-145.5054067267));
#2910 = DIRECTION('',(-0.930449453267,0.,0.366420270884));
#2911 = DIRECTION('',(0.366420270884,0.,0.930449453267));
#2912 = PCURVE('',#2884,#2913);
#2913 = DEFINITIONAL_REPRESENTATION('',(#2914),#2918);
#2914 = CIRCLE('',#2915,76.2);
#2915 = AXIS2_PLACEMENT_2D('',#2916,#2917);
#2916 = CARTESIAN_POINT('',(0.,0.));
#2917 = DIRECTION('',(1.,0.));
#2918 = ( GEOMETRIC_REPRESENTATION_CONTEXT(2)
PARAMETRIC_REPRESENTATION_CONTEXT() REPRESENTATION_CONTEXT('2D SPACE',''
  ) );
#2919 = PCURVE('',#2920,#2925);
#2920 = CYLINDRICAL_SURFACE('',#2921,76.2);
#2921 = AXIS2_PLACEMENT_3D('',#2922,#2923,#2924);
#2922 = CARTESIAN_POINT('',(-381.8114043738,0.,-166.391362167));
#2923 = DIRECTION('',(-0.930449453267,0.,0.366420270884));
#2924 = DIRECTION('',(0.366420270884,0.,0.930449453267));
#2925 = DEFINITIONAL_REPRESENTATION('',(#2926),#2930);
#2926 = LINE('',#2927,#2928);
#2927 = CARTESIAN_POINT('',(0.,57.));
#2928 = VECTOR('',#2929,1.);
#2929 = DIRECTION('',(1.,0.));
#2930 = ( GEOMETRIC_REPRESENTATION_CONTEXT(2)
PARAMETRIC_REPRESENTATION_CONTEXT() REPRESENTATION_CONTEXT('2D SPACE',''
  ) );
#2931 = ADVANCED_FACE('',(#2932),#2920,.T.);
#2932 = FACE_BOUND('',#2933,.T.);
#2933 = EDGE_LOOP('',(#2934,#2935,#2958,#2980));
#2934 = ORIENTED_EDGE('',*,*,#2903,.F.);
#2935 = ORIENTED_EDGE('',*,*,#2936,.F.);
#2936 = EDGE_CURVE('',#2937,#2904,#2939,.T.);
#2937 = VERTEX_POINT('',#2938);
#2938 = CARTESIAN_POINT('',(-353.8901797325,-1.866361721901E-14,
    -95.49111382809));
#2939 = SEAM_CURVE('',#2940,(#2944,#2951),.PCURVE_S1.);
#2940 = LINE('',#2941,#2942);
#2941 = CARTESIAN_POINT('',(-353.8901797325,-1.866361721901E-14,
    -95.49111382809));
#2942 = VECTOR('',#2943,1.);
#2943 = DIRECTION('',(-0.930449453267,0.,0.366420270884));
#2944 = PCURVE('',#2920,#2945);
#2945 = DEFINITIONAL_REPRESENTATION('',(#2946),#2950);
#2946 = LINE('',#2947,#2948);
#2947 = CARTESIAN_POINT('',(6.28318530718,-0.));
#2948 = VECTOR('',#2949,1.);
#2949 = DIRECTION('',(0.,1.));
#2950 = ( GEOMETRIC_REPRESENTATION_CONTEXT(2)
PARAMETRIC_REPRESENTATION_CONTEXT() REPRESENTATION_CONTEXT('2D SPACE',''
  ) );
#2951 = PCURVE('',#2920,#2952);
#2952 = DEFINITIONAL_REPRESENTATION('',(#2953),#2957);
#2953 = LINE('',#2954,#2955);
#2954 = CARTESIAN_POINT('',(0.,-0.));
#2955 = VECTOR('',#2956,1.);
#2956 = DIRECTION('',(0.,1.));
#2957 = ( GEOMETRIC_REPRESENTATION_CONTEXT(2)
PARAMETRIC_REPRESENTATION_CONTEXT() REPRESENTATION_CONTEXT('2D SPACE',''
  ) );
#2958 = ORIENTED_EDGE('',*,*,#2959,.T.);
#2959 = EDGE_CURVE('',#2937,#2937,#2960,.T.);
#2960 = SURFACE_CURVE('',#2961,(#2966,#2973),.PCURVE_S1.);
#2961 = CIRCLE('',#2962,76.2);
#2962 = AXIS2_PLACEMENT_3D('',#2963,#2964,#2965);
#2963 = CARTESIAN_POINT('',(-381.8114043738,0.,-166.391362167));
#2964 = DIRECTION('',(-0.930449453267,0.,0.366420270884));
#2965 = DIRECTION('',(0.366420270884,0.,0.930449453267));
#2966 = PCURVE('',#2920,#2967);
#2967 = DEFINITIONAL_REPRESENTATION('',(#2968),#2972);
#2968 = LINE('',#2969,#2970);
#2969 = CARTESIAN_POINT('',(0.,0.));
#2970 = VECTOR('',#2971,1.);
#2971 = DIRECTION('',(1.,0.));
#2972 = ( GEOMETRIC_REPRESENTATION_CONTEXT(2)
PARAMETRIC_REPRESENTATION_CONTEXT() REPRESENTATION_CONTEXT('2D SPACE',''
  ) );
#2973 = PCURVE('',#2744,#2974);
#2974 = DEFINITIONAL_REPRESENTATION('',(#2975),#2979);
#2975 = CIRCLE('',#2976,76.2);
#2976 = AXIS2_PLACEMENT_2D('',#2977,#2978);
#2977 = CARTESIAN_POINT('',(0.,0.));
#2978 = DIRECTION('',(1.,0.));
#2979 = ( GEOMETRIC_REPRESENTATION_CONTEXT(2)
PARAMETRIC_REPRESENTATION_CONTEXT() REPRESENTATION_CONTEXT('2D SPACE',''
  ) );
#2980 = ORIENTED_EDGE('',*,*,#2936,.T.);
#2981 = ADVANCED_FACE('',(#2982,#2985),#2744,.F.);
#2982 = FACE_BOUND('',#2983,.F.);
#2983 = EDGE_LOOP('',(#2984));
#2984 = ORIENTED_EDGE('',*,*,#2959,.T.);
#2985 = FACE_BOUND('',#2986,.F.);
#2986 = EDGE_LOOP('',(#2987));
#2987 = ORIENTED_EDGE('',*,*,#2722,.F.);
#2988 = ( GEOMETRIC_REPRESENTATION_CONTEXT(3)
GLOBAL_UNCERTAINTY_ASSIGNED_CONTEXT((#2992))
GLOBAL_UNIT_ASSIGNED_CONTEXT((#2989,#2990,#2991)) REPRESENTATION_CONTEXT
('Context #1','3D Context with UNIT and UNCERTAINTY') );
#2989 = ( LENGTH_UNIT() NAMED_UNIT(*) SI_UNIT(.MILLI.,.METRE.) );
#2990 = ( NAMED_UNIT(*) PLANE_ANGLE_UNIT() SI_UNIT($,.RADIAN.) );
#2991 = ( NAMED_UNIT(*) SI_UNIT($,.STERADIAN.) SOLID_ANGLE_UNIT() );
#2992 = UNCERTAINTY_MEASURE_WITH_UNIT(LENGTH_MEASURE(1.E-07),#2989,
  'distance_accuracy_value','confusion accuracy');
#2993 = CONTEXT_DEPENDENT_SHAPE_REPRESENTATION(#2994,#2996);
#2994 = ( REPRESENTATION_RELATIONSHIP('','',#2715,#10)
REPRESENTATION_RELATIONSHIP_WITH_TRANSFORMATION(#2995)
SHAPE_REPRESENTATION_RELATIONSHIP() );
#2995 = ITEM_DEFINED_TRANSFORMATION('','',#11,#19);
#2996 = PRODUCT_DEFINITION_SHAPE('Placement','Placement of an item',
  #2997);
#2997 = NEXT_ASSEMBLY_USAGE_OCCURRENCE('4','exhaust_flange','',#5,#2710,
  $);
#2998 = PRODUCT_RELATED_PRODUCT_CATEGORY('part',$,(#2712));
#2999 = SHAPE_DEFINITION_REPRESENTATION(#3000,#3006);
#3000 = PRODUCT_DEFINITION_SHAPE('','',#3001);
#3001 = PRODUCT_DEFINITION('design','',#3002,#3005);
#3002 = PRODUCT_DEFINITION_FORMATION('','',#3003);
#3003 = PRODUCT('socket_bracket_assembly','socket_bracket_assembly','',(
    #3004));
#3004 = PRODUCT_CONTEXT('',#2,'mechanical');
#3005 = PRODUCT_DEFINITION_CONTEXT('part definition',#2,'design');
#3006 = SHAPE_REPRESENTATION('',(#11,#3007,#3011),#3015);
#3007 = AXIS2_PLACEMENT_3D('',#3008,#3009,#3010);
#3008 = CARTESIAN_POINT('',(0.,0.,0.));
#3009 = DIRECTION('',(0.,0.,1.));
#3010 = DIRECTION('',(1.,0.,-0.));
#3011 = AXIS2_PLACEMENT_3D('',#3012,#3013,#3014);
#3012 = CARTESIAN_POINT('',(0.,0.,0.));
#3013 = DIRECTION('',(0.,0.,1.));
#3014 = DIRECTION('',(1.,0.,-0.));
#3015 = ( GEOMETRIC_REPRESENTATION_CONTEXT(3)
GLOBAL_UNCERTAINTY_ASSIGNED_CONTEXT((#3019))
GLOBAL_UNIT_ASSIGNED_CONTEXT((#3016,#3017,#3018)) REPRESENTATION_CONTEXT
('Context #1','3D Context with UNIT and UNCERTAINTY') );
#3016 = ( LENGTH_UNIT() NAMED_UNIT(*) SI_UNIT(.MILLI.,.METRE.) );
#3017 = ( NAMED_UNIT(*) PLANE_ANGLE_UNIT() SI_UNIT($,.RADIAN.) );
#3018 = ( NAMED_UNIT(*) SI_UNIT($,.STERADIAN.) SOLID_ANGLE_UNIT() );
#3019 = UNCERTAINTY_MEASURE_WITH_UNIT(LENGTH_MEASURE(2.E-07),#3016,
  'distance_accuracy_value','confusion accuracy');
#3020 = CONTEXT_DEPENDENT_SHAPE_REPRESENTATION(#3021,#3023);
#3021 = ( REPRESENTATION_RELATIONSHIP('','',#3006,#10)
REPRESENTATION_RELATIONSHIP_WITH_TRANSFORMATION(#3022)
SHAPE_REPRESENTATION_RELATIONSHIP() );
#3022 = ITEM_DEFINED_TRANSFORMATION('','',#11,#23);
#3023 = PRODUCT_DEFINITION_SHAPE('Placement','Placement of an item',
  #3024);
#3024 = NEXT_ASSEMBLY_USAGE_OCCURRENCE('7','socket_bracket_assembly','',
  #5,#3001,$);
#3025 = PRODUCT_RELATED_PRODUCT_CATEGORY('part',$,(#3003));
#3026 = SHAPE_DEFINITION_REPRESENTATION(#3027,#3033);
#3027 = PRODUCT_DEFINITION_SHAPE('','',#3028);
#3028 = PRODUCT_DEFINITION('design','',#3029,#3032);
#3029 = PRODUCT_DEFINITION_FORMATION('','',#3030);
#3030 = PRODUCT('socket_bracket','socket_bracket','',(#3031));
#3031 = PRODUCT_CONTEXT('',#2,'mechanical');
#3032 = PRODUCT_DEFINITION_CONTEXT('part definition',#2,'design');
#3033 = ADVANCED_BREP_SHAPE_REPRESENTATION('',(#11,#3034),#3678);
#3034 = MANIFOLD_SOLID_BREP('',#3035);
#3035 = CLOSED_SHELL('',(#3036,#3156,#3232,#3281,#3330,#3463,#3470,#3546
    ,#3595,#3644,#3671));
#3036 = ADVANCED_FACE('',(#3037),#3051,.F.);
#3037 = FACE_BOUND('',#3038,.F.);
#3038 = EDGE_LOOP('',(#3039,#3074,#3102,#3130));
#3039 = ORIENTED_EDGE('',*,*,#3040,.F.);
#3040 = EDGE_CURVE('',#3041,#3043,#3045,.T.);
#3041 = VERTEX_POINT('',#3042);
#3042 = CARTESIAN_POINT('',(-213.,-35.,-95.));
#3043 = VERTEX_POINT('',#3044);
#3044 = CARTESIAN_POINT('',(-213.,-35.,-85.));
#3045 = SURFACE_CURVE('',#3046,(#3050,#3062),.PCURVE_S1.);
#3046 = LINE('',#3047,#3048);
#3047 = CARTESIAN_POINT('',(-213.,-35.,-95.));
#3048 = VECTOR('',#3049,1.);
#3049 = DIRECTION('',(0.,0.,1.));
#3050 = PCURVE('',#3051,#3056);
#3051 = PLANE('',#3052);
#3052 = AXIS2_PLACEMENT_3D('',#3053,#3054,#3055);
#3053 = CARTESIAN_POINT('',(-213.,-35.,-95.));
#3054 = DIRECTION('',(1.,0.,0.));
#3055 = DIRECTION('',(0.,0.,1.));
#3056 = DEFINITIONAL_REPRESENTATION('',(#3057),#3061);
#3057 = LINE('',#3058,#3059);
#3058 = CARTESIAN_POINT('',(0.,0.));
#3059 = VECTOR('',#3060,1.);
#3060 = DIRECTION('',(1.,0.));
#3061 = ( GEOMETRIC_REPRESENTATION_CONTEXT(2)
PARAMETRIC_REPRESENTATION_CONTEXT() REPRESENTATION_CONTEXT('2D SPACE',''
  ) );
#3062 = PCURVE('',#3063,#3068);
#3063 = PLANE('',#3064);
#3064 = AXIS2_PLACEMENT_3D('',#3065,#3066,#3067);
#3065 = CARTESIAN_POINT('',(-213.,-35.,-95.));
#3066 = DIRECTION('',(0.,1.,0.));
#3067 = DIRECTION('',(0.,0.,1.));
#3068 = DEFINITIONAL_REPRESENTATION('',(#3069),#3073);
#3069 = LINE('',#3070,#3071);
#3070 = CARTESIAN_POINT('',(0.,0.));
#3071 = VECTOR('',#3072,1.);
#3072 = DIRECTION('',(1.,0.));
#3073 = ( GEOMETRIC_REPRESENTATION_CONTEXT(2)
PARAMETRIC_REPRESENTATION_CONTEXT() REPRESENTATION_CONTEXT('2D SPACE',''
  ) );
#3074 = ORIENTED_EDGE('',*,*,#3075,.T.);
#3075 = EDGE_CURVE('',#3041,#3076,#3078,.T.);
#3076 = VERTEX_POINT('',#3077);
#3077 = CARTESIAN_POINT('',(-213.,35.,-95.));
#3078 = SURFACE_CURVE('',#3079,(#3083,#3090),.PCURVE_S1.);
#3079 = LINE('',#3080,#3081);
#3080 = CARTESIAN_POINT('',(-213.,-35.,-95.));
#3081 = VECTOR('',#3082,1.);
#3082 = DIRECTION('',(0.,1.,0.));
#3083 = PCURVE('',#3051,#3084);
#3084 = DEFINITIONAL_REPRESENTATION('',(#3085),#3089);
#3085 = LINE('',#3086,#3087);
#3086 = CARTESIAN_POINT('',(0.,0.));
#3087 = VECTOR('',#3088,1.);
#3088 = DIRECTION('',(0.,-1.));
#3089 = ( GEOMETRIC_REPRESENTATION_CONTEXT(2)
PARAMETRIC_REPRESENTATION_CONTEXT() REPRESENTATION_CONTEXT('2D SPACE',''
  ) );
#3090 = PCURVE('',#3091,#3096);
#3091 = PLANE('',#3092);
#3092 = AXIS2_PLACEMENT_3D('',#3093,#3094,#3095);
#3093 = CARTESIAN_POINT('',(-213.,-35.,-95.));
#3094 = DIRECTION('',(0.,0.,1.));
#3095 = DIRECTION('',(1.,0.,0.));
#3096 = DEFINITIONAL_REPRESENTATION('',(#3097),#3101);
#3097 = LINE('',#3098,#3099);
#3098 = CARTESIAN_POINT('',(0.,0.));
#3099 = VECTOR('',#3100,1.);
#3100 = DIRECTION('',(0.,1.));
#3101 = ( GEOMETRIC_REPRESENTATION_CONTEXT(2)
PARAMETRIC_REPRESENTATION_CONTEXT() REPRESENTATION_CONTEXT('2D SPACE',''
  ) );
#3102 = ORIENTED_EDGE('',*,*,#3103,.T.);
#3103 = EDGE_CURVE('',#3076,#3104,#3106,.T.);
#3104 = VERTEX_POINT('',#3105);
#3105 = CARTESIAN_POINT('',(-213.,35.,-85.));
#3106 = SURFACE_CURVE('',#3107,(#3111,#3118),.PCURVE_S1.);
#3107 = LINE('',#3108,#3109);
#3108 = CARTESIAN_POINT('',(-213.,35.,-95.));
#3109 = VECTOR('',#3110,1.);
#3110 = DIRECTION('',(0.,0.,1.));
#3111 = PCURVE('',#3051,#3112);
#3112 = DEFINITIONAL_REPRESENTATION('',(#3113),#3117);
#3113 = LINE('',#3114,#3115);
#3114 = CARTESIAN_POINT('',(0.,-70.));
#3115 = VECTOR('',#3116,1.);
#3116 = DIRECTION('',(1.,0.));
#3117 = ( GEOMETRIC_REPRESENTATION_CONTEXT(2)
PARAMETRIC_REPRESENTATION_CONTEXT() REPRESENTATION_CONTEXT('2D SPACE',''
  ) );
#3118 = PCURVE('',#3119,#3124);
#3119 = PLANE('',#3120);
#3120 = AXIS2_PLACEMENT_3D('',#3121,#3122,#3123);
#3121 = CARTESIAN_POINT('',(-213.,35.,-95.));
#3122 = DIRECTION('',(0.,1.,0.));
#3123 = DIRECTION('',(0.,0.,1.));
#3124 = DEFINITIONAL_REPRESENTATION('',(#3125),#3129);
#3125 = LINE('',#3126,#3127);
#3126 = CARTESIAN_POINT('',(0.,0.));
#3127 = VECTOR('',#3128,1.);
#3128 = DIRECTION('',(1.,0.));
#3129 = ( GEOMETRIC_REPRESENTATION_CONTEXT(2)
PARAMETRIC_REPRESENTATION_CONTEXT() REPRESENTATION_CONTEXT('2D SPACE',''
  ) );
#3130 = ORIENTED_EDGE('',*,*,#3131,.F.);
#3131 = EDGE_CURVE('',#3043,#3104,#3132,.T.);
#3132 = SURFACE_CURVE('',#3133,(#3137,#3144),.PCURVE_S1.);
#3133 = LINE('',#3134,#3135);
#3134 = CARTESIAN_POINT('',(-213.,-35.,-85.));
#3135 = VECTOR('',#3136,1.);
#3136 = DIRECTION('',(0.,1.,0.));
#3137 = PCURVE('',#3051,#3138);
#3138 = DEFINITIONAL_REPRESENTATION('',(#3139),#3143);
#3139 = LINE('',#3140,#3141);
#3140 = CARTESIAN_POINT('',(10.,0.));
#3141 = VECTOR('',#3142,1.);
#3142 = DIRECTION('',(0.,-1.));
#3143 = ( GEOMETRIC_REPRESENTATION_CONTEXT(2)
PARAMETRIC_REPRESENTATION_CONTEXT() REPRESENTATION_CONTEXT('2D SPACE',''
  ) );
#3144 = PCURVE('',#3145,#3150);
#3145 = PLANE('',#3146);
#3146 = AXIS2_PLACEMENT_3D('',#3147,#3148,#3149);
#3147 = CARTESIAN_POINT('',(-213.,-35.,-85.));
#3148 = DIRECTION('',(0.,0.,1.));
#3149 = DIRECTION('',(1.,0.,0.));
#3150 = DEFINITIONAL_REPRESENTATION('',(#3151),#3155);
#3151 = LINE('',#3152,#3153);
#3152 = CARTESIAN_POINT('',(0.,0.));
#3153 = VECTOR('',#3154,1.);
#3154 = DIRECTION('',(0.,1.));
#3155 = ( GEOMETRIC_REPRESENTATION_CONTEXT(2)
PARAMETRIC_REPRESENTATION_CONTEXT() REPRESENTATION_CONTEXT('2D SPACE',''
  ) );
#3156 = ADVANCED_FACE('',(#3157),#3063,.F.);
#3157 = FACE_BOUND('',#3158,.F.);
#3158 = EDGE_LOOP('',(#3159,#3182,#3183,#3206));
#3159 = ORIENTED_EDGE('',*,*,#3160,.F.);
#3160 = EDGE_CURVE('',#3041,#3161,#3163,.T.);
#3161 = VERTEX_POINT('',#3162);
#3162 = CARTESIAN_POINT('',(-143.,-35.,-95.));
#3163 = SURFACE_CURVE('',#3164,(#3168,#3175),.PCURVE_S1.);
#3164 = LINE('',#3165,#3166);
#3165 = CARTESIAN_POINT('',(-213.,-35.,-95.));
#3166 = VECTOR('',#3167,1.);
#3167 = DIRECTION('',(1.,0.,0.));
#3168 = PCURVE('',#3063,#3169);
#3169 = DEFINITIONAL_REPRESENTATION('',(#3170),#3174);
#3170 = LINE('',#3171,#3172);
#3171 = CARTESIAN_POINT('',(0.,0.));
#3172 = VECTOR('',#3173,1.);
#3173 = DIRECTION('',(0.,1.));
#3174 = ( GEOMETRIC_REPRESENTATION_CONTEXT(2)
PARAMETRIC_REPRESENTATION_CONTEXT() REPRESENTATION_CONTEXT('2D SPACE',''
  ) );
#3175 = PCURVE('',#3091,#3176);
#3176 = DEFINITIONAL_REPRESENTATION('',(#3177),#3181);
#3177 = LINE('',#3178,#3179);
#3178 = CARTESIAN_POINT('',(0.,0.));
#3179 = VECTOR('',#3180,1.);
#3180 = DIRECTION('',(1.,0.));
#3181 = ( GEOMETRIC_REPRESENTATION_CONTEXT(2)
PARAMETRIC_REPRESENTATION_CONTEXT() REPRESENTATION_CONTEXT('2D SPACE',''
  ) );
#3182 = ORIENTED_EDGE('',*,*,#3040,.T.);
#3183 = ORIENTED_EDGE('',*,*,#3184,.T.);
#3184 = EDGE_CURVE('',#3043,#3185,#3187,.T.);
#3185 = VERTEX_POINT('',#3186);
#3186 = CARTESIAN_POINT('',(-143.,-35.,-85.));
#3187 = SURFACE_CURVE('',#3188,(#3192,#3199),.PCURVE_S1.);
#3188 = LINE('',#3189,#3190);
#3189 = CARTESIAN_POINT('',(-213.,-35.,-85.));
#3190 = VECTOR('',#3191,1.);
#3191 = DIRECTION('',(1.,0.,0.));
#3192 = PCURVE('',#3063,#3193);
#3193 = DEFINITIONAL_REPRESENTATION('',(#3194),#3198);
#3194 = LINE('',#3195,#3196);
#3195 = CARTESIAN_POINT('',(10.,0.));
#3196 = VECTOR('',#3197,1.);
#3197 = DIRECTION('',(0.,1.));
#3198 = ( GEOMETRIC_REPRESENTATION_CONTEXT(2)
PARAMETRIC_REPRESENTATION_CONTEXT() REPRESENTATION_CONTEXT('2D SPACE',''
  ) );
#3199 = PCURVE('',#3145,#3200);
#3200 = DEFINITIONAL_REPRESENTATION('',(#3201),#3205);
#3201 = LINE('',#3202,#3203);
#3202 = CARTESIAN_POINT('',(0.,0.));
#3203 = VECTOR('',#3204,1.);
#3204 = DIRECTION('',(1.,0.));
#3205 = ( GEOMETRIC_REPRESENTATION_CONTEXT(2)
PARAMETRIC_REPRESENTATION_CONTEXT() REPRESENTATION_CONTEXT('2D SPACE',''
  ) );
#3206 = ORIENTED_EDGE('',*,*,#3207,.F.);
#3207 = EDGE_CURVE('',#3161,#3185,#3208,.T.);
#3208 = SURFACE_CURVE('',#3209,(#3213,#3220),.PCURVE_S1.);
#3209 = LINE('',#3210,#3211);
#3210 = CARTESIAN_POINT('',(-143.,-35.,-95.));
#3211 = VECTOR('',#3212,1.);
#3212 = DIRECTION('',(0.,0.,1.));
#3213 = PCURVE('',#3063,#3214);
#3214 = DEFINITIONAL_REPRESENTATION('',(#3215),#3219);
#3215 = LINE('',#3216,#3217);
#3216 = CARTESIAN_POINT('',(0.,70.));
#3217 = VECTOR('',#3218,1.);
#3218 = DIRECTION('',(1.,0.));
#3219 = ( GEOMETRIC_REPRESENTATION_CONTEXT(2)
PARAMETRIC_REPRESENTATION_CONTEXT() REPRESENTATION_CONTEXT('2D SPACE',''
  ) );
#3220 = PCURVE('',#3221,#3226);
#3221 = PLANE('',#3222);
#3222 = AXIS2_PLACEMENT_3D('',#3223,#3224,#3225);
#3223 = CARTESIAN_POINT('',(-143.,-35.,-95.));
#3224 = DIRECTION('',(1.,0.,0.));
#3225 = DIRECTION('',(0.,0.,1.));
#3226 = DEFINITIONAL_REPRESENTATION('',(#3227),#3231);
#3227 = LINE('',#3228,#3229);
#3228 = CARTESIAN_POINT('',(0.,0.));
#3229 = VECTOR('',#3230,1.);
#3230 = DIRECTION('',(1.,0.));
#3231 = ( GEOMETRIC_REPRESENTATION_CONTEXT(2)
PARAMETRIC_REPRESENTATION_CONTEXT() REPRESENTATION_CONTEXT('2D SPACE',''
  ) );
#3232 = ADVANCED_FACE('',(#3233),#3145,.T.);
#3233 = FACE_BOUND('',#3234,.T.);
#3234 = EDGE_LOOP('',(#3235,#3236,#3237,#3260));
#3235 = ORIENTED_EDGE('',*,*,#3131,.F.);
#3236 = ORIENTED_EDGE('',*,*,#3184,.T.);
#3237 = ORIENTED_EDGE('',*,*,#3238,.T.);
#3238 = EDGE_CURVE('',#3185,#3239,#3241,.T.);
#3239 = VERTEX_POINT('',#3240);
#3240 = CARTESIAN_POINT('',(-143.,35.,-85.));
#3241 = SURFACE_CURVE('',#3242,(#3246,#3253),.PCURVE_S1.);
#3242 = LINE('',#3243,#3244);
#3243 = CARTESIAN_POINT('',(-143.,-35.,-85.));
#3244 = VECTOR('',#3245,1.);
#3245 = DIRECTION('',(0.,1.,0.));
#3246 = PCURVE('',#3145,#3247);
#3247 = DEFINITIONAL_REPRESENTATION('',(#3248),#3252);
#3248 = LINE('',#3249,#3250);
#3249 = CARTESIAN_POINT('',(70.,0.));
#3250 = VECTOR('',#3251,1.);
#3251 = DIRECTION('',(0.,1.));
#3252 = ( GEOMETRIC_REPRESENTATION_CONTEXT(2)
PARAMETRIC_REPRESENTATION_CONTEXT() REPRESENTATION_CONTEXT('2D SPACE',''
  ) );
#3253 = PCURVE('',#3221,#3254);
#3254 = DEFINITIONAL_REPRESENTATION('',(#3255),#3259);
#3255 = LINE('',#3256,#3257);
#3256 = CARTESIAN_POINT('',(10.,0.));
#3257 = VECTOR('',#3258,1.);
#3258 = DIRECTION('',(0.,-1.));
#3259 = ( GEOMETRIC_REPRESENTATION_CONTEXT(2)
PARAMETRIC_REPRESENTATION_CONTEXT() REPRESENTATION_CONTEXT('2D SPACE',''
  ) );
#3260 = ORIENTED_EDGE('',*,*,#3261,.F.);
#3261 = EDGE_CURVE('',#3104,#3239,#3262,.T.);
#3262 = SURFACE_CURVE('',#3263,(#3267,#3274),.PCURVE_S1.);
#3263 = LINE('',#3264,#3265);
#3264 = CARTESIAN_POINT('',(-213.,35.,-85.));
#3265 = VECTOR('',#3266,1.);
#3266 = DIRECTION('',(1.,0.,0.));
#3267 = PCURVE('',#3145,#3268);
#3268 = DEFINITIONAL_REPRESENTATION('',(#3269),#3273);
#3269 = LINE('',#3270,#3271);
#3270 = CARTESIAN_POINT('',(0.,70.));
#3271 = VECTOR('',#3272,1.);
#3272 = DIRECTION('',(1.,0.));
#3273 = ( GEOMETRIC_REPRESENTATION_CONTEXT(2)
PARAMETRIC_REPRESENTATION_CONTEXT() REPRESENTATION_CONTEXT('2D SPACE',''
  ) );
#3274 = PCURVE('',#3119,#3275);
#3275 = DEFINITIONAL_REPRESENTATION('',(#3276),#3280);
#3276 = LINE('',#3277,#3278);
#3277 = CARTESIAN_POINT('',(10.,0.));
#3278 = VECTOR('',#3279,1.);
#3279 = DIRECTION('',(0.,1.));
#3280 = ( GEOMETRIC_REPRESENTATION_CONTEXT(2)
PARAMETRIC_REPRESENTATION_CONTEXT() REPRESENTATION_CONTEXT('2D SPACE',''
  ) );
#3281 = ADVANCED_FACE('',(#3282),#3119,.T.);
#3282 = FACE_BOUND('',#3283,.T.);
#3283 = EDGE_LOOP('',(#3284,#3307,#3308,#3309));
#3284 = ORIENTED_EDGE('',*,*,#3285,.F.);
#3285 = EDGE_CURVE('',#3076,#3286,#3288,.T.);
#3286 = VERTEX_POINT('',#3287);
#3287 = CARTESIAN_POINT('',(-143.,35.,-95.));
#3288 = SURFACE_CURVE('',#3289,(#3293,#3300),.PCURVE_S1.);
#3289 = LINE('',#3290,#3291);
#3290 = CARTESIAN_POINT('',(-213.,35.,-95.));
#3291 = VECTOR('',#3292,1.);
#3292 = DIRECTION('',(1.,0.,0.));
#3293 = PCURVE('',#3119,#3294);
#3294 = DEFINITIONAL_REPRESENTATION('',(#3295),#3299);
#3295 = LINE('',#3296,#3297);
#3296 = CARTESIAN_POINT('',(0.,0.));
#3297 = VECTOR('',#3298,1.);
#3298 = DIRECTION('',(0.,1.));
#3299 = ( GEOMETRIC_REPRESENTATION_CONTEXT(2)
PARAMETRIC_REPRESENTATION_CONTEXT() REPRESENTATION_CONTEXT('2D SPACE',''
  ) );
#3300 = PCURVE('',#3091,#3301);
#3301 = DEFINITIONAL_REPRESENTATION('',(#3302),#3306);
#3302 = LINE('',#3303,#3304);
#3303 = CARTESIAN_POINT('',(0.,70.));
#3304 = VECTOR('',#3305,1.);
#3305 = DIRECTION('',(1.,0.));
#3306 = ( GEOMETRIC_REPRESENTATION_CONTEXT(2)
PARAMETRIC_REPRESENTATION_CONTEXT() REPRESENTATION_CONTEXT('2D SPACE',''
  ) );
#3307 = ORIENTED_EDGE('',*,*,#3103,.T.);
#3308 = ORIENTED_EDGE('',*,*,#3261,.T.);
#3309 = ORIENTED_EDGE('',*,*,#3310,.F.);
#3310 = EDGE_CURVE('',#3286,#3239,#3311,.T.);
#3311 = SURFACE_CURVE('',#3312,(#3316,#3323),.PCURVE_S1.);
#3312 = LINE('',#3313,#3314);
#3313 = CARTESIAN_POINT('',(-143.,35.,-95.));
#3314 = VECTOR('',#3315,1.);
#3315 = DIRECTION('',(0.,0.,1.));
#3316 = PCURVE('',#3119,#3317);
#3317 = DEFINITIONAL_REPRESENTATION('',(#3318),#3322);
#3318 = LINE('',#3319,#3320);
#3319 = CARTESIAN_POINT('',(0.,70.));
#3320 = VECTOR('',#3321,1.);
#3321 = DIRECTION('',(1.,0.));
#3322 = ( GEOMETRIC_REPRESENTATION_CONTEXT(2)
PARAMETRIC_REPRESENTATION_CONTEXT() REPRESENTATION_CONTEXT('2D SPACE',''
  ) );
#3323 = PCURVE('',#3221,#3324);
#3324 = DEFINITIONAL_REPRESENTATION('',(#3325),#3329);
#3325 = LINE('',#3326,#3327);
#3326 = CARTESIAN_POINT('',(0.,-70.));
#3327 = VECTOR('',#3328,1.);
#3328 = DIRECTION('',(1.,0.));
#3329 = ( GEOMETRIC_REPRESENTATION_CONTEXT(2)
PARAMETRIC_REPRESENTATION_CONTEXT() REPRESENTATION_CONTEXT('2D SPACE',''
  ) );
#3330 = ADVANCED_FACE('',(#3331,#3357),#3091,.F.);
#3331 = FACE_BOUND('',#3332,.F.);
#3332 = EDGE_LOOP('',(#3333,#3334,#3335,#3356));
#3333 = ORIENTED_EDGE('',*,*,#3075,.F.);
#3334 = ORIENTED_EDGE('',*,*,#3160,.T.);
#3335 = ORIENTED_EDGE('',*,*,#3336,.T.);
#3336 = EDGE_CURVE('',#3161,#3286,#3337,.T.);
#3337 = SURFACE_CURVE('',#3338,(#3342,#3349),.PCURVE_S1.);
#3338 = LINE('',#3339,#3340);
#3339 = CARTESIAN_POINT('',(-143.,-35.,-95.));
#3340 = VECTOR('',#3341,1.);
#3341 = DIRECTION('',(0.,1.,0.));
#3342 = PCURVE('',#3091,#3343);
#3343 = DEFINITIONAL_REPRESENTATION('',(#3344),#3348);
#3344 = LINE('',#3345,#3346);
#3345 = CARTESIAN_POINT('',(70.,0.));
#3346 = VECTOR('',#3347,1.);
#3347 = DIRECTION('',(0.,1.));
#3348 = ( GEOMETRIC_REPRESENTATION_CONTEXT(2)
PARAMETRIC_REPRESENTATION_CONTEXT() REPRESENTATION_CONTEXT('2D SPACE',''
  ) );
#3349 = PCURVE('',#3221,#3350);
#3350 = DEFINITIONAL_REPRESENTATION('',(#3351),#3355);
#3351 = LINE('',#3352,#3353);
#3352 = CARTESIAN_POINT('',(0.,0.));
#3353 = VECTOR('',#3354,1.);
#3354 = DIRECTION('',(0.,-1.));
#3355 = ( GEOMETRIC_REPRESENTATION_CONTEXT(2)
PARAMETRIC_REPRESENTATION_CONTEXT() REPRESENTATION_CONTEXT('2D SPACE',''
  ) );
#3356 = ORIENTED_EDGE('',*,*,#3285,.F.);
#3357 = FACE_BOUND('',#3358,.F.);
#3358 = EDGE_LOOP('',(#3359,#3387,#3413,#3439));
#3359 = ORIENTED_EDGE('',*,*,#3360,.T.);
#3360 = EDGE_CURVE('',#3361,#3363,#3365,.T.);
#3361 = VERTEX_POINT('',#3362);
#3362 = CARTESIAN_POINT('',(-172.,-29.,-95.));
#3363 = VERTEX_POINT('',#3364);
#3364 = CARTESIAN_POINT('',(-184.,-29.,-95.));
#3365 = SURFACE_CURVE('',#3366,(#3370,#3376),.PCURVE_S1.);
#3366 = LINE('',#3367,#3368);
#3367 = CARTESIAN_POINT('',(-198.5,-29.,-95.));
#3368 = VECTOR('',#3369,1.);
#3369 = DIRECTION('',(-1.,0.,0.));
#3370 = PCURVE('',#3091,#3371);
#3371 = DEFINITIONAL_REPRESENTATION('',(#3372),#3375);
#3372 = B_SPLINE_CURVE_WITH_KNOTS('',1,(#3373,#3374),.UNSPECIFIED.,.F.,
  .F.,(2,2),(-26.5,-14.5),.PIECEWISE_BEZIER_KNOTS.);
#3373 = CARTESIAN_POINT('',(41.,6.));
#3374 = CARTESIAN_POINT('',(29.,6.));
#3375 = ( GEOMETRIC_REPRESENTATION_CONTEXT(2)
PARAMETRIC_REPRESENTATION_CONTEXT() REPRESENTATION_CONTEXT('2D SPACE',''
  ) );
#3376 = PCURVE('',#3377,#3382);
#3377 = PLANE('',#3378);
#3378 = AXIS2_PLACEMENT_3D('',#3379,#3380,#3381);
#3379 = CARTESIAN_POINT('',(-184.,-29.,-154.));
#3380 = DIRECTION('',(0.,1.,0.));
#3381 = DIRECTION('',(0.,0.,1.));
#3382 = DEFINITIONAL_REPRESENTATION('',(#3383),#3386);
#3383 = B_SPLINE_CURVE_WITH_KNOTS('',1,(#3384,#3385),.UNSPECIFIED.,.F.,
  .F.,(2,2),(-26.5,-14.5),.PIECEWISE_BEZIER_KNOTS.);
#3384 = CARTESIAN_POINT('',(59.,12.));
#3385 = CARTESIAN_POINT('',(59.,0.));
#3386 = ( GEOMETRIC_REPRESENTATION_CONTEXT(2)
PARAMETRIC_REPRESENTATION_CONTEXT() REPRESENTATION_CONTEXT('2D SPACE',''
  ) );
#3387 = ORIENTED_EDGE('',*,*,#3388,.T.);
#3388 = EDGE_CURVE('',#3363,#3389,#3391,.T.);
#3389 = VERTEX_POINT('',#3390);
#3390 = CARTESIAN_POINT('',(-184.,29.,-95.));
#3391 = SURFACE_CURVE('',#3392,(#3396,#3402),.PCURVE_S1.);
#3392 = LINE('',#3393,#3394);
#3393 = CARTESIAN_POINT('',(-184.,-32.,-95.));
#3394 = VECTOR('',#3395,1.);
#3395 = DIRECTION('',(0.,1.,0.));
#3396 = PCURVE('',#3091,#3397);
#3397 = DEFINITIONAL_REPRESENTATION('',(#3398),#3401);
#3398 = B_SPLINE_CURVE_WITH_KNOTS('',1,(#3399,#3400),.UNSPECIFIED.,.F.,
  .F.,(2,2),(3.,61.),.PIECEWISE_BEZIER_KNOTS.);
#3399 = CARTESIAN_POINT('',(29.,6.));
#3400 = CARTESIAN_POINT('',(29.,64.));
#3401 = ( GEOMETRIC_REPRESENTATION_CONTEXT(2)
PARAMETRIC_REPRESENTATION_CONTEXT() REPRESENTATION_CONTEXT('2D SPACE',''
  ) );
#3402 = PCURVE('',#3403,#3408);
#3403 = PLANE('',#3404);
#3404 = AXIS2_PLACEMENT_3D('',#3405,#3406,#3407);
#3405 = CARTESIAN_POINT('',(-184.,-29.,-154.));
#3406 = DIRECTION('',(1.,0.,0.));
#3407 = DIRECTION('',(0.,0.,1.));
#3408 = DEFINITIONAL_REPRESENTATION('',(#3409),#3412);
#3409 = B_SPLINE_CURVE_WITH_KNOTS('',1,(#3410,#3411),.UNSPECIFIED.,.F.,
  .F.,(2,2),(3.,61.),.PIECEWISE_BEZIER_KNOTS.);
#3410 = CARTESIAN_POINT('',(59.,0.));
#3411 = CARTESIAN_POINT('',(59.,-58.));
#3412 = ( GEOMETRIC_REPRESENTATION_CONTEXT(2)
PARAMETRIC_REPRESENTATION_CONTEXT() REPRESENTATION_CONTEXT('2D SPACE',''
  ) );
#3413 = ORIENTED_EDGE('',*,*,#3414,.F.);
#3414 = EDGE_CURVE('',#3415,#3389,#3417,.T.);
#3415 = VERTEX_POINT('',#3416);
#3416 = CARTESIAN_POINT('',(-172.,29.,-95.));
#3417 = SURFACE_CURVE('',#3418,(#3422,#3428),.PCURVE_S1.);
#3418 = LINE('',#3419,#3420);
#3419 = CARTESIAN_POINT('',(-198.5,29.,-95.));
#3420 = VECTOR('',#3421,1.);
#3421 = DIRECTION('',(-1.,0.,0.));
#3422 = PCURVE('',#3091,#3423);
#3423 = DEFINITIONAL_REPRESENTATION('',(#3424),#3427);
#3424 = B_SPLINE_CURVE_WITH_KNOTS('',1,(#3425,#3426),.UNSPECIFIED.,.F.,
  .F.,(2,2),(-26.5,-14.5),.PIECEWISE_BEZIER_KNOTS.);
#3425 = CARTESIAN_POINT('',(41.,64.));
#3426 = CARTESIAN_POINT('',(29.,64.));
#3427 = ( GEOMETRIC_REPRESENTATION_CONTEXT(2)
PARAMETRIC_REPRESENTATION_CONTEXT() REPRESENTATION_CONTEXT('2D SPACE',''
  ) );
#3428 = PCURVE('',#3429,#3434);
#3429 = PLANE('',#3430);
#3430 = AXIS2_PLACEMENT_3D('',#3431,#3432,#3433);
#3431 = CARTESIAN_POINT('',(-184.,29.,-154.));
#3432 = DIRECTION('',(0.,1.,0.));
#3433 = DIRECTION('',(0.,0.,1.));
#3434 = DEFINITIONAL_REPRESENTATION('',(#3435),#3438);
#3435 = B_SPLINE_CURVE_WITH_KNOTS('',1,(#3436,#3437),.UNSPECIFIED.,.F.,
  .F.,(2,2),(-26.5,-14.5),.PIECEWISE_BEZIER_KNOTS.);
#3436 = CARTESIAN_POINT('',(59.,12.));
#3437 = CARTESIAN_POINT('',(59.,0.));
#3438 = ( GEOMETRIC_REPRESENTATION_CONTEXT(2)
PARAMETRIC_REPRESENTATION_CONTEXT() REPRESENTATION_CONTEXT('2D SPACE',''
  ) );
#3439 = ORIENTED_EDGE('',*,*,#3440,.F.);
#3440 = EDGE_CURVE('',#3361,#3415,#3441,.T.);
#3441 = SURFACE_CURVE('',#3442,(#3446,#3452),.PCURVE_S1.);
#3442 = LINE('',#3443,#3444);
#3443 = CARTESIAN_POINT('',(-172.,-32.,-95.));
#3444 = VECTOR('',#3445,1.);
#3445 = DIRECTION('',(0.,1.,0.));
#3446 = PCURVE('',#3091,#3447);
#3447 = DEFINITIONAL_REPRESENTATION('',(#3448),#3451);
#3448 = B_SPLINE_CURVE_WITH_KNOTS('',1,(#3449,#3450),.UNSPECIFIED.,.F.,
  .F.,(2,2),(3.,61.),.PIECEWISE_BEZIER_KNOTS.);
#3449 = CARTESIAN_POINT('',(41.,6.));
#3450 = CARTESIAN_POINT('',(41.,64.));
#3451 = ( GEOMETRIC_REPRESENTATION_CONTEXT(2)
PARAMETRIC_REPRESENTATION_CONTEXT() REPRESENTATION_CONTEXT('2D SPACE',''
  ) );
#3452 = PCURVE('',#3453,#3458);
#3453 = PLANE('',#3454);
#3454 = AXIS2_PLACEMENT_3D('',#3455,#3456,#3457);
#3455 = CARTESIAN_POINT('',(-172.,-29.,-154.));
#3456 = DIRECTION('',(1.,0.,0.));
#3457 = DIRECTION('',(0.,0.,1.));
#3458 = DEFINITIONAL_REPRESENTATION('',(#3459),#3462);
#3459 = B_SPLINE_CURVE_WITH_KNOTS('',1,(#3460,#3461),.UNSPECIFIED.,.F.,
  .F.,(2,2),(3.,61.),.PIECEWISE_BEZIER_KNOTS.);
#3460 = CARTESIAN_POINT('',(59.,0.));
#3461 = CARTESIAN_POINT('',(59.,-58.));
#3462 = ( GEOMETRIC_REPRESENTATION_CONTEXT(2)
PARAMETRIC_REPRESENTATION_CONTEXT() REPRESENTATION_CONTEXT('2D SPACE',''
  ) );
#3463 = ADVANCED_FACE('',(#3464),#3221,.T.);
#3464 = FACE_BOUND('',#3465,.T.);
#3465 = EDGE_LOOP('',(#3466,#3467,#3468,#3469));
#3466 = ORIENTED_EDGE('',*,*,#3207,.F.);
#3467 = ORIENTED_EDGE('',*,*,#3336,.T.);
#3468 = ORIENTED_EDGE('',*,*,#3310,.T.);
#3469 = ORIENTED_EDGE('',*,*,#3238,.F.);
#3470 = ADVANCED_FACE('',(#3471),#3377,.F.);
#3471 = FACE_BOUND('',#3472,.F.);
#3472 = EDGE_LOOP('',(#3473,#3496,#3524,#3545));
#3473 = ORIENTED_EDGE('',*,*,#3474,.F.);
#3474 = EDGE_CURVE('',#3475,#3361,#3477,.T.);
#3475 = VERTEX_POINT('',#3476);
#3476 = CARTESIAN_POINT('',(-172.,-29.,-154.));
#3477 = SURFACE_CURVE('',#3478,(#3482,#3489),.PCURVE_S1.);
#3478 = LINE('',#3479,#3480);
#3479 = CARTESIAN_POINT('',(-172.,-29.,-154.));
#3480 = VECTOR('',#3481,1.);
#3481 = DIRECTION('',(0.,0.,1.));
#3482 = PCURVE('',#3377,#3483);
#3483 = DEFINITIONAL_REPRESENTATION('',(#3484),#3488);
#3484 = LINE('',#3485,#3486);
#3485 = CARTESIAN_POINT('',(0.,12.));
#3486 = VECTOR('',#3487,1.);
#3487 = DIRECTION('',(1.,0.));
#3488 = ( GEOMETRIC_REPRESENTATION_CONTEXT(2)
PARAMETRIC_REPRESENTATION_CONTEXT() REPRESENTATION_CONTEXT('2D SPACE',''
  ) );
#3489 = PCURVE('',#3453,#3490);
#3490 = DEFINITIONAL_REPRESENTATION('',(#3491),#3495);
#3491 = LINE('',#3492,#3493);
#3492 = CARTESIAN_POINT('',(0.,0.));
#3493 = VECTOR('',#3494,1.);
#3494 = DIRECTION('',(1.,0.));
#3495 = ( GEOMETRIC_REPRESENTATION_CONTEXT(2)
PARAMETRIC_REPRESENTATION_CONTEXT() REPRESENTATION_CONTEXT('2D SPACE',''
  ) );
#3496 = ORIENTED_EDGE('',*,*,#3497,.F.);
#3497 = EDGE_CURVE('',#3498,#3475,#3500,.T.);
#3498 = VERTEX_POINT('',#3499);
#3499 = CARTESIAN_POINT('',(-184.,-29.,-154.));
#3500 = SURFACE_CURVE('',#3501,(#3505,#3512),.PCURVE_S1.);
#3501 = LINE('',#3502,#3503);
#3502 = CARTESIAN_POINT('',(-184.,-29.,-154.));
#3503 = VECTOR('',#3504,1.);
#3504 = DIRECTION('',(1.,0.,0.));
#3505 = PCURVE('',#3377,#3506);
#3506 = DEFINITIONAL_REPRESENTATION('',(#3507),#3511);
#3507 = LINE('',#3508,#3509);
#3508 = CARTESIAN_POINT('',(0.,0.));
#3509 = VECTOR('',#3510,1.);
#3510 = DIRECTION('',(0.,1.));
#3511 = ( GEOMETRIC_REPRESENTATION_CONTEXT(2)
PARAMETRIC_REPRESENTATION_CONTEXT() REPRESENTATION_CONTEXT('2D SPACE',''
  ) );
#3512 = PCURVE('',#3513,#3518);
#3513 = PLANE('',#3514);
#3514 = AXIS2_PLACEMENT_3D('',#3515,#3516,#3517);
#3515 = CARTESIAN_POINT('',(-184.,-29.,-154.));
#3516 = DIRECTION('',(0.,0.,1.));
#3517 = DIRECTION('',(1.,0.,0.));
#3518 = DEFINITIONAL_REPRESENTATION('',(#3519),#3523);
#3519 = LINE('',#3520,#3521);
#3520 = CARTESIAN_POINT('',(0.,0.));
#3521 = VECTOR('',#3522,1.);
#3522 = DIRECTION('',(1.,0.));
#3523 = ( GEOMETRIC_REPRESENTATION_CONTEXT(2)
PARAMETRIC_REPRESENTATION_CONTEXT() REPRESENTATION_CONTEXT('2D SPACE',''
  ) );
#3524 = ORIENTED_EDGE('',*,*,#3525,.T.);
#3525 = EDGE_CURVE('',#3498,#3363,#3526,.T.);
#3526 = SURFACE_CURVE('',#3527,(#3531,#3538),.PCURVE_S1.);
#3527 = LINE('',#3528,#3529);
#3528 = CARTESIAN_POINT('',(-184.,-29.,-154.));
#3529 = VECTOR('',#3530,1.);
#3530 = DIRECTION('',(0.,0.,1.));
#3531 = PCURVE('',#3377,#3532);
#3532 = DEFINITIONAL_REPRESENTATION('',(#3533),#3537);
#3533 = LINE('',#3534,#3535);
#3534 = CARTESIAN_POINT('',(0.,0.));
#3535 = VECTOR('',#3536,1.);
#3536 = DIRECTION('',(1.,0.));
#3537 = ( GEOMETRIC_REPRESENTATION_CONTEXT(2)
PARAMETRIC_REPRESENTATION_CONTEXT() REPRESENTATION_CONTEXT('2D SPACE',''
  ) );
#3538 = PCURVE('',#3403,#3539);
#3539 = DEFINITIONAL_REPRESENTATION('',(#3540),#3544);
#3540 = LINE('',#3541,#3542);
#3541 = CARTESIAN_POINT('',(0.,0.));
#3542 = VECTOR('',#3543,1.);
#3543 = DIRECTION('',(1.,0.));
#3544 = ( GEOMETRIC_REPRESENTATION_CONTEXT(2)
PARAMETRIC_REPRESENTATION_CONTEXT() REPRESENTATION_CONTEXT('2D SPACE',''
  ) );
#3545 = ORIENTED_EDGE('',*,*,#3360,.F.);
#3546 = ADVANCED_FACE('',(#3547),#3453,.T.);
#3547 = FACE_BOUND('',#3548,.T.);
#3548 = EDGE_LOOP('',(#3549,#3550,#3573,#3594));
#3549 = ORIENTED_EDGE('',*,*,#3474,.F.);
#3550 = ORIENTED_EDGE('',*,*,#3551,.T.);
#3551 = EDGE_CURVE('',#3475,#3552,#3554,.T.);
#3552 = VERTEX_POINT('',#3553);
#3553 = CARTESIAN_POINT('',(-172.,29.,-154.));
#3554 = SURFACE_CURVE('',#3555,(#3559,#3566),.PCURVE_S1.);
#3555 = LINE('',#3556,#3557);
#3556 = CARTESIAN_POINT('',(-172.,-29.,-154.));
#3557 = VECTOR('',#3558,1.);
#3558 = DIRECTION('',(0.,1.,0.));
#3559 = PCURVE('',#3453,#3560);
#3560 = DEFINITIONAL_REPRESENTATION('',(#3561),#3565);
#3561 = LINE('',#3562,#3563);
#3562 = CARTESIAN_POINT('',(0.,0.));
#3563 = VECTOR('',#3564,1.);
#3564 = DIRECTION('',(0.,-1.));
#3565 = ( GEOMETRIC_REPRESENTATION_CONTEXT(2)
PARAMETRIC_REPRESENTATION_CONTEXT() REPRESENTATION_CONTEXT('2D SPACE',''
  ) );
#3566 = PCURVE('',#3513,#3567);
#3567 = DEFINITIONAL_REPRESENTATION('',(#3568),#3572);
#3568 = LINE('',#3569,#3570);
#3569 = CARTESIAN_POINT('',(12.,0.));
#3570 = VECTOR('',#3571,1.);
#3571 = DIRECTION('',(0.,1.));
#3572 = ( GEOMETRIC_REPRESENTATION_CONTEXT(2)
PARAMETRIC_REPRESENTATION_CONTEXT() REPRESENTATION_CONTEXT('2D SPACE',''
  ) );
#3573 = ORIENTED_EDGE('',*,*,#3574,.T.);
#3574 = EDGE_CURVE('',#3552,#3415,#3575,.T.);
#3575 = SURFACE_CURVE('',#3576,(#3580,#3587),.PCURVE_S1.);
#3576 = LINE('',#3577,#3578);
#3577 = CARTESIAN_POINT('',(-172.,29.,-154.));
#3578 = VECTOR('',#3579,1.);
#3579 = DIRECTION('',(0.,0.,1.));
#3580 = PCURVE('',#3453,#3581);
#3581 = DEFINITIONAL_REPRESENTATION('',(#3582),#3586);
#3582 = LINE('',#3583,#3584);
#3583 = CARTESIAN_POINT('',(0.,-58.));
#3584 = VECTOR('',#3585,1.);
#3585 = DIRECTION('',(1.,0.));
#3586 = ( GEOMETRIC_REPRESENTATION_CONTEXT(2)
PARAMETRIC_REPRESENTATION_CONTEXT() REPRESENTATION_CONTEXT('2D SPACE',''
  ) );
#3587 = PCURVE('',#3429,#3588);
#3588 = DEFINITIONAL_REPRESENTATION('',(#3589),#3593);
#3589 = LINE('',#3590,#3591);
#3590 = CARTESIAN_POINT('',(0.,12.));
#3591 = VECTOR('',#3592,1.);
#3592 = DIRECTION('',(1.,0.));
#3593 = ( GEOMETRIC_REPRESENTATION_CONTEXT(2)
PARAMETRIC_REPRESENTATION_CONTEXT() REPRESENTATION_CONTEXT('2D SPACE',''
  ) );
#3594 = ORIENTED_EDGE('',*,*,#3440,.F.);
#3595 = ADVANCED_FACE('',(#3596),#3429,.T.);
#3596 = FACE_BOUND('',#3597,.T.);
#3597 = EDGE_LOOP('',(#3598,#3599,#3622,#3643));
#3598 = ORIENTED_EDGE('',*,*,#3574,.F.);
#3599 = ORIENTED_EDGE('',*,*,#3600,.F.);
#3600 = EDGE_CURVE('',#3601,#3552,#3603,.T.);
#3601 = VERTEX_POINT('',#3602);
#3602 = CARTESIAN_POINT('',(-184.,29.,-154.));
#3603 = SURFACE_CURVE('',#3604,(#3608,#3615),.PCURVE_S1.);
#3604 = LINE('',#3605,#3606);
#3605 = CARTESIAN_POINT('',(-184.,29.,-154.));
#3606 = VECTOR('',#3607,1.);
#3607 = DIRECTION('',(1.,0.,0.));
#3608 = PCURVE('',#3429,#3609);
#3609 = DEFINITIONAL_REPRESENTATION('',(#3610),#3614);
#3610 = LINE('',#3611,#3612);
#3611 = CARTESIAN_POINT('',(0.,0.));
#3612 = VECTOR('',#3613,1.);
#3613 = DIRECTION('',(0.,1.));
#3614 = ( GEOMETRIC_REPRESENTATION_CONTEXT(2)
PARAMETRIC_REPRESENTATION_CONTEXT() REPRESENTATION_CONTEXT('2D SPACE',''
  ) );
#3615 = PCURVE('',#3513,#3616);
#3616 = DEFINITIONAL_REPRESENTATION('',(#3617),#3621);
#3617 = LINE('',#3618,#3619);
#3618 = CARTESIAN_POINT('',(0.,58.));
#3619 = VECTOR('',#3620,1.);
#3620 = DIRECTION('',(1.,0.));
#3621 = ( GEOMETRIC_REPRESENTATION_CONTEXT(2)
PARAMETRIC_REPRESENTATION_CONTEXT() REPRESENTATION_CONTEXT('2D SPACE',''
  ) );
#3622 = ORIENTED_EDGE('',*,*,#3623,.T.);
#3623 = EDGE_CURVE('',#3601,#3389,#3624,.T.);
#3624 = SURFACE_CURVE('',#3625,(#3629,#3636),.PCURVE_S1.);
#3625 = LINE('',#3626,#3627);
#3626 = CARTESIAN_POINT('',(-184.,29.,-154.));
#3627 = VECTOR('',#3628,1.);
#3628 = DIRECTION('',(0.,0.,1.));
#3629 = PCURVE('',#3429,#3630);
#3630 = DEFINITIONAL_REPRESENTATION('',(#3631),#3635);
#3631 = LINE('',#3632,#3633);
#3632 = CARTESIAN_POINT('',(0.,0.));
#3633 = VECTOR('',#3634,1.);
#3634 = DIRECTION('',(1.,0.));
#3635 = ( GEOMETRIC_REPRESENTATION_CONTEXT(2)
PARAMETRIC_REPRESENTATION_CONTEXT() REPRESENTATION_CONTEXT('2D SPACE',''
  ) );
#3636 = PCURVE('',#3403,#3637);
#3637 = DEFINITIONAL_REPRESENTATION('',(#3638),#3642);
#3638 = LINE('',#3639,#3640);
#3639 = CARTESIAN_POINT('',(0.,-58.));
#3640 = VECTOR('',#3641,1.);
#3641 = DIRECTION('',(1.,0.));
#3642 = ( GEOMETRIC_REPRESENTATION_CONTEXT(2)
PARAMETRIC_REPRESENTATION_CONTEXT() REPRESENTATION_CONTEXT('2D SPACE',''
  ) );
#3643 = ORIENTED_EDGE('',*,*,#3414,.F.);
#3644 = ADVANCED_FACE('',(#3645),#3403,.F.);
#3645 = FACE_BOUND('',#3646,.F.);
#3646 = EDGE_LOOP('',(#3647,#3648,#3669,#3670));
#3647 = ORIENTED_EDGE('',*,*,#3525,.F.);
#3648 = ORIENTED_EDGE('',*,*,#3649,.T.);
#3649 = EDGE_CURVE('',#3498,#3601,#3650,.T.);
#3650 = SURFACE_CURVE('',#3651,(#3655,#3662),.PCURVE_S1.);
#3651 = LINE('',#3652,#3653);
#3652 = CARTESIAN_POINT('',(-184.,-29.,-154.));
#3653 = VECTOR('',#3654,1.);
#3654 = DIRECTION('',(0.,1.,0.));
#3655 = PCURVE('',#3403,#3656);
#3656 = DEFINITIONAL_REPRESENTATION('',(#3657),#3661);
#3657 = LINE('',#3658,#3659);
#3658 = CARTESIAN_POINT('',(0.,0.));
#3659 = VECTOR('',#3660,1.);
#3660 = DIRECTION('',(0.,-1.));
#3661 = ( GEOMETRIC_REPRESENTATION_CONTEXT(2)
PARAMETRIC_REPRESENTATION_CONTEXT() REPRESENTATION_CONTEXT('2D SPACE',''
  ) );
#3662 = PCURVE('',#3513,#3663);
#3663 = DEFINITIONAL_REPRESENTATION('',(#3664),#3668);
#3664 = LINE('',#3665,#3666);
#3665 = CARTESIAN_POINT('',(0.,0.));
#3666 = VECTOR('',#3667,1.);
#3667 = DIRECTION('',(0.,1.));
#3668 = ( GEOMETRIC_REPRESENTATION_CONTEXT(2)
PARAMETRIC_REPRESENTATION_CONTEXT() REPRESENTATION_CONTEXT('2D SPACE',''
  ) );
#3669 = ORIENTED_EDGE('',*,*,#3623,.T.);
#3670 = ORIENTED_EDGE('',*,*,#3388,.F.);
#3671 = ADVANCED_FACE('',(#3672),#3513,.F.);
#3672 = FACE_BOUND('',#3673,.F.);
#3673 = EDGE_LOOP('',(#3674,#3675,#3676,#3677));
#3674 = ORIENTED_EDGE('',*,*,#3649,.F.);
#3675 = ORIENTED_EDGE('',*,*,#3497,.T.);
#3676 = ORIENTED_EDGE('',*,*,#3551,.T.);
#3677 = ORIENTED_EDGE('',*,*,#3600,.F.);
#3678 = ( GEOMETRIC_REPRESENTATION_CONTEXT(3)
GLOBAL_UNCERTAINTY_ASSIGNED_CONTEXT((#3682))
GLOBAL_UNIT_ASSIGNED_CONTEXT((#3679,#3680,#3681)) REPRESENTATION_CONTEXT
('Context #1','3D Context with UNIT and UNCERTAINTY') );
#3679 = ( LENGTH_UNIT() NAMED_UNIT(*) SI_UNIT(.MILLI.,.METRE.) );
#3680 = ( NAMED_UNIT(*) PLANE_ANGLE_UNIT() SI_UNIT($,.RADIAN.) );
#3681 = ( NAMED_UNIT(*) SI_UNIT($,.STERADIAN.) SOLID_ANGLE_UNIT() );
#3682 = UNCERTAINTY_MEASURE_WITH_UNIT(LENGTH_MEASURE(2.E-07),#3679,
  'distance_accuracy_value','confusion accuracy');
#3683 = CONTEXT_DEPENDENT_SHAPE_REPRESENTATION(#3684,#3686);
#3684 = ( REPRESENTATION_RELATIONSHIP('','',#3033,#3006)
REPRESENTATION_RELATIONSHIP_WITH_TRANSFORMATION(#3685)
SHAPE_REPRESENTATION_RELATIONSHIP() );
#3685 = ITEM_DEFINED_TRANSFORMATION('','',#11,#3007);
#3686 = PRODUCT_DEFINITION_SHAPE('Placement','Placement of an item',
  #3687);
#3687 = NEXT_ASSEMBLY_USAGE_OCCURRENCE('5','socket_bracket','',#3001,
  #3028,$);
#3688 = PRODUCT_RELATED_PRODUCT_CATEGORY('part',$,(#3030));
#3689 = SHAPE_DEFINITION_REPRESENTATION(#3690,#3696);
#3690 = PRODUCT_DEFINITION_SHAPE('','',#3691);
#3691 = PRODUCT_DEFINITION('design','',#3692,#3695);
#3692 = PRODUCT_DEFINITION_FORMATION('','',#3693);
#3693 = PRODUCT('ceramic_socket','ceramic_socket','',(#3694));
#3694 = PRODUCT_CONTEXT('',#2,'mechanical');
#3695 = PRODUCT_DEFINITION_CONTEXT('part definition',#2,'design');
#3696 = ADVANCED_BREP_SHAPE_REPRESENTATION('',(#11,#3697),#3795);
#3697 = MANIFOLD_SOLID_BREP('',#3698);
#3698 = CLOSED_SHELL('',(#3699,#3787,#3791));
#3699 = ADVANCED_FACE('',(#3700),#3713,.T.);
#3700 = FACE_BOUND('',#3701,.T.);
#3701 = EDGE_LOOP('',(#3702,#3736,#3759,#3786));
#3702 = ORIENTED_EDGE('',*,*,#3703,.F.);
#3703 = EDGE_CURVE('',#3704,#3704,#3706,.T.);
#3704 = VERTEX_POINT('',#3705);
#3705 = CARTESIAN_POINT('',(-141.,-6.613092715396E-15,-165.));
#3706 = SURFACE_CURVE('',#3707,(#3712,#3724),.PCURVE_S1.);
#3707 = CIRCLE('',#3708,27.);
#3708 = AXIS2_PLACEMENT_3D('',#3709,#3710,#3711);
#3709 = CARTESIAN_POINT('',(-141.,0.,-138.));
#3710 = DIRECTION('',(1.,-0.,1.110223024625E-16));
#3711 = DIRECTION('',(1.110223024625E-16,0.,-1.));
#3712 = PCURVE('',#3713,#3718);
#3713 = CYLINDRICAL_SURFACE('',#3714,27.);
#3714 = AXIS2_PLACEMENT_3D('',#3715,#3716,#3717);
#3715 = CARTESIAN_POINT('',(-179.,0.,-138.));
#3716 = DIRECTION('',(1.,0.,1.110223024625E-16));
#3717 = DIRECTION('',(1.110223024625E-16,0.,-1.));
#3718 = DEFINITIONAL_REPRESENTATION('',(#3719),#3723);
#3719 = LINE('',#3720,#3721);
#3720 = CARTESIAN_POINT('',(0.,38.));
#3721 = VECTOR('',#3722,1.);
#3722 = DIRECTION('',(1.,0.));
#3723 = ( GEOMETRIC_REPRESENTATION_CONTEXT(2)
PARAMETRIC_REPRESENTATION_CONTEXT() REPRESENTATION_CONTEXT('2D SPACE',''
  ) );
#3724 = PCURVE('',#3725,#3730);
#3725 = PLANE('',#3726);
#3726 = AXIS2_PLACEMENT_3D('',#3727,#3728,#3729);
#3727 = CARTESIAN_POINT('',(-141.,0.,-138.));
#3728 = DIRECTION('',(1.,0.,1.110223024625E-16));
#3729 = DIRECTION('',(1.110223024625E-16,0.,-1.));
#3730 = DEFINITIONAL_REPRESENTATION('',(#3731),#3735);
#3731 = CIRCLE('',#3732,27.);
#3732 = AXIS2_PLACEMENT_2D('',#3733,#3734);
#3733 = CARTESIAN_POINT('',(0.,0.));
#3734 = DIRECTION('',(1.,0.));
#3735 = ( GEOMETRIC_REPRESENTATION_CONTEXT(2)
PARAMETRIC_REPRESENTATION_CONTEXT() REPRESENTATION_CONTEXT('2D SPACE',''
  ) );
#3736 = ORIENTED_EDGE('',*,*,#3737,.F.);
#3737 = EDGE_CURVE('',#3738,#3704,#3740,.T.);
#3738 = VERTEX_POINT('',#3739);
#3739 = CARTESIAN_POINT('',(-179.,-6.613092715396E-15,-165.));
#3740 = SEAM_CURVE('',#3741,(#3745,#3752),.PCURVE_S1.);
#3741 = LINE('',#3742,#3743);
#3742 = CARTESIAN_POINT('',(-179.,-6.613092715396E-15,-165.));
#3743 = VECTOR('',#3744,1.);
#3744 = DIRECTION('',(1.,0.,1.110223024625E-16));
#3745 = PCURVE('',#3713,#3746);
#3746 = DEFINITIONAL_REPRESENTATION('',(#3747),#3751);
#3747 = LINE('',#3748,#3749);
#3748 = CARTESIAN_POINT('',(6.28318530718,-0.));
#3749 = VECTOR('',#3750,1.);
#3750 = DIRECTION('',(0.,1.));
#3751 = ( GEOMETRIC_REPRESENTATION_CONTEXT(2)
PARAMETRIC_REPRESENTATION_CONTEXT() REPRESENTATION_CONTEXT('2D SPACE',''
  ) );
#3752 = PCURVE('',#3713,#3753);
#3753 = DEFINITIONAL_REPRESENTATION('',(#3754),#3758);
#3754 = LINE('',#3755,#3756);
#3755 = CARTESIAN_POINT('',(0.,-0.));
#3756 = VECTOR('',#3757,1.);
#3757 = DIRECTION('',(0.,1.));
#3758 = ( GEOMETRIC_REPRESENTATION_CONTEXT(2)
PARAMETRIC_REPRESENTATION_CONTEXT() REPRESENTATION_CONTEXT('2D SPACE',''
  ) );
#3759 = ORIENTED_EDGE('',*,*,#3760,.T.);
#3760 = EDGE_CURVE('',#3738,#3738,#3761,.T.);
#3761 = SURFACE_CURVE('',#3762,(#3767,#3774),.PCURVE_S1.);
#3762 = CIRCLE('',#3763,27.);
#3763 = AXIS2_PLACEMENT_3D('',#3764,#3765,#3766);
#3764 = CARTESIAN_POINT('',(-179.,0.,-138.));
#3765 = DIRECTION('',(1.,-0.,1.110223024625E-16));
#3766 = DIRECTION('',(1.110223024625E-16,0.,-1.));
#3767 = PCURVE('',#3713,#3768);
#3768 = DEFINITIONAL_REPRESENTATION('',(#3769),#3773);
#3769 = LINE('',#3770,#3771);
#3770 = CARTESIAN_POINT('',(0.,0.));
#3771 = VECTOR('',#3772,1.);
#3772 = DIRECTION('',(1.,0.));
#3773 = ( GEOMETRIC_REPRESENTATION_CONTEXT(2)
PARAMETRIC_REPRESENTATION_CONTEXT() REPRESENTATION_CONTEXT('2D SPACE',''
  ) );
#3774 = PCURVE('',#3775,#3780);
#3775 = PLANE('',#3776);
#3776 = AXIS2_PLACEMENT_3D('',#3777,#3778,#3779);
#3777 = CARTESIAN_POINT('',(-179.,0.,-138.));
#3778 = DIRECTION('',(1.,0.,1.110223024625E-16));
#3779 = DIRECTION('',(1.110223024625E-16,0.,-1.));
#3780 = DEFINITIONAL_REPRESENTATION('',(#3781),#3785);
#3781 = CIRCLE('',#3782,27.);
#3782 = AXIS2_PLACEMENT_2D('',#3783,#3784);
#3783 = CARTESIAN_POINT('',(0.,0.));
#3784 = DIRECTION('',(1.,0.));
#3785 = ( GEOMETRIC_REPRESENTATION_CONTEXT(2)
PARAMETRIC_REPRESENTATION_CONTEXT() REPRESENTATION_CONTEXT('2D SPACE',''
  ) );
#3786 = ORIENTED_EDGE('',*,*,#3737,.T.);
#3787 = ADVANCED_FACE('',(#3788),#3725,.T.);
#3788 = FACE_BOUND('',#3789,.T.);
#3789 = EDGE_LOOP('',(#3790));
#3790 = ORIENTED_EDGE('',*,*,#3703,.T.);
#3791 = ADVANCED_FACE('',(#3792),#3775,.F.);
#3792 = FACE_BOUND('',#3793,.T.);
#3793 = EDGE_LOOP('',(#3794));
#3794 = ORIENTED_EDGE('',*,*,#3760,.F.);
#3795 = ( GEOMETRIC_REPRESENTATION_CONTEXT(3)
GLOBAL_UNCERTAINTY_ASSIGNED_CONTEXT((#3799))
GLOBAL_UNIT_ASSIGNED_CONTEXT((#3796,#3797,#3798)) REPRESENTATION_CONTEXT
('Context #1','3D Context with UNIT and UNCERTAINTY') );
#3796 = ( LENGTH_UNIT() NAMED_UNIT(*) SI_UNIT(.MILLI.,.METRE.) );
#3797 = ( NAMED_UNIT(*) PLANE_ANGLE_UNIT() SI_UNIT($,.RADIAN.) );
#3798 = ( NAMED_UNIT(*) SI_UNIT($,.STERADIAN.) SOLID_ANGLE_UNIT() );
#3799 = UNCERTAINTY_MEASURE_WITH_UNIT(LENGTH_MEASURE(1.E-07),#3796,
  'distance_accuracy_value','confusion accuracy');
#3800 = CONTEXT_DEPENDENT_SHAPE_REPRESENTATION(#3801,#3803);
#3801 = ( REPRESENTATION_RELATIONSHIP('','',#3696,#3006)
REPRESENTATION_RELATIONSHIP_WITH_TRANSFORMATION(#3802)
SHAPE_REPRESENTATION_RELATIONSHIP() );
#3802 = ITEM_DEFINED_TRANSFORMATION('','',#11,#3011);
#3803 = PRODUCT_DEFINITION_SHAPE('Placement','Placement of an item',
  #3804);
#3804 = NEXT_ASSEMBLY_USAGE_OCCURRENCE('6','ceramic_socket','',#3001,
  #3691,$);
#3805 = PRODUCT_RELATED_PRODUCT_CATEGORY('part',$,(#3693));
#3806 = SHAPE_DEFINITION_REPRESENTATION(#3807,#3813);
#3807 = PRODUCT_DEFINITION_SHAPE('','',#3808);
#3808 = PRODUCT_DEFINITION('design','',#3809,#3812);
#3809 = PRODUCT_DEFINITION_FORMATION('','',#3810);
#3810 = PRODUCT('hps_bulb_base','hps_bulb_base','',(#3811));
#3811 = PRODUCT_CONTEXT('',#2,'mechanical');
#3812 = PRODUCT_DEFINITION_CONTEXT('part definition',#2,'design');
#3813 = ADVANCED_BREP_SHAPE_REPRESENTATION('',(#11,#3814),#5082);
#3814 = MANIFOLD_SOLID_BREP('',#3815);
#3815 = CLOSED_SHELL('',(#3816,#3904,#3939,#3974,#4029,#4084,#4119,#4154
    ,#4209,#4264,#4299,#4334,#4389,#4444,#4448,#4483,#4538,#4573,#4628,
    #4663,#4718,#4753,#4808,#4843,#4898,#4933,#4988,#5023,#5078));
#3816 = ADVANCED_FACE('',(#3817),#3830,.T.);
#3817 = FACE_BOUND('',#3818,.T.);
#3818 = EDGE_LOOP('',(#3819,#3853,#3876,#3903));
#3819 = ORIENTED_EDGE('',*,*,#3820,.T.);
#3820 = EDGE_CURVE('',#3821,#3821,#3823,.T.);
#3821 = VERTEX_POINT('',#3822);
#3822 = CARTESIAN_POINT('',(-194.3,-4.898587196589E-15,-158.));
#3823 = SURFACE_CURVE('',#3824,(#3829,#3841),.PCURVE_S1.);
#3824 = CIRCLE('',#3825,20.);
#3825 = AXIS2_PLACEMENT_3D('',#3826,#3827,#3828);
#3826 = CARTESIAN_POINT('',(-194.3,0.,-138.));
#3827 = DIRECTION('',(1.,0.,1.110223024625E-16));
#3828 = DIRECTION('',(1.110223024625E-16,0.,-1.));
#3829 = PCURVE('',#3830,#3835);
#3830 = CYLINDRICAL_SURFACE('',#3831,20.);
#3831 = AXIS2_PLACEMENT_3D('',#3832,#3833,#3834);
#3832 = CARTESIAN_POINT('',(-208.5,0.,-138.));
#3833 = DIRECTION('',(1.,0.,1.110223024625E-16));
#3834 = DIRECTION('',(1.110223024625E-16,0.,-1.));
#3835 = DEFINITIONAL_REPRESENTATION('',(#3836),#3840);
#3836 = LINE('',#3837,#3838);
#3837 = CARTESIAN_POINT('',(0.,14.2));
#3838 = VECTOR('',#3839,1.);
#3839 = DIRECTION('',(1.,0.));
#3840 = ( GEOMETRIC_REPRESENTATION_CONTEXT(2)
PARAMETRIC_REPRESENTATION_CONTEXT() REPRESENTATION_CONTEXT('2D SPACE',''
  ) );
#3841 = PCURVE('',#3842,#3847);
#3842 = PLANE('',#3843);
#3843 = AXIS2_PLACEMENT_3D('',#3844,#3845,#3846);
#3844 = CARTESIAN_POINT('',(-194.3,0.,-138.));
#3845 = DIRECTION('',(1.,0.,1.110223024625E-16));
#3846 = DIRECTION('',(1.110223024625E-16,0.,-1.));
#3847 = DEFINITIONAL_REPRESENTATION('',(#3848),#3852);
#3848 = CIRCLE('',#3849,20.);
#3849 = AXIS2_PLACEMENT_2D('',#3850,#3851);
#3850 = CARTESIAN_POINT('',(0.,0.));
#3851 = DIRECTION('',(1.,0.));
#3852 = ( GEOMETRIC_REPRESENTATION_CONTEXT(2)
PARAMETRIC_REPRESENTATION_CONTEXT() REPRESENTATION_CONTEXT('2D SPACE',''
  ) );
#3853 = ORIENTED_EDGE('',*,*,#3854,.T.);
#3854 = EDGE_CURVE('',#3821,#3855,#3857,.T.);
#3855 = VERTEX_POINT('',#3856);
#3856 = CARTESIAN_POINT('',(-189.7,-4.898587196589E-15,-158.));
#3857 = SEAM_CURVE('',#3858,(#3862,#3869),.PCURVE_S1.);
#3858 = LINE('',#3859,#3860);
#3859 = CARTESIAN_POINT('',(-208.5,-4.898587196589E-15,-158.));
#3860 = VECTOR('',#3861,1.);
#3861 = DIRECTION('',(1.,0.,1.110223024625E-16));
#3862 = PCURVE('',#3830,#3863);
#3863 = DEFINITIONAL_REPRESENTATION('',(#3864),#3868);
#3864 = LINE('',#3865,#3866);
#3865 = CARTESIAN_POINT('',(0.,-0.));
#3866 = VECTOR('',#3867,1.);
#3867 = DIRECTION('',(0.,1.));
#3868 = ( GEOMETRIC_REPRESENTATION_CONTEXT(2)
PARAMETRIC_REPRESENTATION_CONTEXT() REPRESENTATION_CONTEXT('2D SPACE',''
  ) );
#3869 = PCURVE('',#3830,#3870);
#3870 = DEFINITIONAL_REPRESENTATION('',(#3871),#3875);
#3871 = LINE('',#3872,#3873);
#3872 = CARTESIAN_POINT('',(6.28318530718,-0.));
#3873 = VECTOR('',#3874,1.);
#3874 = DIRECTION('',(0.,1.));
#3875 = ( GEOMETRIC_REPRESENTATION_CONTEXT(2)
PARAMETRIC_REPRESENTATION_CONTEXT() REPRESENTATION_CONTEXT('2D SPACE',''
  ) );
#3876 = ORIENTED_EDGE('',*,*,#3877,.F.);
#3877 = EDGE_CURVE('',#3855,#3855,#3878,.T.);
#3878 = SURFACE_CURVE('',#3879,(#3884,#3891),.PCURVE_S1.);
#3879 = CIRCLE('',#3880,20.);
#3880 = AXIS2_PLACEMENT_3D('',#3881,#3882,#3883);
#3881 = CARTESIAN_POINT('',(-189.7,0.,-138.));
#3882 = DIRECTION('',(1.,0.,1.110223024625E-16));
#3883 = DIRECTION('',(1.110223024625E-16,0.,-1.));
#3884 = PCURVE('',#3830,#3885);
#3885 = DEFINITIONAL_REPRESENTATION('',(#3886),#3890);
#3886 = LINE('',#3887,#3888);
#3887 = CARTESIAN_POINT('',(0.,18.8));
#3888 = VECTOR('',#3889,1.);
#3889 = DIRECTION('',(1.,0.));
#3890 = ( GEOMETRIC_REPRESENTATION_CONTEXT(2)
PARAMETRIC_REPRESENTATION_CONTEXT() REPRESENTATION_CONTEXT('2D SPACE',''
  ) );
#3891 = PCURVE('',#3892,#3897);
#3892 = PLANE('',#3893);
#3893 = AXIS2_PLACEMENT_3D('',#3894,#3895,#3896);
#3894 = CARTESIAN_POINT('',(-189.7,0.,-138.));
#3895 = DIRECTION('',(1.,0.,1.110223024625E-16));
#3896 = DIRECTION('',(1.110223024625E-16,0.,-1.));
#3897 = DEFINITIONAL_REPRESENTATION('',(#3898),#3902);
#3898 = CIRCLE('',#3899,20.);
#3899 = AXIS2_PLACEMENT_2D('',#3900,#3901);
#3900 = CARTESIAN_POINT('',(0.,0.));
#3901 = DIRECTION('',(1.,0.));
#3902 = ( GEOMETRIC_REPRESENTATION_CONTEXT(2)
PARAMETRIC_REPRESENTATION_CONTEXT() REPRESENTATION_CONTEXT('2D SPACE',''
  ) );
#3903 = ORIENTED_EDGE('',*,*,#3854,.F.);
#3904 = ADVANCED_FACE('',(#3905,#3936),#3842,.T.);
#3905 = FACE_BOUND('',#3906,.T.);
#3906 = EDGE_LOOP('',(#3907));
#3907 = ORIENTED_EDGE('',*,*,#3908,.T.);
#3908 = EDGE_CURVE('',#3909,#3909,#3911,.T.);
#3909 = VERTEX_POINT('',#3910);
#3910 = CARTESIAN_POINT('',(-194.3,-5.339460044282E-15,-159.8));
#3911 = SURFACE_CURVE('',#3912,(#3917,#3924),.PCURVE_S1.);
#3912 = CIRCLE('',#3913,21.8);
#3913 = AXIS2_PLACEMENT_3D('',#3914,#3915,#3916);
#3914 = CARTESIAN_POINT('',(-194.3,0.,-138.));
#3915 = DIRECTION('',(1.,-0.,1.110223024625E-16));
#3916 = DIRECTION('',(1.110223024625E-16,0.,-1.));
#3917 = PCURVE('',#3842,#3918);
#3918 = DEFINITIONAL_REPRESENTATION('',(#3919),#3923);
#3919 = CIRCLE('',#3920,21.8);
#3920 = AXIS2_PLACEMENT_2D('',#3921,#3922);
#3921 = CARTESIAN_POINT('',(0.,0.));
#3922 = DIRECTION('',(1.,0.));
#3923 = ( GEOMETRIC_REPRESENTATION_CONTEXT(2)
PARAMETRIC_REPRESENTATION_CONTEXT() REPRESENTATION_CONTEXT('2D SPACE',''
  ) );
#3924 = PCURVE('',#3925,#3930);
#3925 = CYLINDRICAL_SURFACE('',#3926,21.8);
#3926 = AXIS2_PLACEMENT_3D('',#3927,#3928,#3929);
#3927 = CARTESIAN_POINT('',(-196.7,0.,-138.));
#3928 = DIRECTION('',(1.,0.,1.110223024625E-16));
#3929 = DIRECTION('',(1.110223024625E-16,0.,-1.));
#3930 = DEFINITIONAL_REPRESENTATION('',(#3931),#3935);
#3931 = LINE('',#3932,#3933);
#3932 = CARTESIAN_POINT('',(0.,2.4));
#3933 = VECTOR('',#3934,1.);
#3934 = DIRECTION('',(1.,0.));
#3935 = ( GEOMETRIC_REPRESENTATION_CONTEXT(2)
PARAMETRIC_REPRESENTATION_CONTEXT() REPRESENTATION_CONTEXT('2D SPACE',''
  ) );
#3936 = FACE_BOUND('',#3937,.T.);
#3937 = EDGE_LOOP('',(#3938));
#3938 = ORIENTED_EDGE('',*,*,#3820,.F.);
#3939 = ADVANCED_FACE('',(#3940,#3971),#3892,.F.);
#3940 = FACE_BOUND('',#3941,.F.);
#3941 = EDGE_LOOP('',(#3942));
#3942 = ORIENTED_EDGE('',*,*,#3943,.T.);
#3943 = EDGE_CURVE('',#3944,#3944,#3946,.T.);
#3944 = VERTEX_POINT('',#3945);
#3945 = CARTESIAN_POINT('',(-189.7,-5.339460044282E-15,-159.8));
#3946 = SURFACE_CURVE('',#3947,(#3952,#3959),.PCURVE_S1.);
#3947 = CIRCLE('',#3948,21.8);
#3948 = AXIS2_PLACEMENT_3D('',#3949,#3950,#3951);
#3949 = CARTESIAN_POINT('',(-189.7,0.,-138.));
#3950 = DIRECTION('',(1.,-0.,1.110223024625E-16));
#3951 = DIRECTION('',(1.110223024625E-16,0.,-1.));
#3952 = PCURVE('',#3892,#3953);
#3953 = DEFINITIONAL_REPRESENTATION('',(#3954),#3958);
#3954 = CIRCLE('',#3955,21.8);
#3955 = AXIS2_PLACEMENT_2D('',#3956,#3957);
#3956 = CARTESIAN_POINT('',(0.,0.));
#3957 = DIRECTION('',(1.,0.));
#3958 = ( GEOMETRIC_REPRESENTATION_CONTEXT(2)
PARAMETRIC_REPRESENTATION_CONTEXT() REPRESENTATION_CONTEXT('2D SPACE',''
  ) );
#3959 = PCURVE('',#3960,#3965);
#3960 = CYLINDRICAL_SURFACE('',#3961,21.8);
#3961 = AXIS2_PLACEMENT_3D('',#3962,#3963,#3964);
#3962 = CARTESIAN_POINT('',(-189.7,0.,-138.));
#3963 = DIRECTION('',(1.,0.,1.110223024625E-16));
#3964 = DIRECTION('',(1.110223024625E-16,0.,-1.));
#3965 = DEFINITIONAL_REPRESENTATION('',(#3966),#3970);
#3966 = LINE('',#3967,#3968);
#3967 = CARTESIAN_POINT('',(0.,0.));
#3968 = VECTOR('',#3969,1.);
#3969 = DIRECTION('',(1.,0.));
#3970 = ( GEOMETRIC_REPRESENTATION_CONTEXT(2)
PARAMETRIC_REPRESENTATION_CONTEXT() REPRESENTATION_CONTEXT('2D SPACE',''
  ) );
#3971 = FACE_BOUND('',#3972,.F.);
#3972 = EDGE_LOOP('',(#3973));
#3973 = ORIENTED_EDGE('',*,*,#3877,.F.);
#3974 = ADVANCED_FACE('',(#3975),#3925,.T.);
#3975 = FACE_BOUND('',#3976,.T.);
#3976 = EDGE_LOOP('',(#3977,#3978,#4001,#4028));
#3977 = ORIENTED_EDGE('',*,*,#3908,.F.);
#3978 = ORIENTED_EDGE('',*,*,#3979,.F.);
#3979 = EDGE_CURVE('',#3980,#3909,#3982,.T.);
#3980 = VERTEX_POINT('',#3981);
#3981 = CARTESIAN_POINT('',(-196.7,-5.339460044282E-15,-159.8));
#3982 = SEAM_CURVE('',#3983,(#3987,#3994),.PCURVE_S1.);
#3983 = LINE('',#3984,#3985);
#3984 = CARTESIAN_POINT('',(-196.7,-5.339460044282E-15,-159.8));
#3985 = VECTOR('',#3986,1.);
#3986 = DIRECTION('',(1.,0.,1.110223024625E-16));
#3987 = PCURVE('',#3925,#3988);
#3988 = DEFINITIONAL_REPRESENTATION('',(#3989),#3993);
#3989 = LINE('',#3990,#3991);
#3990 = CARTESIAN_POINT('',(6.28318530718,-0.));
#3991 = VECTOR('',#3992,1.);
#3992 = DIRECTION('',(0.,1.));
#3993 = ( GEOMETRIC_REPRESENTATION_CONTEXT(2)
PARAMETRIC_REPRESENTATION_CONTEXT() REPRESENTATION_CONTEXT('2D SPACE',''
  ) );
#3994 = PCURVE('',#3925,#3995);
#3995 = DEFINITIONAL_REPRESENTATION('',(#3996),#4000);
#3996 = LINE('',#3997,#3998);
#3997 = CARTESIAN_POINT('',(0.,-0.));
#3998 = VECTOR('',#3999,1.);
#3999 = DIRECTION('',(0.,1.));
#4000 = ( GEOMETRIC_REPRESENTATION_CONTEXT(2)
PARAMETRIC_REPRESENTATION_CONTEXT() REPRESENTATION_CONTEXT('2D SPACE',''
  ) );
#4001 = ORIENTED_EDGE('',*,*,#4002,.T.);
#4002 = EDGE_CURVE('',#3980,#3980,#4003,.T.);
#4003 = SURFACE_CURVE('',#4004,(#4009,#4016),.PCURVE_S1.);
#4004 = CIRCLE('',#4005,21.8);
#4005 = AXIS2_PLACEMENT_3D('',#4006,#4007,#4008);
#4006 = CARTESIAN_POINT('',(-196.7,0.,-138.));
#4007 = DIRECTION('',(1.,-0.,1.110223024625E-16));
#4008 = DIRECTION('',(1.110223024625E-16,0.,-1.));
#4009 = PCURVE('',#3925,#4010);
#4010 = DEFINITIONAL_REPRESENTATION('',(#4011),#4015);
#4011 = LINE('',#4012,#4013);
#4012 = CARTESIAN_POINT('',(0.,0.));
#4013 = VECTOR('',#4014,1.);
#4014 = DIRECTION('',(1.,0.));
#4015 = ( GEOMETRIC_REPRESENTATION_CONTEXT(2)
PARAMETRIC_REPRESENTATION_CONTEXT() REPRESENTATION_CONTEXT('2D SPACE',''
  ) );
#4016 = PCURVE('',#4017,#4022);
#4017 = PLANE('',#4018);
#4018 = AXIS2_PLACEMENT_3D('',#4019,#4020,#4021);
#4019 = CARTESIAN_POINT('',(-196.7,0.,-138.));
#4020 = DIRECTION('',(1.,0.,1.110223024625E-16));
#4021 = DIRECTION('',(1.110223024625E-16,0.,-1.));
#4022 = DEFINITIONAL_REPRESENTATION('',(#4023),#4027);
#4023 = CIRCLE('',#4024,21.8);
#4024 = AXIS2_PLACEMENT_2D('',#4025,#4026);
#4025 = CARTESIAN_POINT('',(0.,0.));
#4026 = DIRECTION('',(1.,0.));
#4027 = ( GEOMETRIC_REPRESENTATION_CONTEXT(2)
PARAMETRIC_REPRESENTATION_CONTEXT() REPRESENTATION_CONTEXT('2D SPACE',''
  ) );
#4028 = ORIENTED_EDGE('',*,*,#3979,.T.);
#4029 = ADVANCED_FACE('',(#4030),#3960,.T.);
#4030 = FACE_BOUND('',#4031,.T.);
#4031 = EDGE_LOOP('',(#4032,#4061,#4082,#4083));
#4032 = ORIENTED_EDGE('',*,*,#4033,.F.);
#4033 = EDGE_CURVE('',#4034,#4034,#4036,.T.);
#4034 = VERTEX_POINT('',#4035);
#4035 = CARTESIAN_POINT('',(-187.3,-5.339460044282E-15,-159.8));
#4036 = SURFACE_CURVE('',#4037,(#4042,#4049),.PCURVE_S1.);
#4037 = CIRCLE('',#4038,21.8);
#4038 = AXIS2_PLACEMENT_3D('',#4039,#4040,#4041);
#4039 = CARTESIAN_POINT('',(-187.3,0.,-138.));
#4040 = DIRECTION('',(1.,-0.,1.110223024625E-16));
#4041 = DIRECTION('',(1.110223024625E-16,0.,-1.));
#4042 = PCURVE('',#3960,#4043);
#4043 = DEFINITIONAL_REPRESENTATION('',(#4044),#4048);
#4044 = LINE('',#4045,#4046);
#4045 = CARTESIAN_POINT('',(0.,2.4));
#4046 = VECTOR('',#4047,1.);
#4047 = DIRECTION('',(1.,0.));
#4048 = ( GEOMETRIC_REPRESENTATION_CONTEXT(2)
PARAMETRIC_REPRESENTATION_CONTEXT() REPRESENTATION_CONTEXT('2D SPACE',''
  ) );
#4049 = PCURVE('',#4050,#4055);
#4050 = PLANE('',#4051);
#4051 = AXIS2_PLACEMENT_3D('',#4052,#4053,#4054);
#4052 = CARTESIAN_POINT('',(-187.3,0.,-138.));
#4053 = DIRECTION('',(1.,0.,1.110223024625E-16));
#4054 = DIRECTION('',(1.110223024625E-16,0.,-1.));
#4055 = DEFINITIONAL_REPRESENTATION('',(#4056),#4060);
#4056 = CIRCLE('',#4057,21.8);
#4057 = AXIS2_PLACEMENT_2D('',#4058,#4059);
#4058 = CARTESIAN_POINT('',(0.,0.));
#4059 = DIRECTION('',(1.,0.));
#4060 = ( GEOMETRIC_REPRESENTATION_CONTEXT(2)
PARAMETRIC_REPRESENTATION_CONTEXT() REPRESENTATION_CONTEXT('2D SPACE',''
  ) );
#4061 = ORIENTED_EDGE('',*,*,#4062,.F.);
#4062 = EDGE_CURVE('',#3944,#4034,#4063,.T.);
#4063 = SEAM_CURVE('',#4064,(#4068,#4075),.PCURVE_S1.);
#4064 = LINE('',#4065,#4066);
#4065 = CARTESIAN_POINT('',(-189.7,-5.339460044282E-15,-159.8));
#4066 = VECTOR('',#4067,1.);
#4067 = DIRECTION('',(1.,0.,1.110223024625E-16));
#4068 = PCURVE('',#3960,#4069);
#4069 = DEFINITIONAL_REPRESENTATION('',(#4070),#4074);
#4070 = LINE('',#4071,#4072);
#4071 = CARTESIAN_POINT('',(6.28318530718,-0.));
#4072 = VECTOR('',#4073,1.);
#4073 = DIRECTION('',(0.,1.));
#4074 = ( GEOMETRIC_REPRESENTATION_CONTEXT(2)
PARAMETRIC_REPRESENTATION_CONTEXT() REPRESENTATION_CONTEXT('2D SPACE',''
  ) );
#4075 = PCURVE('',#3960,#4076);
#4076 = DEFINITIONAL_REPRESENTATION('',(#4077),#4081);
#4077 = LINE('',#4078,#4079);
#4078 = CARTESIAN_POINT('',(0.,-0.));
#4079 = VECTOR('',#4080,1.);
#4080 = DIRECTION('',(0.,1.));
#4081 = ( GEOMETRIC_REPRESENTATION_CONTEXT(2)
PARAMETRIC_REPRESENTATION_CONTEXT() REPRESENTATION_CONTEXT('2D SPACE',''
  ) );
#4082 = ORIENTED_EDGE('',*,*,#3943,.T.);
#4083 = ORIENTED_EDGE('',*,*,#4062,.T.);
#4084 = ADVANCED_FACE('',(#4085,#4088),#4017,.F.);
#4085 = FACE_BOUND('',#4086,.F.);
#4086 = EDGE_LOOP('',(#4087));
#4087 = ORIENTED_EDGE('',*,*,#4002,.T.);
#4088 = FACE_BOUND('',#4089,.F.);
#4089 = EDGE_LOOP('',(#4090));
#4090 = ORIENTED_EDGE('',*,*,#4091,.F.);
#4091 = EDGE_CURVE('',#4092,#4092,#4094,.T.);
#4092 = VERTEX_POINT('',#4093);
#4093 = CARTESIAN_POINT('',(-196.7,-4.898587196589E-15,-158.));
#4094 = SURFACE_CURVE('',#4095,(#4100,#4107),.PCURVE_S1.);
#4095 = CIRCLE('',#4096,20.);
#4096 = AXIS2_PLACEMENT_3D('',#4097,#4098,#4099);
#4097 = CARTESIAN_POINT('',(-196.7,0.,-138.));
#4098 = DIRECTION('',(1.,0.,1.110223024625E-16));
#4099 = DIRECTION('',(1.110223024625E-16,0.,-1.));
#4100 = PCURVE('',#4017,#4101);
#4101 = DEFINITIONAL_REPRESENTATION('',(#4102),#4106);
#4102 = CIRCLE('',#4103,20.);
#4103 = AXIS2_PLACEMENT_2D('',#4104,#4105);
#4104 = CARTESIAN_POINT('',(0.,0.));
#4105 = DIRECTION('',(1.,0.));
#4106 = ( GEOMETRIC_REPRESENTATION_CONTEXT(2)
PARAMETRIC_REPRESENTATION_CONTEXT() REPRESENTATION_CONTEXT('2D SPACE',''
  ) );
#4107 = PCURVE('',#4108,#4113);
#4108 = CYLINDRICAL_SURFACE('',#4109,20.);
#4109 = AXIS2_PLACEMENT_3D('',#4110,#4111,#4112);
#4110 = CARTESIAN_POINT('',(-208.5,0.,-138.));
#4111 = DIRECTION('',(1.,0.,1.110223024625E-16));
#4112 = DIRECTION('',(1.110223024625E-16,0.,-1.));
#4113 = DEFINITIONAL_REPRESENTATION('',(#4114),#4118);
#4114 = LINE('',#4115,#4116);
#4115 = CARTESIAN_POINT('',(0.,11.8));
#4116 = VECTOR('',#4117,1.);
#4117 = DIRECTION('',(1.,0.));
#4118 = ( GEOMETRIC_REPRESENTATION_CONTEXT(2)
PARAMETRIC_REPRESENTATION_CONTEXT() REPRESENTATION_CONTEXT('2D SPACE',''
  ) );
#4119 = ADVANCED_FACE('',(#4120,#4123),#4050,.T.);
#4120 = FACE_BOUND('',#4121,.T.);
#4121 = EDGE_LOOP('',(#4122));
#4122 = ORIENTED_EDGE('',*,*,#4033,.T.);
#4123 = FACE_BOUND('',#4124,.T.);
#4124 = EDGE_LOOP('',(#4125));
#4125 = ORIENTED_EDGE('',*,*,#4126,.F.);
#4126 = EDGE_CURVE('',#4127,#4127,#4129,.T.);
#4127 = VERTEX_POINT('',#4128);
#4128 = CARTESIAN_POINT('',(-187.3,-4.898587196589E-15,-158.));
#4129 = SURFACE_CURVE('',#4130,(#4135,#4142),.PCURVE_S1.);
#4130 = CIRCLE('',#4131,20.);
#4131 = AXIS2_PLACEMENT_3D('',#4132,#4133,#4134);
#4132 = CARTESIAN_POINT('',(-187.3,0.,-138.));
#4133 = DIRECTION('',(1.,0.,1.110223024625E-16));
#4134 = DIRECTION('',(1.110223024625E-16,0.,-1.));
#4135 = PCURVE('',#4050,#4136);
#4136 = DEFINITIONAL_REPRESENTATION('',(#4137),#4141);
#4137 = CIRCLE('',#4138,20.);
#4138 = AXIS2_PLACEMENT_2D('',#4139,#4140);
#4139 = CARTESIAN_POINT('',(0.,0.));
#4140 = DIRECTION('',(1.,0.));
#4141 = ( GEOMETRIC_REPRESENTATION_CONTEXT(2)
PARAMETRIC_REPRESENTATION_CONTEXT() REPRESENTATION_CONTEXT('2D SPACE',''
  ) );
#4142 = PCURVE('',#4143,#4148);
#4143 = CYLINDRICAL_SURFACE('',#4144,20.);
#4144 = AXIS2_PLACEMENT_3D('',#4145,#4146,#4147);
#4145 = CARTESIAN_POINT('',(-208.5,0.,-138.));
#4146 = DIRECTION('',(1.,0.,1.110223024625E-16));
#4147 = DIRECTION('',(1.110223024625E-16,0.,-1.));
#4148 = DEFINITIONAL_REPRESENTATION('',(#4149),#4153);
#4149 = LINE('',#4150,#4151);
#4150 = CARTESIAN_POINT('',(0.,21.2));
#4151 = VECTOR('',#4152,1.);
#4152 = DIRECTION('',(1.,0.));
#4153 = ( GEOMETRIC_REPRESENTATION_CONTEXT(2)
PARAMETRIC_REPRESENTATION_CONTEXT() REPRESENTATION_CONTEXT('2D SPACE',''
  ) );
#4154 = ADVANCED_FACE('',(#4155),#4108,.T.);
#4155 = FACE_BOUND('',#4156,.T.);
#4156 = EDGE_LOOP('',(#4157,#4158,#4181,#4208));
#4157 = ORIENTED_EDGE('',*,*,#4091,.F.);
#4158 = ORIENTED_EDGE('',*,*,#4159,.F.);
#4159 = EDGE_CURVE('',#4160,#4092,#4162,.T.);
#4160 = VERTEX_POINT('',#4161);
#4161 = CARTESIAN_POINT('',(-208.5,-4.898587196589E-15,-158.));
#4162 = SEAM_CURVE('',#4163,(#4167,#4174),.PCURVE_S1.);
#4163 = LINE('',#4164,#4165);
#4164 = CARTESIAN_POINT('',(-208.5,-4.898587196589E-15,-158.));
#4165 = VECTOR('',#4166,1.);
#4166 = DIRECTION('',(1.,0.,1.110223024625E-16));
#4167 = PCURVE('',#4108,#4168);
#4168 = DEFINITIONAL_REPRESENTATION('',(#4169),#4173);
#4169 = LINE('',#4170,#4171);
#4170 = CARTESIAN_POINT('',(6.28318530718,-0.));
#4171 = VECTOR('',#4172,1.);
#4172 = DIRECTION('',(0.,1.));
#4173 = ( GEOMETRIC_REPRESENTATION_CONTEXT(2)
PARAMETRIC_REPRESENTATION_CONTEXT() REPRESENTATION_CONTEXT('2D SPACE',''
  ) );
#4174 = PCURVE('',#4108,#4175);
#4175 = DEFINITIONAL_REPRESENTATION('',(#4176),#4180);
#4176 = LINE('',#4177,#4178);
#4177 = CARTESIAN_POINT('',(0.,-0.));
#4178 = VECTOR('',#4179,1.);
#4179 = DIRECTION('',(0.,1.));
#4180 = ( GEOMETRIC_REPRESENTATION_CONTEXT(2)
PARAMETRIC_REPRESENTATION_CONTEXT() REPRESENTATION_CONTEXT('2D SPACE',''
  ) );
#4181 = ORIENTED_EDGE('',*,*,#4182,.T.);
#4182 = EDGE_CURVE('',#4160,#4160,#4183,.T.);
#4183 = SURFACE_CURVE('',#4184,(#4189,#4196),.PCURVE_S1.);
#4184 = CIRCLE('',#4185,20.);
#4185 = AXIS2_PLACEMENT_3D('',#4186,#4187,#4188);
#4186 = CARTESIAN_POINT('',(-208.5,0.,-138.));
#4187 = DIRECTION('',(1.,-0.,1.110223024625E-16));
#4188 = DIRECTION('',(1.110223024625E-16,0.,-1.));
#4189 = PCURVE('',#4108,#4190);
#4190 = DEFINITIONAL_REPRESENTATION('',(#4191),#4195);
#4191 = LINE('',#4192,#4193);
#4192 = CARTESIAN_POINT('',(0.,0.));
#4193 = VECTOR('',#4194,1.);
#4194 = DIRECTION('',(1.,0.));
#4195 = ( GEOMETRIC_REPRESENTATION_CONTEXT(2)
PARAMETRIC_REPRESENTATION_CONTEXT() REPRESENTATION_CONTEXT('2D SPACE',''
  ) );
#4196 = PCURVE('',#4197,#4202);
#4197 = PLANE('',#4198);
#4198 = AXIS2_PLACEMENT_3D('',#4199,#4200,#4201);
#4199 = CARTESIAN_POINT('',(-208.5,0.,-138.));
#4200 = DIRECTION('',(1.,0.,1.110223024625E-16));
#4201 = DIRECTION('',(1.110223024625E-16,0.,-1.));
#4202 = DEFINITIONAL_REPRESENTATION('',(#4203),#4207);
#4203 = CIRCLE('',#4204,20.);
#4204 = AXIS2_PLACEMENT_2D('',#4205,#4206);
#4205 = CARTESIAN_POINT('',(0.,0.));
#4206 = DIRECTION('',(1.,0.));
#4207 = ( GEOMETRIC_REPRESENTATION_CONTEXT(2)
PARAMETRIC_REPRESENTATION_CONTEXT() REPRESENTATION_CONTEXT('2D SPACE',''
  ) );
#4208 = ORIENTED_EDGE('',*,*,#4159,.T.);
#4209 = ADVANCED_FACE('',(#4210),#4143,.T.);
#4210 = FACE_BOUND('',#4211,.T.);
#4211 = EDGE_LOOP('',(#4212,#4235,#4236,#4237));
#4212 = ORIENTED_EDGE('',*,*,#4213,.F.);
#4213 = EDGE_CURVE('',#4127,#4214,#4216,.T.);
#4214 = VERTEX_POINT('',#4215);
#4215 = CARTESIAN_POINT('',(-182.7,-4.898587196589E-15,-158.));
#4216 = SEAM_CURVE('',#4217,(#4221,#4228),.PCURVE_S1.);
#4217 = LINE('',#4218,#4219);
#4218 = CARTESIAN_POINT('',(-208.5,-4.898587196589E-15,-158.));
#4219 = VECTOR('',#4220,1.);
#4220 = DIRECTION('',(1.,0.,1.110223024625E-16));
#4221 = PCURVE('',#4143,#4222);
#4222 = DEFINITIONAL_REPRESENTATION('',(#4223),#4227);
#4223 = LINE('',#4224,#4225);
#4224 = CARTESIAN_POINT('',(0.,-0.));
#4225 = VECTOR('',#4226,1.);
#4226 = DIRECTION('',(0.,1.));
#4227 = ( GEOMETRIC_REPRESENTATION_CONTEXT(2)
PARAMETRIC_REPRESENTATION_CONTEXT() REPRESENTATION_CONTEXT('2D SPACE',''
  ) );
#4228 = PCURVE('',#4143,#4229);
#4229 = DEFINITIONAL_REPRESENTATION('',(#4230),#4234);
#4230 = LINE('',#4231,#4232);
#4231 = CARTESIAN_POINT('',(6.28318530718,-0.));
#4232 = VECTOR('',#4233,1.);
#4233 = DIRECTION('',(0.,1.));
#4234 = ( GEOMETRIC_REPRESENTATION_CONTEXT(2)
PARAMETRIC_REPRESENTATION_CONTEXT() REPRESENTATION_CONTEXT('2D SPACE',''
  ) );
#4235 = ORIENTED_EDGE('',*,*,#4126,.T.);
#4236 = ORIENTED_EDGE('',*,*,#4213,.T.);
#4237 = ORIENTED_EDGE('',*,*,#4238,.F.);
#4238 = EDGE_CURVE('',#4214,#4214,#4239,.T.);
#4239 = SURFACE_CURVE('',#4240,(#4245,#4252),.PCURVE_S1.);
#4240 = CIRCLE('',#4241,20.);
#4241 = AXIS2_PLACEMENT_3D('',#4242,#4243,#4244);
#4242 = CARTESIAN_POINT('',(-182.7,0.,-138.));
#4243 = DIRECTION('',(1.,0.,1.110223024625E-16));
#4244 = DIRECTION('',(1.110223024625E-16,0.,-1.));
#4245 = PCURVE('',#4143,#4246);
#4246 = DEFINITIONAL_REPRESENTATION('',(#4247),#4251);
#4247 = LINE('',#4248,#4249);
#4248 = CARTESIAN_POINT('',(0.,25.8));
#4249 = VECTOR('',#4250,1.);
#4250 = DIRECTION('',(1.,0.));
#4251 = ( GEOMETRIC_REPRESENTATION_CONTEXT(2)
PARAMETRIC_REPRESENTATION_CONTEXT() REPRESENTATION_CONTEXT('2D SPACE',''
  ) );
#4252 = PCURVE('',#4253,#4258);
#4253 = PLANE('',#4254);
#4254 = AXIS2_PLACEMENT_3D('',#4255,#4256,#4257);
#4255 = CARTESIAN_POINT('',(-182.7,0.,-138.));
#4256 = DIRECTION('',(1.,0.,1.110223024625E-16));
#4257 = DIRECTION('',(1.110223024625E-16,0.,-1.));
#4258 = DEFINITIONAL_REPRESENTATION('',(#4259),#4263);
#4259 = CIRCLE('',#4260,20.);
#4260 = AXIS2_PLACEMENT_2D('',#4261,#4262);
#4261 = CARTESIAN_POINT('',(0.,0.));
#4262 = DIRECTION('',(1.,0.));
#4263 = ( GEOMETRIC_REPRESENTATION_CONTEXT(2)
PARAMETRIC_REPRESENTATION_CONTEXT() REPRESENTATION_CONTEXT('2D SPACE',''
  ) );
#4264 = ADVANCED_FACE('',(#4265,#4268),#4197,.F.);
#4265 = FACE_BOUND('',#4266,.F.);
#4266 = EDGE_LOOP('',(#4267));
#4267 = ORIENTED_EDGE('',*,*,#4182,.T.);
#4268 = FACE_BOUND('',#4269,.F.);
#4269 = EDGE_LOOP('',(#4270));
#4270 = ORIENTED_EDGE('',*,*,#4271,.F.);
#4271 = EDGE_CURVE('',#4272,#4272,#4274,.T.);
#4272 = VERTEX_POINT('',#4273);
#4273 = CARTESIAN_POINT('',(-208.5,-2.449293598295E-15,-148.));
#4274 = SURFACE_CURVE('',#4275,(#4280,#4287),.PCURVE_S1.);
#4275 = CIRCLE('',#4276,10.);
#4276 = AXIS2_PLACEMENT_3D('',#4277,#4278,#4279);
#4277 = CARTESIAN_POINT('',(-208.5,0.,-138.));
#4278 = DIRECTION('',(1.,0.,1.110223024625E-16));
#4279 = DIRECTION('',(1.110223024625E-16,0.,-1.));
#4280 = PCURVE('',#4197,#4281);
#4281 = DEFINITIONAL_REPRESENTATION('',(#4282),#4286);
#4282 = CIRCLE('',#4283,10.);
#4283 = AXIS2_PLACEMENT_2D('',#4284,#4285);
#4284 = CARTESIAN_POINT('',(0.,0.));
#4285 = DIRECTION('',(1.,0.));
#4286 = ( GEOMETRIC_REPRESENTATION_CONTEXT(2)
PARAMETRIC_REPRESENTATION_CONTEXT() REPRESENTATION_CONTEXT('2D SPACE',''
  ) );
#4287 = PCURVE('',#4288,#4293);
#4288 = CYLINDRICAL_SURFACE('',#4289,10.);
#4289 = AXIS2_PLACEMENT_3D('',#4290,#4291,#4292);
#4290 = CARTESIAN_POINT('',(-217.5,0.,-138.));
#4291 = DIRECTION('',(1.,0.,1.110223024625E-16));
#4292 = DIRECTION('',(1.110223024625E-16,0.,-1.));
#4293 = DEFINITIONAL_REPRESENTATION('',(#4294),#4298);
#4294 = LINE('',#4295,#4296);
#4295 = CARTESIAN_POINT('',(0.,9.));
#4296 = VECTOR('',#4297,1.);
#4297 = DIRECTION('',(1.,0.));
#4298 = ( GEOMETRIC_REPRESENTATION_CONTEXT(2)
PARAMETRIC_REPRESENTATION_CONTEXT() REPRESENTATION_CONTEXT('2D SPACE',''
  ) );
#4299 = ADVANCED_FACE('',(#4300,#4331),#4253,.F.);
#4300 = FACE_BOUND('',#4301,.F.);
#4301 = EDGE_LOOP('',(#4302));
#4302 = ORIENTED_EDGE('',*,*,#4303,.T.);
#4303 = EDGE_CURVE('',#4304,#4304,#4306,.T.);
#4304 = VERTEX_POINT('',#4305);
#4305 = CARTESIAN_POINT('',(-182.7,-5.339460044282E-15,-159.8));
#4306 = SURFACE_CURVE('',#4307,(#4312,#4319),.PCURVE_S1.);
#4307 = CIRCLE('',#4308,21.8);
#4308 = AXIS2_PLACEMENT_3D('',#4309,#4310,#4311);
#4309 = CARTESIAN_POINT('',(-182.7,0.,-138.));
#4310 = DIRECTION('',(1.,-0.,1.110223024625E-16));
#4311 = DIRECTION('',(1.110223024625E-16,0.,-1.));
#4312 = PCURVE('',#4253,#4313);
#4313 = DEFINITIONAL_REPRESENTATION('',(#4314),#4318);
#4314 = CIRCLE('',#4315,21.8);
#4315 = AXIS2_PLACEMENT_2D('',#4316,#4317);
#4316 = CARTESIAN_POINT('',(0.,0.));
#4317 = DIRECTION('',(1.,0.));
#4318 = ( GEOMETRIC_REPRESENTATION_CONTEXT(2)
PARAMETRIC_REPRESENTATION_CONTEXT() REPRESENTATION_CONTEXT('2D SPACE',''
  ) );
#4319 = PCURVE('',#4320,#4325);
#4320 = CYLINDRICAL_SURFACE('',#4321,21.8);
#4321 = AXIS2_PLACEMENT_3D('',#4322,#4323,#4324);
#4322 = CARTESIAN_POINT('',(-182.7,0.,-138.));
#4323 = DIRECTION('',(1.,0.,1.110223024625E-16));
#4324 = DIRECTION('',(1.110223024625E-16,0.,-1.));
#4325 = DEFINITIONAL_REPRESENTATION('',(#4326),#4330);
#4326 = LINE('',#4327,#4328);
#4327 = CARTESIAN_POINT('',(0.,0.));
#4328 = VECTOR('',#4329,1.);
#4329 = DIRECTION('',(1.,0.));
#4330 = ( GEOMETRIC_REPRESENTATION_CONTEXT(2)
PARAMETRIC_REPRESENTATION_CONTEXT() REPRESENTATION_CONTEXT('2D SPACE',''
  ) );
#4331 = FACE_BOUND('',#4332,.F.);
#4332 = EDGE_LOOP('',(#4333));
#4333 = ORIENTED_EDGE('',*,*,#4238,.F.);
#4334 = ADVANCED_FACE('',(#4335),#4288,.T.);
#4335 = FACE_BOUND('',#4336,.T.);
#4336 = EDGE_LOOP('',(#4337,#4338,#4361,#4388));
#4337 = ORIENTED_EDGE('',*,*,#4271,.F.);
#4338 = ORIENTED_EDGE('',*,*,#4339,.F.);
#4339 = EDGE_CURVE('',#4340,#4272,#4342,.T.);
#4340 = VERTEX_POINT('',#4341);
#4341 = CARTESIAN_POINT('',(-217.5,-2.449293598295E-15,-148.));
#4342 = SEAM_CURVE('',#4343,(#4347,#4354),.PCURVE_S1.);
#4343 = LINE('',#4344,#4345);
#4344 = CARTESIAN_POINT('',(-217.5,-2.449293598295E-15,-148.));
#4345 = VECTOR('',#4346,1.);
#4346 = DIRECTION('',(1.,0.,1.110223024625E-16));
#4347 = PCURVE('',#4288,#4348);
#4348 = DEFINITIONAL_REPRESENTATION('',(#4349),#4353);
#4349 = LINE('',#4350,#4351);
#4350 = CARTESIAN_POINT('',(6.28318530718,-0.));
#4351 = VECTOR('',#4352,1.);
#4352 = DIRECTION('',(0.,1.));
#4353 = ( GEOMETRIC_REPRESENTATION_CONTEXT(2)
PARAMETRIC_REPRESENTATION_CONTEXT() REPRESENTATION_CONTEXT('2D SPACE',''
  ) );
#4354 = PCURVE('',#4288,#4355);
#4355 = DEFINITIONAL_REPRESENTATION('',(#4356),#4360);
#4356 = LINE('',#4357,#4358);
#4357 = CARTESIAN_POINT('',(0.,-0.));
#4358 = VECTOR('',#4359,1.);
#4359 = DIRECTION('',(0.,1.));
#4360 = ( GEOMETRIC_REPRESENTATION_CONTEXT(2)
PARAMETRIC_REPRESENTATION_CONTEXT() REPRESENTATION_CONTEXT('2D SPACE',''
  ) );
#4361 = ORIENTED_EDGE('',*,*,#4362,.T.);
#4362 = EDGE_CURVE('',#4340,#4340,#4363,.T.);
#4363 = SURFACE_CURVE('',#4364,(#4369,#4376),.PCURVE_S1.);
#4364 = CIRCLE('',#4365,10.);
#4365 = AXIS2_PLACEMENT_3D('',#4366,#4367,#4368);
#4366 = CARTESIAN_POINT('',(-217.5,0.,-138.));
#4367 = DIRECTION('',(1.,-0.,1.110223024625E-16));
#4368 = DIRECTION('',(1.110223024625E-16,0.,-1.));
#4369 = PCURVE('',#4288,#4370);
#4370 = DEFINITIONAL_REPRESENTATION('',(#4371),#4375);
#4371 = LINE('',#4372,#4373);
#4372 = CARTESIAN_POINT('',(0.,0.));
#4373 = VECTOR('',#4374,1.);
#4374 = DIRECTION('',(1.,0.));
#4375 = ( GEOMETRIC_REPRESENTATION_CONTEXT(2)
PARAMETRIC_REPRESENTATION_CONTEXT() REPRESENTATION_CONTEXT('2D SPACE',''
  ) );
#4376 = PCURVE('',#4377,#4382);
#4377 = PLANE('',#4378);
#4378 = AXIS2_PLACEMENT_3D('',#4379,#4380,#4381);
#4379 = CARTESIAN_POINT('',(-217.5,0.,-138.));
#4380 = DIRECTION('',(1.,0.,1.110223024625E-16));
#4381 = DIRECTION('',(1.110223024625E-16,0.,-1.));
#4382 = DEFINITIONAL_REPRESENTATION('',(#4383),#4387);
#4383 = CIRCLE('',#4384,10.);
#4384 = AXIS2_PLACEMENT_2D('',#4385,#4386);
#4385 = CARTESIAN_POINT('',(0.,0.));
#4386 = DIRECTION('',(1.,0.));
#4387 = ( GEOMETRIC_REPRESENTATION_CONTEXT(2)
PARAMETRIC_REPRESENTATION_CONTEXT() REPRESENTATION_CONTEXT('2D SPACE',''
  ) );
#4388 = ORIENTED_EDGE('',*,*,#4339,.T.);
#4389 = ADVANCED_FACE('',(#4390),#4320,.T.);
#4390 = FACE_BOUND('',#4391,.T.);
#4391 = EDGE_LOOP('',(#4392,#4421,#4442,#4443));
#4392 = ORIENTED_EDGE('',*,*,#4393,.F.);
#4393 = EDGE_CURVE('',#4394,#4394,#4396,.T.);
#4394 = VERTEX_POINT('',#4395);
#4395 = CARTESIAN_POINT('',(-180.3,-5.339460044282E-15,-159.8));
#4396 = SURFACE_CURVE('',#4397,(#4402,#4409),.PCURVE_S1.);
#4397 = CIRCLE('',#4398,21.8);
#4398 = AXIS2_PLACEMENT_3D('',#4399,#4400,#4401);
#4399 = CARTESIAN_POINT('',(-180.3,0.,-138.));
#4400 = DIRECTION('',(1.,-0.,1.110223024625E-16));
#4401 = DIRECTION('',(1.110223024625E-16,0.,-1.));
#4402 = PCURVE('',#4320,#4403);
#4403 = DEFINITIONAL_REPRESENTATION('',(#4404),#4408);
#4404 = LINE('',#4405,#4406);
#4405 = CARTESIAN_POINT('',(0.,2.4));
#4406 = VECTOR('',#4407,1.);
#4407 = DIRECTION('',(1.,0.));
#4408 = ( GEOMETRIC_REPRESENTATION_CONTEXT(2)
PARAMETRIC_REPRESENTATION_CONTEXT() REPRESENTATION_CONTEXT('2D SPACE',''
  ) );
#4409 = PCURVE('',#4410,#4415);
#4410 = PLANE('',#4411);
#4411 = AXIS2_PLACEMENT_3D('',#4412,#4413,#4414);
#4412 = CARTESIAN_POINT('',(-180.3,0.,-138.));
#4413 = DIRECTION('',(1.,0.,1.110223024625E-16));
#4414 = DIRECTION('',(1.110223024625E-16,0.,-1.));
#4415 = DEFINITIONAL_REPRESENTATION('',(#4416),#4420);
#4416 = CIRCLE('',#4417,21.8);
#4417 = AXIS2_PLACEMENT_2D('',#4418,#4419);
#4418 = CARTESIAN_POINT('',(0.,0.));
#4419 = DIRECTION('',(1.,0.));
#4420 = ( GEOMETRIC_REPRESENTATION_CONTEXT(2)
PARAMETRIC_REPRESENTATION_CONTEXT() REPRESENTATION_CONTEXT('2D SPACE',''
  ) );
#4421 = ORIENTED_EDGE('',*,*,#4422,.F.);
#4422 = EDGE_CURVE('',#4304,#4394,#4423,.T.);
#4423 = SEAM_CURVE('',#4424,(#4428,#4435),.PCURVE_S1.);
#4424 = LINE('',#4425,#4426);
#4425 = CARTESIAN_POINT('',(-182.7,-5.339460044282E-15,-159.8));
#4426 = VECTOR('',#4427,1.);
#4427 = DIRECTION('',(1.,0.,1.110223024625E-16));
#4428 = PCURVE('',#4320,#4429);
#4429 = DEFINITIONAL_REPRESENTATION('',(#4430),#4434);
#4430 = LINE('',#4431,#4432);
#4431 = CARTESIAN_POINT('',(6.28318530718,-0.));
#4432 = VECTOR('',#4433,1.);
#4433 = DIRECTION('',(0.,1.));
#4434 = ( GEOMETRIC_REPRESENTATION_CONTEXT(2)
PARAMETRIC_REPRESENTATION_CONTEXT() REPRESENTATION_CONTEXT('2D SPACE',''
  ) );
#4435 = PCURVE('',#4320,#4436);
#4436 = DEFINITIONAL_REPRESENTATION('',(#4437),#4441);
#4437 = LINE('',#4438,#4439);
#4438 = CARTESIAN_POINT('',(0.,-0.));
#4439 = VECTOR('',#4440,1.);
#4440 = DIRECTION('',(0.,1.));
#4441 = ( GEOMETRIC_REPRESENTATION_CONTEXT(2)
PARAMETRIC_REPRESENTATION_CONTEXT() REPRESENTATION_CONTEXT('2D SPACE',''
  ) );
#4442 = ORIENTED_EDGE('',*,*,#4303,.T.);
#4443 = ORIENTED_EDGE('',*,*,#4422,.T.);
#4444 = ADVANCED_FACE('',(#4445),#4377,.F.);
#4445 = FACE_BOUND('',#4446,.T.);
#4446 = EDGE_LOOP('',(#4447));
#4447 = ORIENTED_EDGE('',*,*,#4362,.F.);
#4448 = ADVANCED_FACE('',(#4449,#4452),#4410,.T.);
#4449 = FACE_BOUND('',#4450,.T.);
#4450 = EDGE_LOOP('',(#4451));
#4451 = ORIENTED_EDGE('',*,*,#4393,.T.);
#4452 = FACE_BOUND('',#4453,.T.);
#4453 = EDGE_LOOP('',(#4454));
#4454 = ORIENTED_EDGE('',*,*,#4455,.F.);
#4455 = EDGE_CURVE('',#4456,#4456,#4458,.T.);
#4456 = VERTEX_POINT('',#4457);
#4457 = CARTESIAN_POINT('',(-180.3,-4.898587196589E-15,-158.));
#4458 = SURFACE_CURVE('',#4459,(#4464,#4471),.PCURVE_S1.);
#4459 = CIRCLE('',#4460,20.);
#4460 = AXIS2_PLACEMENT_3D('',#4461,#4462,#4463);
#4461 = CARTESIAN_POINT('',(-180.3,0.,-138.));
#4462 = DIRECTION('',(1.,0.,1.110223024625E-16));
#4463 = DIRECTION('',(1.110223024625E-16,0.,-1.));
#4464 = PCURVE('',#4410,#4465);
#4465 = DEFINITIONAL_REPRESENTATION('',(#4466),#4470);
#4466 = CIRCLE('',#4467,20.);
#4467 = AXIS2_PLACEMENT_2D('',#4468,#4469);
#4468 = CARTESIAN_POINT('',(0.,0.));
#4469 = DIRECTION('',(1.,0.));
#4470 = ( GEOMETRIC_REPRESENTATION_CONTEXT(2)
PARAMETRIC_REPRESENTATION_CONTEXT() REPRESENTATION_CONTEXT('2D SPACE',''
  ) );
#4471 = PCURVE('',#4472,#4477);
#4472 = CYLINDRICAL_SURFACE('',#4473,20.);
#4473 = AXIS2_PLACEMENT_3D('',#4474,#4475,#4476);
#4474 = CARTESIAN_POINT('',(-208.5,0.,-138.));
#4475 = DIRECTION('',(1.,0.,1.110223024625E-16));
#4476 = DIRECTION('',(1.110223024625E-16,0.,-1.));
#4477 = DEFINITIONAL_REPRESENTATION('',(#4478),#4482);
#4478 = LINE('',#4479,#4480);
#4479 = CARTESIAN_POINT('',(0.,28.2));
#4480 = VECTOR('',#4481,1.);
#4481 = DIRECTION('',(1.,0.));
#4482 = ( GEOMETRIC_REPRESENTATION_CONTEXT(2)
PARAMETRIC_REPRESENTATION_CONTEXT() REPRESENTATION_CONTEXT('2D SPACE',''
  ) );
#4483 = ADVANCED_FACE('',(#4484),#4472,.T.);
#4484 = FACE_BOUND('',#4485,.T.);
#4485 = EDGE_LOOP('',(#4486,#4509,#4510,#4511));
#4486 = ORIENTED_EDGE('',*,*,#4487,.F.);
#4487 = EDGE_CURVE('',#4456,#4488,#4490,.T.);
#4488 = VERTEX_POINT('',#4489);
#4489 = CARTESIAN_POINT('',(-175.7,-4.898587196589E-15,-158.));
#4490 = SEAM_CURVE('',#4491,(#4495,#4502),.PCURVE_S1.);
#4491 = LINE('',#4492,#4493);
#4492 = CARTESIAN_POINT('',(-208.5,-4.898587196589E-15,-158.));
#4493 = VECTOR('',#4494,1.);
#4494 = DIRECTION('',(1.,0.,1.110223024625E-16));
#4495 = PCURVE('',#4472,#4496);
#4496 = DEFINITIONAL_REPRESENTATION('',(#4497),#4501);
#4497 = LINE('',#4498,#4499);
#4498 = CARTESIAN_POINT('',(0.,-0.));
#4499 = VECTOR('',#4500,1.);
#4500 = DIRECTION('',(0.,1.));
#4501 = ( GEOMETRIC_REPRESENTATION_CONTEXT(2)
PARAMETRIC_REPRESENTATION_CONTEXT() REPRESENTATION_CONTEXT('2D SPACE',''
  ) );
#4502 = PCURVE('',#4472,#4503);
#4503 = DEFINITIONAL_REPRESENTATION('',(#4504),#4508);
#4504 = LINE('',#4505,#4506);
#4505 = CARTESIAN_POINT('',(6.28318530718,-0.));
#4506 = VECTOR('',#4507,1.);
#4507 = DIRECTION('',(0.,1.));
#4508 = ( GEOMETRIC_REPRESENTATION_CONTEXT(2)
PARAMETRIC_REPRESENTATION_CONTEXT() REPRESENTATION_CONTEXT('2D SPACE',''
  ) );
#4509 = ORIENTED_EDGE('',*,*,#4455,.T.);
#4510 = ORIENTED_EDGE('',*,*,#4487,.T.);
#4511 = ORIENTED_EDGE('',*,*,#4512,.F.);
#4512 = EDGE_CURVE('',#4488,#4488,#4513,.T.);
#4513 = SURFACE_CURVE('',#4514,(#4519,#4526),.PCURVE_S1.);
#4514 = CIRCLE('',#4515,20.);
#4515 = AXIS2_PLACEMENT_3D('',#4516,#4517,#4518);
#4516 = CARTESIAN_POINT('',(-175.7,0.,-138.));
#4517 = DIRECTION('',(1.,0.,1.110223024625E-16));
#4518 = DIRECTION('',(1.110223024625E-16,0.,-1.));
#4519 = PCURVE('',#4472,#4520);
#4520 = DEFINITIONAL_REPRESENTATION('',(#4521),#4525);
#4521 = LINE('',#4522,#4523);
#4522 = CARTESIAN_POINT('',(0.,32.8));
#4523 = VECTOR('',#4524,1.);
#4524 = DIRECTION('',(1.,0.));
#4525 = ( GEOMETRIC_REPRESENTATION_CONTEXT(2)
PARAMETRIC_REPRESENTATION_CONTEXT() REPRESENTATION_CONTEXT('2D SPACE',''
  ) );
#4526 = PCURVE('',#4527,#4532);
#4527 = PLANE('',#4528);
#4528 = AXIS2_PLACEMENT_3D('',#4529,#4530,#4531);
#4529 = CARTESIAN_POINT('',(-175.7,0.,-138.));
#4530 = DIRECTION('',(1.,0.,1.110223024625E-16));
#4531 = DIRECTION('',(1.110223024625E-16,0.,-1.));
#4532 = DEFINITIONAL_REPRESENTATION('',(#4533),#4537);
#4533 = CIRCLE('',#4534,20.);
#4534 = AXIS2_PLACEMENT_2D('',#4535,#4536);
#4535 = CARTESIAN_POINT('',(0.,0.));
#4536 = DIRECTION('',(1.,0.));
#4537 = ( GEOMETRIC_REPRESENTATION_CONTEXT(2)
PARAMETRIC_REPRESENTATION_CONTEXT() REPRESENTATION_CONTEXT('2D SPACE',''
  ) );
#4538 = ADVANCED_FACE('',(#4539,#4570),#4527,.F.);
#4539 = FACE_BOUND('',#4540,.F.);
#4540 = EDGE_LOOP('',(#4541));
#4541 = ORIENTED_EDGE('',*,*,#4542,.T.);
#4542 = EDGE_CURVE('',#4543,#4543,#4545,.T.);
#4543 = VERTEX_POINT('',#4544);
#4544 = CARTESIAN_POINT('',(-175.7,-5.339460044282E-15,-159.8));
#4545 = SURFACE_CURVE('',#4546,(#4551,#4558),.PCURVE_S1.);
#4546 = CIRCLE('',#4547,21.8);
#4547 = AXIS2_PLACEMENT_3D('',#4548,#4549,#4550);
#4548 = CARTESIAN_POINT('',(-175.7,0.,-138.));
#4549 = DIRECTION('',(1.,-0.,1.110223024625E-16));
#4550 = DIRECTION('',(1.110223024625E-16,0.,-1.));
#4551 = PCURVE('',#4527,#4552);
#4552 = DEFINITIONAL_REPRESENTATION('',(#4553),#4557);
#4553 = CIRCLE('',#4554,21.8);
#4554 = AXIS2_PLACEMENT_2D('',#4555,#4556);
#4555 = CARTESIAN_POINT('',(0.,0.));
#4556 = DIRECTION('',(1.,0.));
#4557 = ( GEOMETRIC_REPRESENTATION_CONTEXT(2)
PARAMETRIC_REPRESENTATION_CONTEXT() REPRESENTATION_CONTEXT('2D SPACE',''
  ) );
#4558 = PCURVE('',#4559,#4564);
#4559 = CYLINDRICAL_SURFACE('',#4560,21.8);
#4560 = AXIS2_PLACEMENT_3D('',#4561,#4562,#4563);
#4561 = CARTESIAN_POINT('',(-175.7,0.,-138.));
#4562 = DIRECTION('',(1.,0.,1.110223024625E-16));
#4563 = DIRECTION('',(1.110223024625E-16,0.,-1.));
#4564 = DEFINITIONAL_REPRESENTATION('',(#4565),#4569);
#4565 = LINE('',#4566,#4567);
#4566 = CARTESIAN_POINT('',(0.,0.));
#4567 = VECTOR('',#4568,1.);
#4568 = DIRECTION('',(1.,0.));
#4569 = ( GEOMETRIC_REPRESENTATION_CONTEXT(2)
PARAMETRIC_REPRESENTATION_CONTEXT() REPRESENTATION_CONTEXT('2D SPACE',''
  ) );
#4570 = FACE_BOUND('',#4571,.F.);
#4571 = EDGE_LOOP('',(#4572));
#4572 = ORIENTED_EDGE('',*,*,#4512,.F.);
#4573 = ADVANCED_FACE('',(#4574),#4559,.T.);
#4574 = FACE_BOUND('',#4575,.T.);
#4575 = EDGE_LOOP('',(#4576,#4605,#4626,#4627));
#4576 = ORIENTED_EDGE('',*,*,#4577,.F.);
#4577 = EDGE_CURVE('',#4578,#4578,#4580,.T.);
#4578 = VERTEX_POINT('',#4579);
#4579 = CARTESIAN_POINT('',(-173.3,-5.339460044282E-15,-159.8));
#4580 = SURFACE_CURVE('',#4581,(#4586,#4593),.PCURVE_S1.);
#4581 = CIRCLE('',#4582,21.8);
#4582 = AXIS2_PLACEMENT_3D('',#4583,#4584,#4585);
#4583 = CARTESIAN_POINT('',(-173.3,0.,-138.));
#4584 = DIRECTION('',(1.,-0.,1.110223024625E-16));
#4585 = DIRECTION('',(1.110223024625E-16,0.,-1.));
#4586 = PCURVE('',#4559,#4587);
#4587 = DEFINITIONAL_REPRESENTATION('',(#4588),#4592);
#4588 = LINE('',#4589,#4590);
#4589 = CARTESIAN_POINT('',(0.,2.4));
#4590 = VECTOR('',#4591,1.);
#4591 = DIRECTION('',(1.,0.));
#4592 = ( GEOMETRIC_REPRESENTATION_CONTEXT(2)
PARAMETRIC_REPRESENTATION_CONTEXT() REPRESENTATION_CONTEXT('2D SPACE',''
  ) );
#4593 = PCURVE('',#4594,#4599);
#4594 = PLANE('',#4595);
#4595 = AXIS2_PLACEMENT_3D('',#4596,#4597,#4598);
#4596 = CARTESIAN_POINT('',(-173.3,0.,-138.));
#4597 = DIRECTION('',(1.,0.,1.110223024625E-16));
#4598 = DIRECTION('',(1.110223024625E-16,0.,-1.));
#4599 = DEFINITIONAL_REPRESENTATION('',(#4600),#4604);
#4600 = CIRCLE('',#4601,21.8);
#4601 = AXIS2_PLACEMENT_2D('',#4602,#4603);
#4602 = CARTESIAN_POINT('',(0.,0.));
#4603 = DIRECTION('',(1.,0.));
#4604 = ( GEOMETRIC_REPRESENTATION_CONTEXT(2)
PARAMETRIC_REPRESENTATION_CONTEXT() REPRESENTATION_CONTEXT('2D SPACE',''
  ) );
#4605 = ORIENTED_EDGE('',*,*,#4606,.F.);
#4606 = EDGE_CURVE('',#4543,#4578,#4607,.T.);
#4607 = SEAM_CURVE('',#4608,(#4612,#4619),.PCURVE_S1.);
#4608 = LINE('',#4609,#4610);
#4609 = CARTESIAN_POINT('',(-175.7,-5.339460044282E-15,-159.8));
#4610 = VECTOR('',#4611,1.);
#4611 = DIRECTION('',(1.,0.,1.110223024625E-16));
#4612 = PCURVE('',#4559,#4613);
#4613 = DEFINITIONAL_REPRESENTATION('',(#4614),#4618);
#4614 = LINE('',#4615,#4616);
#4615 = CARTESIAN_POINT('',(6.28318530718,-0.));
#4616 = VECTOR('',#4617,1.);
#4617 = DIRECTION('',(0.,1.));
#4618 = ( GEOMETRIC_REPRESENTATION_CONTEXT(2)
PARAMETRIC_REPRESENTATION_CONTEXT() REPRESENTATION_CONTEXT('2D SPACE',''
  ) );
#4619 = PCURVE('',#4559,#4620);
#4620 = DEFINITIONAL_REPRESENTATION('',(#4621),#4625);
#4621 = LINE('',#4622,#4623);
#4622 = CARTESIAN_POINT('',(0.,-0.));
#4623 = VECTOR('',#4624,1.);
#4624 = DIRECTION('',(0.,1.));
#4625 = ( GEOMETRIC_REPRESENTATION_CONTEXT(2)
PARAMETRIC_REPRESENTATION_CONTEXT() REPRESENTATION_CONTEXT('2D SPACE',''
  ) );
#4626 = ORIENTED_EDGE('',*,*,#4542,.T.);
#4627 = ORIENTED_EDGE('',*,*,#4606,.T.);
#4628 = ADVANCED_FACE('',(#4629,#4632),#4594,.T.);
#4629 = FACE_BOUND('',#4630,.T.);
#4630 = EDGE_LOOP('',(#4631));
#4631 = ORIENTED_EDGE('',*,*,#4577,.T.);
#4632 = FACE_BOUND('',#4633,.T.);
#4633 = EDGE_LOOP('',(#4634));
#4634 = ORIENTED_EDGE('',*,*,#4635,.F.);
#4635 = EDGE_CURVE('',#4636,#4636,#4638,.T.);
#4636 = VERTEX_POINT('',#4637);
#4637 = CARTESIAN_POINT('',(-173.3,-4.898587196589E-15,-158.));
#4638 = SURFACE_CURVE('',#4639,(#4644,#4651),.PCURVE_S1.);
#4639 = CIRCLE('',#4640,20.);
#4640 = AXIS2_PLACEMENT_3D('',#4641,#4642,#4643);
#4641 = CARTESIAN_POINT('',(-173.3,0.,-138.));
#4642 = DIRECTION('',(1.,0.,1.110223024625E-16));
#4643 = DIRECTION('',(1.110223024625E-16,0.,-1.));
#4644 = PCURVE('',#4594,#4645);
#4645 = DEFINITIONAL_REPRESENTATION('',(#4646),#4650);
#4646 = CIRCLE('',#4647,20.);
#4647 = AXIS2_PLACEMENT_2D('',#4648,#4649);
#4648 = CARTESIAN_POINT('',(0.,0.));
#4649 = DIRECTION('',(1.,0.));
#4650 = ( GEOMETRIC_REPRESENTATION_CONTEXT(2)
PARAMETRIC_REPRESENTATION_CONTEXT() REPRESENTATION_CONTEXT('2D SPACE',''
  ) );
#4651 = PCURVE('',#4652,#4657);
#4652 = CYLINDRICAL_SURFACE('',#4653,20.);
#4653 = AXIS2_PLACEMENT_3D('',#4654,#4655,#4656);
#4654 = CARTESIAN_POINT('',(-208.5,0.,-138.));
#4655 = DIRECTION('',(1.,0.,1.110223024625E-16));
#4656 = DIRECTION('',(1.110223024625E-16,0.,-1.));
#4657 = DEFINITIONAL_REPRESENTATION('',(#4658),#4662);
#4658 = LINE('',#4659,#4660);
#4659 = CARTESIAN_POINT('',(0.,35.2));
#4660 = VECTOR('',#4661,1.);
#4661 = DIRECTION('',(1.,0.));
#4662 = ( GEOMETRIC_REPRESENTATION_CONTEXT(2)
PARAMETRIC_REPRESENTATION_CONTEXT() REPRESENTATION_CONTEXT('2D SPACE',''
  ) );
#4663 = ADVANCED_FACE('',(#4664),#4652,.T.);
#4664 = FACE_BOUND('',#4665,.T.);
#4665 = EDGE_LOOP('',(#4666,#4689,#4690,#4691));
#4666 = ORIENTED_EDGE('',*,*,#4667,.F.);
#4667 = EDGE_CURVE('',#4636,#4668,#4670,.T.);
#4668 = VERTEX_POINT('',#4669);
#4669 = CARTESIAN_POINT('',(-168.7,-4.898587196589E-15,-158.));
#4670 = SEAM_CURVE('',#4671,(#4675,#4682),.PCURVE_S1.);
#4671 = LINE('',#4672,#4673);
#4672 = CARTESIAN_POINT('',(-208.5,-4.898587196589E-15,-158.));
#4673 = VECTOR('',#4674,1.);
#4674 = DIRECTION('',(1.,0.,1.110223024625E-16));
#4675 = PCURVE('',#4652,#4676);
#4676 = DEFINITIONAL_REPRESENTATION('',(#4677),#4681);
#4677 = LINE('',#4678,#4679);
#4678 = CARTESIAN_POINT('',(0.,-0.));
#4679 = VECTOR('',#4680,1.);
#4680 = DIRECTION('',(0.,1.));
#4681 = ( GEOMETRIC_REPRESENTATION_CONTEXT(2)
PARAMETRIC_REPRESENTATION_CONTEXT() REPRESENTATION_CONTEXT('2D SPACE',''
  ) );
#4682 = PCURVE('',#4652,#4683);
#4683 = DEFINITIONAL_REPRESENTATION('',(#4684),#4688);
#4684 = LINE('',#4685,#4686);
#4685 = CARTESIAN_POINT('',(6.28318530718,-0.));
#4686 = VECTOR('',#4687,1.);
#4687 = DIRECTION('',(0.,1.));
#4688 = ( GEOMETRIC_REPRESENTATION_CONTEXT(2)
PARAMETRIC_REPRESENTATION_CONTEXT() REPRESENTATION_CONTEXT('2D SPACE',''
  ) );
#4689 = ORIENTED_EDGE('',*,*,#4635,.T.);
#4690 = ORIENTED_EDGE('',*,*,#4667,.T.);
#4691 = ORIENTED_EDGE('',*,*,#4692,.F.);
#4692 = EDGE_CURVE('',#4668,#4668,#4693,.T.);
#4693 = SURFACE_CURVE('',#4694,(#4699,#4706),.PCURVE_S1.);
#4694 = CIRCLE('',#4695,20.);
#4695 = AXIS2_PLACEMENT_3D('',#4696,#4697,#4698);
#4696 = CARTESIAN_POINT('',(-168.7,0.,-138.));
#4697 = DIRECTION('',(1.,0.,1.110223024625E-16));
#4698 = DIRECTION('',(1.110223024625E-16,0.,-1.));
#4699 = PCURVE('',#4652,#4700);
#4700 = DEFINITIONAL_REPRESENTATION('',(#4701),#4705);
#4701 = LINE('',#4702,#4703);
#4702 = CARTESIAN_POINT('',(0.,39.8));
#4703 = VECTOR('',#4704,1.);
#4704 = DIRECTION('',(1.,0.));
#4705 = ( GEOMETRIC_REPRESENTATION_CONTEXT(2)
PARAMETRIC_REPRESENTATION_CONTEXT() REPRESENTATION_CONTEXT('2D SPACE',''
  ) );
#4706 = PCURVE('',#4707,#4712);
#4707 = PLANE('',#4708);
#4708 = AXIS2_PLACEMENT_3D('',#4709,#4710,#4711);
#4709 = CARTESIAN_POINT('',(-168.7,0.,-138.));
#4710 = DIRECTION('',(1.,0.,1.110223024625E-16));
#4711 = DIRECTION('',(1.110223024625E-16,0.,-1.));
#4712 = DEFINITIONAL_REPRESENTATION('',(#4713),#4717);
#4713 = CIRCLE('',#4714,20.);
#4714 = AXIS2_PLACEMENT_2D('',#4715,#4716);
#4715 = CARTESIAN_POINT('',(0.,0.));
#4716 = DIRECTION('',(1.,0.));
#4717 = ( GEOMETRIC_REPRESENTATION_CONTEXT(2)
PARAMETRIC_REPRESENTATION_CONTEXT() REPRESENTATION_CONTEXT('2D SPACE',''
  ) );
#4718 = ADVANCED_FACE('',(#4719,#4750),#4707,.F.);
#4719 = FACE_BOUND('',#4720,.F.);
#4720 = EDGE_LOOP('',(#4721));
#4721 = ORIENTED_EDGE('',*,*,#4722,.T.);
#4722 = EDGE_CURVE('',#4723,#4723,#4725,.T.);
#4723 = VERTEX_POINT('',#4724);
#4724 = CARTESIAN_POINT('',(-168.7,-5.339460044282E-15,-159.8));
#4725 = SURFACE_CURVE('',#4726,(#4731,#4738),.PCURVE_S1.);
#4726 = CIRCLE('',#4727,21.8);
#4727 = AXIS2_PLACEMENT_3D('',#4728,#4729,#4730);
#4728 = CARTESIAN_POINT('',(-168.7,0.,-138.));
#4729 = DIRECTION('',(1.,-0.,1.110223024625E-16));
#4730 = DIRECTION('',(1.110223024625E-16,0.,-1.));
#4731 = PCURVE('',#4707,#4732);
#4732 = DEFINITIONAL_REPRESENTATION('',(#4733),#4737);
#4733 = CIRCLE('',#4734,21.8);
#4734 = AXIS2_PLACEMENT_2D('',#4735,#4736);
#4735 = CARTESIAN_POINT('',(0.,0.));
#4736 = DIRECTION('',(1.,0.));
#4737 = ( GEOMETRIC_REPRESENTATION_CONTEXT(2)
PARAMETRIC_REPRESENTATION_CONTEXT() REPRESENTATION_CONTEXT('2D SPACE',''
  ) );
#4738 = PCURVE('',#4739,#4744);
#4739 = CYLINDRICAL_SURFACE('',#4740,21.8);
#4740 = AXIS2_PLACEMENT_3D('',#4741,#4742,#4743);
#4741 = CARTESIAN_POINT('',(-168.7,0.,-138.));
#4742 = DIRECTION('',(1.,0.,1.110223024625E-16));
#4743 = DIRECTION('',(1.110223024625E-16,0.,-1.));
#4744 = DEFINITIONAL_REPRESENTATION('',(#4745),#4749);
#4745 = LINE('',#4746,#4747);
#4746 = CARTESIAN_POINT('',(0.,0.));
#4747 = VECTOR('',#4748,1.);
#4748 = DIRECTION('',(1.,0.));
#4749 = ( GEOMETRIC_REPRESENTATION_CONTEXT(2)
PARAMETRIC_REPRESENTATION_CONTEXT() REPRESENTATION_CONTEXT('2D SPACE',''
  ) );
#4750 = FACE_BOUND('',#4751,.F.);
#4751 = EDGE_LOOP('',(#4752));
#4752 = ORIENTED_EDGE('',*,*,#4692,.F.);
#4753 = ADVANCED_FACE('',(#4754),#4739,.T.);
#4754 = FACE_BOUND('',#4755,.T.);
#4755 = EDGE_LOOP('',(#4756,#4785,#4806,#4807));
#4756 = ORIENTED_EDGE('',*,*,#4757,.F.);
#4757 = EDGE_CURVE('',#4758,#4758,#4760,.T.);
#4758 = VERTEX_POINT('',#4759);
#4759 = CARTESIAN_POINT('',(-166.3,-5.339460044282E-15,-159.8));
#4760 = SURFACE_CURVE('',#4761,(#4766,#4773),.PCURVE_S1.);
#4761 = CIRCLE('',#4762,21.8);
#4762 = AXIS2_PLACEMENT_3D('',#4763,#4764,#4765);
#4763 = CARTESIAN_POINT('',(-166.3,0.,-138.));
#4764 = DIRECTION('',(1.,-0.,1.110223024625E-16));
#4765 = DIRECTION('',(1.110223024625E-16,0.,-1.));
#4766 = PCURVE('',#4739,#4767);
#4767 = DEFINITIONAL_REPRESENTATION('',(#4768),#4772);
#4768 = LINE('',#4769,#4770);
#4769 = CARTESIAN_POINT('',(0.,2.4));
#4770 = VECTOR('',#4771,1.);
#4771 = DIRECTION('',(1.,0.));
#4772 = ( GEOMETRIC_REPRESENTATION_CONTEXT(2)
PARAMETRIC_REPRESENTATION_CONTEXT() REPRESENTATION_CONTEXT('2D SPACE',''
  ) );
#4773 = PCURVE('',#4774,#4779);
#4774 = PLANE('',#4775);
#4775 = AXIS2_PLACEMENT_3D('',#4776,#4777,#4778);
#4776 = CARTESIAN_POINT('',(-166.3,0.,-138.));
#4777 = DIRECTION('',(1.,0.,1.110223024625E-16));
#4778 = DIRECTION('',(1.110223024625E-16,0.,-1.));
#4779 = DEFINITIONAL_REPRESENTATION('',(#4780),#4784);
#4780 = CIRCLE('',#4781,21.8);
#4781 = AXIS2_PLACEMENT_2D('',#4782,#4783);
#4782 = CARTESIAN_POINT('',(0.,0.));
#4783 = DIRECTION('',(1.,0.));
#4784 = ( GEOMETRIC_REPRESENTATION_CONTEXT(2)
PARAMETRIC_REPRESENTATION_CONTEXT() REPRESENTATION_CONTEXT('2D SPACE',''
  ) );
#4785 = ORIENTED_EDGE('',*,*,#4786,.F.);
#4786 = EDGE_CURVE('',#4723,#4758,#4787,.T.);
#4787 = SEAM_CURVE('',#4788,(#4792,#4799),.PCURVE_S1.);
#4788 = LINE('',#4789,#4790);
#4789 = CARTESIAN_POINT('',(-168.7,-5.339460044282E-15,-159.8));
#4790 = VECTOR('',#4791,1.);
#4791 = DIRECTION('',(1.,0.,1.110223024625E-16));
#4792 = PCURVE('',#4739,#4793);
#4793 = DEFINITIONAL_REPRESENTATION('',(#4794),#4798);
#4794 = LINE('',#4795,#4796);
#4795 = CARTESIAN_POINT('',(6.28318530718,-0.));
#4796 = VECTOR('',#4797,1.);
#4797 = DIRECTION('',(0.,1.));
#4798 = ( GEOMETRIC_REPRESENTATION_CONTEXT(2)
PARAMETRIC_REPRESENTATION_CONTEXT() REPRESENTATION_CONTEXT('2D SPACE',''
  ) );
#4799 = PCURVE('',#4739,#4800);
#4800 = DEFINITIONAL_REPRESENTATION('',(#4801),#4805);
#4801 = LINE('',#4802,#4803);
#4802 = CARTESIAN_POINT('',(0.,-0.));
#4803 = VECTOR('',#4804,1.);
#4804 = DIRECTION('',(0.,1.));
#4805 = ( GEOMETRIC_REPRESENTATION_CONTEXT(2)
PARAMETRIC_REPRESENTATION_CONTEXT() REPRESENTATION_CONTEXT('2D SPACE',''
  ) );
#4806 = ORIENTED_EDGE('',*,*,#4722,.T.);
#4807 = ORIENTED_EDGE('',*,*,#4786,.T.);
#4808 = ADVANCED_FACE('',(#4809,#4812),#4774,.T.);
#4809 = FACE_BOUND('',#4810,.T.);
#4810 = EDGE_LOOP('',(#4811));
#4811 = ORIENTED_EDGE('',*,*,#4757,.T.);
#4812 = FACE_BOUND('',#4813,.T.);
#4813 = EDGE_LOOP('',(#4814));
#4814 = ORIENTED_EDGE('',*,*,#4815,.F.);
#4815 = EDGE_CURVE('',#4816,#4816,#4818,.T.);
#4816 = VERTEX_POINT('',#4817);
#4817 = CARTESIAN_POINT('',(-166.3,-4.898587196589E-15,-158.));
#4818 = SURFACE_CURVE('',#4819,(#4824,#4831),.PCURVE_S1.);
#4819 = CIRCLE('',#4820,20.);
#4820 = AXIS2_PLACEMENT_3D('',#4821,#4822,#4823);
#4821 = CARTESIAN_POINT('',(-166.3,0.,-138.));
#4822 = DIRECTION('',(1.,0.,1.110223024625E-16));
#4823 = DIRECTION('',(1.110223024625E-16,0.,-1.));
#4824 = PCURVE('',#4774,#4825);
#4825 = DEFINITIONAL_REPRESENTATION('',(#4826),#4830);
#4826 = CIRCLE('',#4827,20.);
#4827 = AXIS2_PLACEMENT_2D('',#4828,#4829);
#4828 = CARTESIAN_POINT('',(0.,0.));
#4829 = DIRECTION('',(1.,0.));
#4830 = ( GEOMETRIC_REPRESENTATION_CONTEXT(2)
PARAMETRIC_REPRESENTATION_CONTEXT() REPRESENTATION_CONTEXT('2D SPACE',''
  ) );
#4831 = PCURVE('',#4832,#4837);
#4832 = CYLINDRICAL_SURFACE('',#4833,20.);
#4833 = AXIS2_PLACEMENT_3D('',#4834,#4835,#4836);
#4834 = CARTESIAN_POINT('',(-208.5,0.,-138.));
#4835 = DIRECTION('',(1.,0.,1.110223024625E-16));
#4836 = DIRECTION('',(1.110223024625E-16,0.,-1.));
#4837 = DEFINITIONAL_REPRESENTATION('',(#4838),#4842);
#4838 = LINE('',#4839,#4840);
#4839 = CARTESIAN_POINT('',(0.,42.2));
#4840 = VECTOR('',#4841,1.);
#4841 = DIRECTION('',(1.,0.));
#4842 = ( GEOMETRIC_REPRESENTATION_CONTEXT(2)
PARAMETRIC_REPRESENTATION_CONTEXT() REPRESENTATION_CONTEXT('2D SPACE',''
  ) );
#4843 = ADVANCED_FACE('',(#4844),#4832,.T.);
#4844 = FACE_BOUND('',#4845,.T.);
#4845 = EDGE_LOOP('',(#4846,#4869,#4870,#4871));
#4846 = ORIENTED_EDGE('',*,*,#4847,.F.);
#4847 = EDGE_CURVE('',#4816,#4848,#4850,.T.);
#4848 = VERTEX_POINT('',#4849);
#4849 = CARTESIAN_POINT('',(-161.7,-4.898587196589E-15,-158.));
#4850 = SEAM_CURVE('',#4851,(#4855,#4862),.PCURVE_S1.);
#4851 = LINE('',#4852,#4853);
#4852 = CARTESIAN_POINT('',(-208.5,-4.898587196589E-15,-158.));
#4853 = VECTOR('',#4854,1.);
#4854 = DIRECTION('',(1.,0.,1.110223024625E-16));
#4855 = PCURVE('',#4832,#4856);
#4856 = DEFINITIONAL_REPRESENTATION('',(#4857),#4861);
#4857 = LINE('',#4858,#4859);
#4858 = CARTESIAN_POINT('',(0.,-0.));
#4859 = VECTOR('',#4860,1.);
#4860 = DIRECTION('',(0.,1.));
#4861 = ( GEOMETRIC_REPRESENTATION_CONTEXT(2)
PARAMETRIC_REPRESENTATION_CONTEXT() REPRESENTATION_CONTEXT('2D SPACE',''
  ) );
#4862 = PCURVE('',#4832,#4863);
#4863 = DEFINITIONAL_REPRESENTATION('',(#4864),#4868);
#4864 = LINE('',#4865,#4866);
#4865 = CARTESIAN_POINT('',(6.28318530718,-0.));
#4866 = VECTOR('',#4867,1.);
#4867 = DIRECTION('',(0.,1.));
#4868 = ( GEOMETRIC_REPRESENTATION_CONTEXT(2)
PARAMETRIC_REPRESENTATION_CONTEXT() REPRESENTATION_CONTEXT('2D SPACE',''
  ) );
#4869 = ORIENTED_EDGE('',*,*,#4815,.T.);
#4870 = ORIENTED_EDGE('',*,*,#4847,.T.);
#4871 = ORIENTED_EDGE('',*,*,#4872,.F.);
#4872 = EDGE_CURVE('',#4848,#4848,#4873,.T.);
#4873 = SURFACE_CURVE('',#4874,(#4879,#4886),.PCURVE_S1.);
#4874 = CIRCLE('',#4875,20.);
#4875 = AXIS2_PLACEMENT_3D('',#4876,#4877,#4878);
#4876 = CARTESIAN_POINT('',(-161.7,0.,-138.));
#4877 = DIRECTION('',(1.,0.,1.110223024625E-16));
#4878 = DIRECTION('',(1.110223024625E-16,0.,-1.));
#4879 = PCURVE('',#4832,#4880);
#4880 = DEFINITIONAL_REPRESENTATION('',(#4881),#4885);
#4881 = LINE('',#4882,#4883);
#4882 = CARTESIAN_POINT('',(0.,46.8));
#4883 = VECTOR('',#4884,1.);
#4884 = DIRECTION('',(1.,0.));
#4885 = ( GEOMETRIC_REPRESENTATION_CONTEXT(2)
PARAMETRIC_REPRESENTATION_CONTEXT() REPRESENTATION_CONTEXT('2D SPACE',''
  ) );
#4886 = PCURVE('',#4887,#4892);
#4887 = PLANE('',#4888);
#4888 = AXIS2_PLACEMENT_3D('',#4889,#4890,#4891);
#4889 = CARTESIAN_POINT('',(-161.7,0.,-138.));
#4890 = DIRECTION('',(1.,0.,1.110223024625E-16));
#4891 = DIRECTION('',(1.110223024625E-16,0.,-1.));
#4892 = DEFINITIONAL_REPRESENTATION('',(#4893),#4897);
#4893 = CIRCLE('',#4894,20.);
#4894 = AXIS2_PLACEMENT_2D('',#4895,#4896);
#4895 = CARTESIAN_POINT('',(0.,0.));
#4896 = DIRECTION('',(1.,0.));
#4897 = ( GEOMETRIC_REPRESENTATION_CONTEXT(2)
PARAMETRIC_REPRESENTATION_CONTEXT() REPRESENTATION_CONTEXT('2D SPACE',''
  ) );
#4898 = ADVANCED_FACE('',(#4899,#4930),#4887,.F.);
#4899 = FACE_BOUND('',#4900,.F.);
#4900 = EDGE_LOOP('',(#4901));
#4901 = ORIENTED_EDGE('',*,*,#4902,.T.);
#4902 = EDGE_CURVE('',#4903,#4903,#4905,.T.);
#4903 = VERTEX_POINT('',#4904);
#4904 = CARTESIAN_POINT('',(-161.7,-5.339460044282E-15,-159.8));
#4905 = SURFACE_CURVE('',#4906,(#4911,#4918),.PCURVE_S1.);
#4906 = CIRCLE('',#4907,21.8);
#4907 = AXIS2_PLACEMENT_3D('',#4908,#4909,#4910);
#4908 = CARTESIAN_POINT('',(-161.7,0.,-138.));
#4909 = DIRECTION('',(1.,-0.,1.110223024625E-16));
#4910 = DIRECTION('',(1.110223024625E-16,0.,-1.));
#4911 = PCURVE('',#4887,#4912);
#4912 = DEFINITIONAL_REPRESENTATION('',(#4913),#4917);
#4913 = CIRCLE('',#4914,21.8);
#4914 = AXIS2_PLACEMENT_2D('',#4915,#4916);
#4915 = CARTESIAN_POINT('',(0.,0.));
#4916 = DIRECTION('',(1.,0.));
#4917 = ( GEOMETRIC_REPRESENTATION_CONTEXT(2)
PARAMETRIC_REPRESENTATION_CONTEXT() REPRESENTATION_CONTEXT('2D SPACE',''
  ) );
#4918 = PCURVE('',#4919,#4924);
#4919 = CYLINDRICAL_SURFACE('',#4920,21.8);
#4920 = AXIS2_PLACEMENT_3D('',#4921,#4922,#4923);
#4921 = CARTESIAN_POINT('',(-161.7,0.,-138.));
#4922 = DIRECTION('',(1.,0.,1.110223024625E-16));
#4923 = DIRECTION('',(1.110223024625E-16,0.,-1.));
#4924 = DEFINITIONAL_REPRESENTATION('',(#4925),#4929);
#4925 = LINE('',#4926,#4927);
#4926 = CARTESIAN_POINT('',(0.,0.));
#4927 = VECTOR('',#4928,1.);
#4928 = DIRECTION('',(1.,0.));
#4929 = ( GEOMETRIC_REPRESENTATION_CONTEXT(2)
PARAMETRIC_REPRESENTATION_CONTEXT() REPRESENTATION_CONTEXT('2D SPACE',''
  ) );
#4930 = FACE_BOUND('',#4931,.F.);
#4931 = EDGE_LOOP('',(#4932));
#4932 = ORIENTED_EDGE('',*,*,#4872,.F.);
#4933 = ADVANCED_FACE('',(#4934),#4919,.T.);
#4934 = FACE_BOUND('',#4935,.T.);
#4935 = EDGE_LOOP('',(#4936,#4965,#4986,#4987));
#4936 = ORIENTED_EDGE('',*,*,#4937,.F.);
#4937 = EDGE_CURVE('',#4938,#4938,#4940,.T.);
#4938 = VERTEX_POINT('',#4939);
#4939 = CARTESIAN_POINT('',(-159.3,-5.339460044282E-15,-159.8));
#4940 = SURFACE_CURVE('',#4941,(#4946,#4953),.PCURVE_S1.);
#4941 = CIRCLE('',#4942,21.8);
#4942 = AXIS2_PLACEMENT_3D('',#4943,#4944,#4945);
#4943 = CARTESIAN_POINT('',(-159.3,0.,-138.));
#4944 = DIRECTION('',(1.,-0.,1.110223024625E-16));
#4945 = DIRECTION('',(1.110223024625E-16,0.,-1.));
#4946 = PCURVE('',#4919,#4947);
#4947 = DEFINITIONAL_REPRESENTATION('',(#4948),#4952);
#4948 = LINE('',#4949,#4950);
#4949 = CARTESIAN_POINT('',(0.,2.4));
#4950 = VECTOR('',#4951,1.);
#4951 = DIRECTION('',(1.,0.));
#4952 = ( GEOMETRIC_REPRESENTATION_CONTEXT(2)
PARAMETRIC_REPRESENTATION_CONTEXT() REPRESENTATION_CONTEXT('2D SPACE',''
  ) );
#4953 = PCURVE('',#4954,#4959);
#4954 = PLANE('',#4955);
#4955 = AXIS2_PLACEMENT_3D('',#4956,#4957,#4958);
#4956 = CARTESIAN_POINT('',(-159.3,0.,-138.));
#4957 = DIRECTION('',(1.,0.,1.110223024625E-16));
#4958 = DIRECTION('',(1.110223024625E-16,0.,-1.));
#4959 = DEFINITIONAL_REPRESENTATION('',(#4960),#4964);
#4960 = CIRCLE('',#4961,21.8);
#4961 = AXIS2_PLACEMENT_2D('',#4962,#4963);
#4962 = CARTESIAN_POINT('',(0.,0.));
#4963 = DIRECTION('',(1.,0.));
#4964 = ( GEOMETRIC_REPRESENTATION_CONTEXT(2)
PARAMETRIC_REPRESENTATION_CONTEXT() REPRESENTATION_CONTEXT('2D SPACE',''
  ) );
#4965 = ORIENTED_EDGE('',*,*,#4966,.F.);
#4966 = EDGE_CURVE('',#4903,#4938,#4967,.T.);
#4967 = SEAM_CURVE('',#4968,(#4972,#4979),.PCURVE_S1.);
#4968 = LINE('',#4969,#4970);
#4969 = CARTESIAN_POINT('',(-161.7,-5.339460044282E-15,-159.8));
#4970 = VECTOR('',#4971,1.);
#4971 = DIRECTION('',(1.,0.,1.110223024625E-16));
#4972 = PCURVE('',#4919,#4973);
#4973 = DEFINITIONAL_REPRESENTATION('',(#4974),#4978);
#4974 = LINE('',#4975,#4976);
#4975 = CARTESIAN_POINT('',(6.28318530718,-0.));
#4976 = VECTOR('',#4977,1.);
#4977 = DIRECTION('',(0.,1.));
#4978 = ( GEOMETRIC_REPRESENTATION_CONTEXT(2)
PARAMETRIC_REPRESENTATION_CONTEXT() REPRESENTATION_CONTEXT('2D SPACE',''
  ) );
#4979 = PCURVE('',#4919,#4980);
#4980 = DEFINITIONAL_REPRESENTATION('',(#4981),#4985);
#4981 = LINE('',#4982,#4983);
#4982 = CARTESIAN_POINT('',(0.,-0.));
#4983 = VECTOR('',#4984,1.);
#4984 = DIRECTION('',(0.,1.));
#4985 = ( GEOMETRIC_REPRESENTATION_CONTEXT(2)
PARAMETRIC_REPRESENTATION_CONTEXT() REPRESENTATION_CONTEXT('2D SPACE',''
  ) );
#4986 = ORIENTED_EDGE('',*,*,#4902,.T.);
#4987 = ORIENTED_EDGE('',*,*,#4966,.T.);
#4988 = ADVANCED_FACE('',(#4989,#4992),#4954,.T.);
#4989 = FACE_BOUND('',#4990,.T.);
#4990 = EDGE_LOOP('',(#4991));
#4991 = ORIENTED_EDGE('',*,*,#4937,.T.);
#4992 = FACE_BOUND('',#4993,.T.);
#4993 = EDGE_LOOP('',(#4994));
#4994 = ORIENTED_EDGE('',*,*,#4995,.F.);
#4995 = EDGE_CURVE('',#4996,#4996,#4998,.T.);
#4996 = VERTEX_POINT('',#4997);
#4997 = CARTESIAN_POINT('',(-159.3,-4.898587196589E-15,-158.));
#4998 = SURFACE_CURVE('',#4999,(#5004,#5011),.PCURVE_S1.);
#4999 = CIRCLE('',#5000,20.);
#5000 = AXIS2_PLACEMENT_3D('',#5001,#5002,#5003);
#5001 = CARTESIAN_POINT('',(-159.3,0.,-138.));
#5002 = DIRECTION('',(1.,0.,1.110223024625E-16));
#5003 = DIRECTION('',(1.110223024625E-16,0.,-1.));
#5004 = PCURVE('',#4954,#5005);
#5005 = DEFINITIONAL_REPRESENTATION('',(#5006),#5010);
#5006 = CIRCLE('',#5007,20.);
#5007 = AXIS2_PLACEMENT_2D('',#5008,#5009);
#5008 = CARTESIAN_POINT('',(0.,0.));
#5009 = DIRECTION('',(1.,0.));
#5010 = ( GEOMETRIC_REPRESENTATION_CONTEXT(2)
PARAMETRIC_REPRESENTATION_CONTEXT() REPRESENTATION_CONTEXT('2D SPACE',''
  ) );
#5011 = PCURVE('',#5012,#5017);
#5012 = CYLINDRICAL_SURFACE('',#5013,20.);
#5013 = AXIS2_PLACEMENT_3D('',#5014,#5015,#5016);
#5014 = CARTESIAN_POINT('',(-208.5,0.,-138.));
#5015 = DIRECTION('',(1.,0.,1.110223024625E-16));
#5016 = DIRECTION('',(1.110223024625E-16,0.,-1.));
#5017 = DEFINITIONAL_REPRESENTATION('',(#5018),#5022);
#5018 = LINE('',#5019,#5020);
#5019 = CARTESIAN_POINT('',(0.,49.2));
#5020 = VECTOR('',#5021,1.);
#5021 = DIRECTION('',(1.,0.));
#5022 = ( GEOMETRIC_REPRESENTATION_CONTEXT(2)
PARAMETRIC_REPRESENTATION_CONTEXT() REPRESENTATION_CONTEXT('2D SPACE',''
  ) );
#5023 = ADVANCED_FACE('',(#5024),#5012,.T.);
#5024 = FACE_BOUND('',#5025,.T.);
#5025 = EDGE_LOOP('',(#5026,#5027,#5050,#5077));
#5026 = ORIENTED_EDGE('',*,*,#4995,.T.);
#5027 = ORIENTED_EDGE('',*,*,#5028,.T.);
#5028 = EDGE_CURVE('',#4996,#5029,#5031,.T.);
#5029 = VERTEX_POINT('',#5030);
#5030 = CARTESIAN_POINT('',(-146.5,-4.898587196589E-15,-158.));
#5031 = SEAM_CURVE('',#5032,(#5036,#5043),.PCURVE_S1.);
#5032 = LINE('',#5033,#5034);
#5033 = CARTESIAN_POINT('',(-208.5,-4.898587196589E-15,-158.));
#5034 = VECTOR('',#5035,1.);
#5035 = DIRECTION('',(1.,0.,1.110223024625E-16));
#5036 = PCURVE('',#5012,#5037);
#5037 = DEFINITIONAL_REPRESENTATION('',(#5038),#5042);
#5038 = LINE('',#5039,#5040);
#5039 = CARTESIAN_POINT('',(0.,-0.));
#5040 = VECTOR('',#5041,1.);
#5041 = DIRECTION('',(0.,1.));
#5042 = ( GEOMETRIC_REPRESENTATION_CONTEXT(2)
PARAMETRIC_REPRESENTATION_CONTEXT() REPRESENTATION_CONTEXT('2D SPACE',''
  ) );
#5043 = PCURVE('',#5012,#5044);
#5044 = DEFINITIONAL_REPRESENTATION('',(#5045),#5049);
#5045 = LINE('',#5046,#5047);
#5046 = CARTESIAN_POINT('',(6.28318530718,-0.));
#5047 = VECTOR('',#5048,1.);
#5048 = DIRECTION('',(0.,1.));
#5049 = ( GEOMETRIC_REPRESENTATION_CONTEXT(2)
PARAMETRIC_REPRESENTATION_CONTEXT() REPRESENTATION_CONTEXT('2D SPACE',''
  ) );
#5050 = ORIENTED_EDGE('',*,*,#5051,.F.);
#5051 = EDGE_CURVE('',#5029,#5029,#5052,.T.);
#5052 = SURFACE_CURVE('',#5053,(#5058,#5065),.PCURVE_S1.);
#5053 = CIRCLE('',#5054,20.);
#5054 = AXIS2_PLACEMENT_3D('',#5055,#5056,#5057);
#5055 = CARTESIAN_POINT('',(-146.5,0.,-138.));
#5056 = DIRECTION('',(1.,-0.,1.110223024625E-16));
#5057 = DIRECTION('',(1.110223024625E-16,0.,-1.));
#5058 = PCURVE('',#5012,#5059);
#5059 = DEFINITIONAL_REPRESENTATION('',(#5060),#5064);
#5060 = LINE('',#5061,#5062);
#5061 = CARTESIAN_POINT('',(0.,62.));
#5062 = VECTOR('',#5063,1.);
#5063 = DIRECTION('',(1.,0.));
#5064 = ( GEOMETRIC_REPRESENTATION_CONTEXT(2)
PARAMETRIC_REPRESENTATION_CONTEXT() REPRESENTATION_CONTEXT('2D SPACE',''
  ) );
#5065 = PCURVE('',#5066,#5071);
#5066 = PLANE('',#5067);
#5067 = AXIS2_PLACEMENT_3D('',#5068,#5069,#5070);
#5068 = CARTESIAN_POINT('',(-146.5,0.,-138.));
#5069 = DIRECTION('',(1.,0.,1.110223024625E-16));
#5070 = DIRECTION('',(1.110223024625E-16,0.,-1.));
#5071 = DEFINITIONAL_REPRESENTATION('',(#5072),#5076);
#5072 = CIRCLE('',#5073,20.);
#5073 = AXIS2_PLACEMENT_2D('',#5074,#5075);
#5074 = CARTESIAN_POINT('',(0.,0.));
#5075 = DIRECTION('',(1.,0.));
#5076 = ( GEOMETRIC_REPRESENTATION_CONTEXT(2)
PARAMETRIC_REPRESENTATION_CONTEXT() REPRESENTATION_CONTEXT('2D SPACE',''
  ) );
#5077 = ORIENTED_EDGE('',*,*,#5028,.F.);
#5078 = ADVANCED_FACE('',(#5079),#5066,.T.);
#5079 = FACE_BOUND('',#5080,.T.);
#5080 = EDGE_LOOP('',(#5081));
#5081 = ORIENTED_EDGE('',*,*,#5051,.T.);
#5082 = ( GEOMETRIC_REPRESENTATION_CONTEXT(3)
GLOBAL_UNCERTAINTY_ASSIGNED_CONTEXT((#5086))
GLOBAL_UNIT_ASSIGNED_CONTEXT((#5083,#5084,#5085)) REPRESENTATION_CONTEXT
('Context #1','3D Context with UNIT and UNCERTAINTY') );
#5083 = ( LENGTH_UNIT() NAMED_UNIT(*) SI_UNIT(.MILLI.,.METRE.) );
#5084 = ( NAMED_UNIT(*) PLANE_ANGLE_UNIT() SI_UNIT($,.RADIAN.) );
#5085 = ( NAMED_UNIT(*) SI_UNIT($,.STERADIAN.) SOLID_ANGLE_UNIT() );
#5086 = UNCERTAINTY_MEASURE_WITH_UNIT(LENGTH_MEASURE(1.E-07),#5083,
  'distance_accuracy_value','confusion accuracy');
#5087 = CONTEXT_DEPENDENT_SHAPE_REPRESENTATION(#5088,#5090);
#5088 = ( REPRESENTATION_RELATIONSHIP('','',#3813,#10)
REPRESENTATION_RELATIONSHIP_WITH_TRANSFORMATION(#5089)
SHAPE_REPRESENTATION_RELATIONSHIP() );
#5089 = ITEM_DEFINED_TRANSFORMATION('','',#11,#27);
#5090 = PRODUCT_DEFINITION_SHAPE('Placement','Placement of an item',
  #5091);
#5091 = NEXT_ASSEMBLY_USAGE_OCCURRENCE('8','hps_bulb_base','',#5,#3808,$
  );
#5092 = PRODUCT_RELATED_PRODUCT_CATEGORY('part',$,(#3810));
#5093 = SHAPE_DEFINITION_REPRESENTATION(#5094,#5100);
#5094 = PRODUCT_DEFINITION_SHAPE('','',#5095);
#5095 = PRODUCT_DEFINITION('design','',#5096,#5099);
#5096 = PRODUCT_DEFINITION_FORMATION('','',#5097);
#5097 = PRODUCT('hps_bulb_glass','hps_bulb_glass','',(#5098));
#5098 = PRODUCT_CONTEXT('',#2,'mechanical');
#5099 = PRODUCT_DEFINITION_CONTEXT('part definition',#2,'design');
#5100 = ADVANCED_BREP_SHAPE_REPRESENTATION('',(#11,#5101),#5247);
#5101 = MANIFOLD_SOLID_BREP('',#5102);
#5102 = CLOSED_SHELL('',(#5103,#5237,#5242));
#5103 = ADVANCED_FACE('',(#5104),#5119,.T.);
#5104 = FACE_BOUND('',#5105,.T.);
#5105 = EDGE_LOOP('',(#5106,#5142,#5165,#5193,#5214,#5215));
#5106 = ORIENTED_EDGE('',*,*,#5107,.T.);
#5107 = EDGE_CURVE('',#5108,#5110,#5112,.T.);
#5108 = VERTEX_POINT('',#5109);
#5109 = CARTESIAN_POINT('',(-152.5,-3.749399456655E-31,-113.));
#5110 = VERTEX_POINT('',#5111);
#5111 = CARTESIAN_POINT('',(-152.5,-3.061616997868E-15,-163.));
#5112 = SURFACE_CURVE('',#5113,(#5118,#5130),.PCURVE_S1.);
#5113 = CIRCLE('',#5114,25.);
#5114 = AXIS2_PLACEMENT_3D('',#5115,#5116,#5117);
#5115 = CARTESIAN_POINT('',(-152.5,0.,-138.));
#5116 = DIRECTION('',(1.,-0.,1.110223024625E-16));
#5117 = DIRECTION('',(1.110223024625E-16,0.,-1.));
#5118 = PCURVE('',#5119,#5124);
#5119 = CYLINDRICAL_SURFACE('',#5120,25.);
#5120 = AXIS2_PLACEMENT_3D('',#5121,#5122,#5123);
#5121 = CARTESIAN_POINT('',(-152.5,0.,-138.));
#5122 = DIRECTION('',(1.,0.,1.110223024625E-16));
#5123 = DIRECTION('',(1.110223024625E-16,0.,-1.));
#5124 = DEFINITIONAL_REPRESENTATION('',(#5125),#5129);
#5125 = LINE('',#5126,#5127);
#5126 = CARTESIAN_POINT('',(0.,0.));
#5127 = VECTOR('',#5128,1.);
#5128 = DIRECTION('',(1.,0.));
#5129 = ( GEOMETRIC_REPRESENTATION_CONTEXT(2)
PARAMETRIC_REPRESENTATION_CONTEXT() REPRESENTATION_CONTEXT('2D SPACE',''
  ) );
#5130 = PCURVE('',#5131,#5136);
#5131 = SPHERICAL_SURFACE('',#5132,25.);
#5132 = AXIS2_PLACEMENT_3D('',#5133,#5134,#5135);
#5133 = CARTESIAN_POINT('',(-152.5,0.,-138.));
#5134 = DIRECTION('',(0.,0.,1.));
#5135 = DIRECTION('',(1.,0.,0.));
#5136 = DEFINITIONAL_REPRESENTATION('',(#5137),#5141);
#5137 = LINE('',#5138,#5139);
#5138 = CARTESIAN_POINT('',(4.712388980385,4.712388980385));
#5139 = VECTOR('',#5140,1.);
#5140 = DIRECTION('',(0.,-1.));
#5141 = ( GEOMETRIC_REPRESENTATION_CONTEXT(2)
PARAMETRIC_REPRESENTATION_CONTEXT() REPRESENTATION_CONTEXT('2D SPACE',''
  ) );
#5142 = ORIENTED_EDGE('',*,*,#5143,.T.);
#5143 = EDGE_CURVE('',#5110,#5144,#5146,.T.);
#5144 = VERTEX_POINT('',#5145);
#5145 = CARTESIAN_POINT('',(92.5,-3.061616997868E-15,-163.));
#5146 = SEAM_CURVE('',#5147,(#5151,#5158),.PCURVE_S1.);
#5147 = LINE('',#5148,#5149);
#5148 = CARTESIAN_POINT('',(-152.5,-6.123233995737E-15,-163.));
#5149 = VECTOR('',#5150,1.);
#5150 = DIRECTION('',(1.,0.,1.110223024625E-16));
#5151 = PCURVE('',#5119,#5152);
#5152 = DEFINITIONAL_REPRESENTATION('',(#5153),#5157);
#5153 = LINE('',#5154,#5155);
#5154 = CARTESIAN_POINT('',(0.,-0.));
#5155 = VECTOR('',#5156,1.);
#5156 = DIRECTION('',(0.,1.));
#5157 = ( GEOMETRIC_REPRESENTATION_CONTEXT(2)
PARAMETRIC_REPRESENTATION_CONTEXT() REPRESENTATION_CONTEXT('2D SPACE',''
  ) );
#5158 = PCURVE('',#5119,#5159);
#5159 = DEFINITIONAL_REPRESENTATION('',(#5160),#5164);
#5160 = LINE('',#5161,#5162);
#5161 = CARTESIAN_POINT('',(6.28318530718,-0.));
#5162 = VECTOR('',#5163,1.);
#5163 = DIRECTION('',(0.,1.));
#5164 = ( GEOMETRIC_REPRESENTATION_CONTEXT(2)
PARAMETRIC_REPRESENTATION_CONTEXT() REPRESENTATION_CONTEXT('2D SPACE',''
  ) );
#5165 = ORIENTED_EDGE('',*,*,#5166,.F.);
#5166 = EDGE_CURVE('',#5167,#5144,#5169,.T.);
#5167 = VERTEX_POINT('',#5168);
#5168 = CARTESIAN_POINT('',(92.5,-3.749399456655E-31,-113.));
#5169 = SURFACE_CURVE('',#5170,(#5175,#5182),.PCURVE_S1.);
#5170 = CIRCLE('',#5171,25.);
#5171 = AXIS2_PLACEMENT_3D('',#5172,#5173,#5174);
#5172 = CARTESIAN_POINT('',(92.5,0.,-138.));
#5173 = DIRECTION('',(1.,-0.,1.110223024625E-16));
#5174 = DIRECTION('',(1.110223024625E-16,0.,-1.));
#5175 = PCURVE('',#5119,#5176);
#5176 = DEFINITIONAL_REPRESENTATION('',(#5177),#5181);
#5177 = LINE('',#5178,#5179);
#5178 = CARTESIAN_POINT('',(0.,245.));
#5179 = VECTOR('',#5180,1.);
#5180 = DIRECTION('',(1.,0.));
#5181 = ( GEOMETRIC_REPRESENTATION_CONTEXT(2)
PARAMETRIC_REPRESENTATION_CONTEXT() REPRESENTATION_CONTEXT('2D SPACE',''
  ) );
#5182 = PCURVE('',#5183,#5188);
#5183 = SPHERICAL_SURFACE('',#5184,25.);
#5184 = AXIS2_PLACEMENT_3D('',#5185,#5186,#5187);
#5185 = CARTESIAN_POINT('',(92.5,0.,-138.));
#5186 = DIRECTION('',(0.,0.,1.));
#5187 = DIRECTION('',(1.,0.,0.));
#5188 = DEFINITIONAL_REPRESENTATION('',(#5189),#5192);
#5189 = B_SPLINE_CURVE_WITH_KNOTS('',1,(#5190,#5191),.UNSPECIFIED.,.F.,
  .F.,(2,2),(3.14159265359,6.28318530718),.PIECEWISE_BEZIER_KNOTS.);
#5190 = CARTESIAN_POINT('',(4.712388980385,1.570796326795));
#5191 = CARTESIAN_POINT('',(4.712388980385,-1.570796326795));
#5192 = ( GEOMETRIC_REPRESENTATION_CONTEXT(2)
PARAMETRIC_REPRESENTATION_CONTEXT() REPRESENTATION_CONTEXT('2D SPACE',''
  ) );
#5193 = ORIENTED_EDGE('',*,*,#5194,.F.);
#5194 = EDGE_CURVE('',#5144,#5167,#5195,.T.);
#5195 = SURFACE_CURVE('',#5196,(#5201,#5208),.PCURVE_S1.);
#5196 = CIRCLE('',#5197,25.);
#5197 = AXIS2_PLACEMENT_3D('',#5198,#5199,#5200);
#5198 = CARTESIAN_POINT('',(92.5,0.,-138.));
#5199 = DIRECTION('',(1.,-0.,1.110223024625E-16));
#5200 = DIRECTION('',(1.110223024625E-16,0.,-1.));
#5201 = PCURVE('',#5119,#5202);
#5202 = DEFINITIONAL_REPRESENTATION('',(#5203),#5207);
#5203 = LINE('',#5204,#5205);
#5204 = CARTESIAN_POINT('',(0.,245.));
#5205 = VECTOR('',#5206,1.);
#5206 = DIRECTION('',(1.,0.));
#5207 = ( GEOMETRIC_REPRESENTATION_CONTEXT(2)
PARAMETRIC_REPRESENTATION_CONTEXT() REPRESENTATION_CONTEXT('2D SPACE',''
  ) );
#5208 = PCURVE('',#5183,#5209);
#5209 = DEFINITIONAL_REPRESENTATION('',(#5210),#5213);
#5210 = B_SPLINE_CURVE_WITH_KNOTS('',1,(#5211,#5212),.UNSPECIFIED.,.F.,
  .F.,(2,2),(0.,3.14159265359),.PIECEWISE_BEZIER_KNOTS.);
#5211 = CARTESIAN_POINT('',(7.853981633974,-1.570796326795));
#5212 = CARTESIAN_POINT('',(7.853981633974,1.570796326795));
#5213 = ( GEOMETRIC_REPRESENTATION_CONTEXT(2)
PARAMETRIC_REPRESENTATION_CONTEXT() REPRESENTATION_CONTEXT('2D SPACE',''
  ) );
#5214 = ORIENTED_EDGE('',*,*,#5143,.F.);
#5215 = ORIENTED_EDGE('',*,*,#5216,.T.);
#5216 = EDGE_CURVE('',#5110,#5108,#5217,.T.);
#5217 = SURFACE_CURVE('',#5218,(#5223,#5230),.PCURVE_S1.);
#5218 = CIRCLE('',#5219,25.);
#5219 = AXIS2_PLACEMENT_3D('',#5220,#5221,#5222);
#5220 = CARTESIAN_POINT('',(-152.5,0.,-138.));
#5221 = DIRECTION('',(1.,-0.,1.110223024625E-16));
#5222 = DIRECTION('',(1.110223024625E-16,0.,-1.));
#5223 = PCURVE('',#5119,#5224);
#5224 = DEFINITIONAL_REPRESENTATION('',(#5225),#5229);
#5225 = LINE('',#5226,#5227);
#5226 = CARTESIAN_POINT('',(0.,0.));
#5227 = VECTOR('',#5228,1.);
#5228 = DIRECTION('',(1.,0.));
#5229 = ( GEOMETRIC_REPRESENTATION_CONTEXT(2)
PARAMETRIC_REPRESENTATION_CONTEXT() REPRESENTATION_CONTEXT('2D SPACE',''
  ) );
#5230 = PCURVE('',#5131,#5231);
#5231 = DEFINITIONAL_REPRESENTATION('',(#5232),#5236);
#5232 = LINE('',#5233,#5234);
#5233 = CARTESIAN_POINT('',(1.570796326795,-1.570796326795));
#5234 = VECTOR('',#5235,1.);
#5235 = DIRECTION('',(0.,1.));
#5236 = ( GEOMETRIC_REPRESENTATION_CONTEXT(2)
PARAMETRIC_REPRESENTATION_CONTEXT() REPRESENTATION_CONTEXT('2D SPACE',''
  ) );
#5237 = ADVANCED_FACE('',(#5238),#5183,.T.);
#5238 = FACE_BOUND('',#5239,.T.);
#5239 = EDGE_LOOP('',(#5240,#5241));
#5240 = ORIENTED_EDGE('',*,*,#5194,.T.);
#5241 = ORIENTED_EDGE('',*,*,#5166,.T.);
#5242 = ADVANCED_FACE('',(#5243),#5131,.T.);
#5243 = FACE_BOUND('',#5244,.T.);
#5244 = EDGE_LOOP('',(#5245,#5246));
#5245 = ORIENTED_EDGE('',*,*,#5107,.F.);
#5246 = ORIENTED_EDGE('',*,*,#5216,.F.);
#5247 = ( GEOMETRIC_REPRESENTATION_CONTEXT(3)
GLOBAL_UNCERTAINTY_ASSIGNED_CONTEXT((#5251))
GLOBAL_UNIT_ASSIGNED_CONTEXT((#5248,#5249,#5250)) REPRESENTATION_CONTEXT
('Context #1','3D Context with UNIT and UNCERTAINTY') );
#5248 = ( LENGTH_UNIT() NAMED_UNIT(*) SI_UNIT(.MILLI.,.METRE.) );
#5249 = ( NAMED_UNIT(*) PLANE_ANGLE_UNIT() SI_UNIT($,.RADIAN.) );
#5250 = ( NAMED_UNIT(*) SI_UNIT($,.STERADIAN.) SOLID_ANGLE_UNIT() );
#5251 = UNCERTAINTY_MEASURE_WITH_UNIT(LENGTH_MEASURE(1.E-07),#5248,
  'distance_accuracy_value','confusion accuracy');
#5252 = CONTEXT_DEPENDENT_SHAPE_REPRESENTATION(#5253,#5255);
#5253 = ( REPRESENTATION_RELATIONSHIP('','',#5100,#10)
REPRESENTATION_RELATIONSHIP_WITH_TRANSFORMATION(#5254)
SHAPE_REPRESENTATION_RELATIONSHIP() );
#5254 = ITEM_DEFINED_TRANSFORMATION('','',#11,#31);
#5255 = PRODUCT_DEFINITION_SHAPE('Placement','Placement of an item',
  #5256);
#5256 = NEXT_ASSEMBLY_USAGE_OCCURRENCE('9','hps_bulb_glass','',#5,#5095,
  $);
#5257 = PRODUCT_RELATED_PRODUCT_CATEGORY('part',$,(#5097));
#5258 = SHAPE_DEFINITION_REPRESENTATION(#5259,#5265);
#5259 = PRODUCT_DEFINITION_SHAPE('','',#5260);
#5260 = PRODUCT_DEFINITION('design','',#5261,#5264);
#5261 = PRODUCT_DEFINITION_FORMATION('','',#5262);
#5262 = PRODUCT('hps_inner_arc_tube','hps_inner_arc_tube','',(#5263));
#5263 = PRODUCT_CONTEXT('',#2,'mechanical');
#5264 = PRODUCT_DEFINITION_CONTEXT('part definition',#2,'design');
#5265 = ADVANCED_BREP_SHAPE_REPRESENTATION('',(#11,#5266),#5544);
#5266 = MANIFOLD_SOLID_BREP('',#5267);
#5267 = CLOSED_SHELL('',(#5268,#5356,#5391,#5426,#5481,#5536,#5540));
#5268 = ADVANCED_FACE('',(#5269),#5282,.T.);
#5269 = FACE_BOUND('',#5270,.T.);
#5270 = EDGE_LOOP('',(#5271,#5305,#5328,#5355));
#5271 = ORIENTED_EDGE('',*,*,#5272,.F.);
#5272 = EDGE_CURVE('',#5273,#5273,#5275,.T.);
#5273 = VERTEX_POINT('',#5274);
#5274 = CARTESIAN_POINT('',(44.5,-1.469576158977E-15,-144.));
#5275 = SURFACE_CURVE('',#5276,(#5281,#5293),.PCURVE_S1.);
#5276 = CIRCLE('',#5277,6.);
#5277 = AXIS2_PLACEMENT_3D('',#5278,#5279,#5280);
#5278 = CARTESIAN_POINT('',(44.5,0.,-138.));
#5279 = DIRECTION('',(1.,-0.,1.110223024625E-16));
#5280 = DIRECTION('',(1.110223024625E-16,0.,-1.));
#5281 = PCURVE('',#5282,#5287);
#5282 = CYLINDRICAL_SURFACE('',#5283,6.);
#5283 = AXIS2_PLACEMENT_3D('',#5284,#5285,#5286);
#5284 = CARTESIAN_POINT('',(-60.5,0.,-138.));
#5285 = DIRECTION('',(1.,0.,1.110223024625E-16));
#5286 = DIRECTION('',(1.110223024625E-16,0.,-1.));
#5287 = DEFINITIONAL_REPRESENTATION('',(#5288),#5292);
#5288 = LINE('',#5289,#5290);
#5289 = CARTESIAN_POINT('',(0.,105.));
#5290 = VECTOR('',#5291,1.);
#5291 = DIRECTION('',(1.,0.));
#5292 = ( GEOMETRIC_REPRESENTATION_CONTEXT(2)
PARAMETRIC_REPRESENTATION_CONTEXT() REPRESENTATION_CONTEXT('2D SPACE',''
  ) );
#5293 = PCURVE('',#5294,#5299);
#5294 = PLANE('',#5295);
#5295 = AXIS2_PLACEMENT_3D('',#5296,#5297,#5298);
#5296 = CARTESIAN_POINT('',(44.5,0.,-138.));
#5297 = DIRECTION('',(1.,0.,1.110223024625E-16));
#5298 = DIRECTION('',(1.110223024625E-16,0.,-1.));
#5299 = DEFINITIONAL_REPRESENTATION('',(#5300),#5304);
#5300 = CIRCLE('',#5301,6.);
#5301 = AXIS2_PLACEMENT_2D('',#5302,#5303);
#5302 = CARTESIAN_POINT('',(0.,0.));
#5303 = DIRECTION('',(1.,0.));
#5304 = ( GEOMETRIC_REPRESENTATION_CONTEXT(2)
PARAMETRIC_REPRESENTATION_CONTEXT() REPRESENTATION_CONTEXT('2D SPACE',''
  ) );
#5305 = ORIENTED_EDGE('',*,*,#5306,.F.);
#5306 = EDGE_CURVE('',#5307,#5273,#5309,.T.);
#5307 = VERTEX_POINT('',#5308);
#5308 = CARTESIAN_POINT('',(-60.5,-1.469576158977E-15,-144.));
#5309 = SEAM_CURVE('',#5310,(#5314,#5321),.PCURVE_S1.);
#5310 = LINE('',#5311,#5312);
#5311 = CARTESIAN_POINT('',(-60.5,-1.469576158977E-15,-144.));
#5312 = VECTOR('',#5313,1.);
#5313 = DIRECTION('',(1.,0.,1.110223024625E-16));
#5314 = PCURVE('',#5282,#5315);
#5315 = DEFINITIONAL_REPRESENTATION('',(#5316),#5320);
#5316 = LINE('',#5317,#5318);
#5317 = CARTESIAN_POINT('',(6.28318530718,-0.));
#5318 = VECTOR('',#5319,1.);
#5319 = DIRECTION('',(0.,1.));
#5320 = ( GEOMETRIC_REPRESENTATION_CONTEXT(2)
PARAMETRIC_REPRESENTATION_CONTEXT() REPRESENTATION_CONTEXT('2D SPACE',''
  ) );
#5321 = PCURVE('',#5282,#5322);
#5322 = DEFINITIONAL_REPRESENTATION('',(#5323),#5327);
#5323 = LINE('',#5324,#5325);
#5324 = CARTESIAN_POINT('',(0.,-0.));
#5325 = VECTOR('',#5326,1.);
#5326 = DIRECTION('',(0.,1.));
#5327 = ( GEOMETRIC_REPRESENTATION_CONTEXT(2)
PARAMETRIC_REPRESENTATION_CONTEXT() REPRESENTATION_CONTEXT('2D SPACE',''
  ) );
#5328 = ORIENTED_EDGE('',*,*,#5329,.T.);
#5329 = EDGE_CURVE('',#5307,#5307,#5330,.T.);
#5330 = SURFACE_CURVE('',#5331,(#5336,#5343),.PCURVE_S1.);
#5331 = CIRCLE('',#5332,6.);
#5332 = AXIS2_PLACEMENT_3D('',#5333,#5334,#5335);
#5333 = CARTESIAN_POINT('',(-60.5,0.,-138.));
#5334 = DIRECTION('',(1.,-0.,1.110223024625E-16));
#5335 = DIRECTION('',(1.110223024625E-16,0.,-1.));
#5336 = PCURVE('',#5282,#5337);
#5337 = DEFINITIONAL_REPRESENTATION('',(#5338),#5342);
#5338 = LINE('',#5339,#5340);
#5339 = CARTESIAN_POINT('',(0.,0.));
#5340 = VECTOR('',#5341,1.);
#5341 = DIRECTION('',(1.,0.));
#5342 = ( GEOMETRIC_REPRESENTATION_CONTEXT(2)
PARAMETRIC_REPRESENTATION_CONTEXT() REPRESENTATION_CONTEXT('2D SPACE',''
  ) );
#5343 = PCURVE('',#5344,#5349);
#5344 = PLANE('',#5345);
#5345 = AXIS2_PLACEMENT_3D('',#5346,#5347,#5348);
#5346 = CARTESIAN_POINT('',(-60.5,0.,-138.));
#5347 = DIRECTION('',(1.,0.,1.110223024625E-16));
#5348 = DIRECTION('',(1.110223024625E-16,0.,-1.));
#5349 = DEFINITIONAL_REPRESENTATION('',(#5350),#5354);
#5350 = CIRCLE('',#5351,6.);
#5351 = AXIS2_PLACEMENT_2D('',#5352,#5353);
#5352 = CARTESIAN_POINT('',(0.,0.));
#5353 = DIRECTION('',(1.,0.));
#5354 = ( GEOMETRIC_REPRESENTATION_CONTEXT(2)
PARAMETRIC_REPRESENTATION_CONTEXT() REPRESENTATION_CONTEXT('2D SPACE',''
  ) );
#5355 = ORIENTED_EDGE('',*,*,#5306,.T.);
#5356 = ADVANCED_FACE('',(#5357,#5360),#5294,.T.);
#5357 = FACE_BOUND('',#5358,.T.);
#5358 = EDGE_LOOP('',(#5359));
#5359 = ORIENTED_EDGE('',*,*,#5272,.T.);
#5360 = FACE_BOUND('',#5361,.T.);
#5361 = EDGE_LOOP('',(#5362));
#5362 = ORIENTED_EDGE('',*,*,#5363,.F.);
#5363 = EDGE_CURVE('',#5364,#5364,#5366,.T.);
#5364 = VERTEX_POINT('',#5365);
#5365 = CARTESIAN_POINT('',(44.5,-4.898587196589E-16,-140.));
#5366 = SURFACE_CURVE('',#5367,(#5372,#5379),.PCURVE_S1.);
#5367 = CIRCLE('',#5368,2.);
#5368 = AXIS2_PLACEMENT_3D('',#5369,#5370,#5371);
#5369 = CARTESIAN_POINT('',(44.5,0.,-138.));
#5370 = DIRECTION('',(1.,0.,1.110223024625E-16));
#5371 = DIRECTION('',(1.110223024625E-16,0.,-1.));
#5372 = PCURVE('',#5294,#5373);
#5373 = DEFINITIONAL_REPRESENTATION('',(#5374),#5378);
#5374 = CIRCLE('',#5375,2.);
#5375 = AXIS2_PLACEMENT_2D('',#5376,#5377);
#5376 = CARTESIAN_POINT('',(0.,0.));
#5377 = DIRECTION('',(1.,0.));
#5378 = ( GEOMETRIC_REPRESENTATION_CONTEXT(2)
PARAMETRIC_REPRESENTATION_CONTEXT() REPRESENTATION_CONTEXT('2D SPACE',''
  ) );
#5379 = PCURVE('',#5380,#5385);
#5380 = CYLINDRICAL_SURFACE('',#5381,2.);
#5381 = AXIS2_PLACEMENT_3D('',#5382,#5383,#5384);
#5382 = CARTESIAN_POINT('',(44.,0.,-138.));
#5383 = DIRECTION('',(1.,0.,1.110223024625E-16));
#5384 = DIRECTION('',(1.110223024625E-16,0.,-1.));
#5385 = DEFINITIONAL_REPRESENTATION('',(#5386),#5390);
#5386 = LINE('',#5387,#5388);
#5387 = CARTESIAN_POINT('',(0.,0.5));
#5388 = VECTOR('',#5389,1.);
#5389 = DIRECTION('',(1.,0.));
#5390 = ( GEOMETRIC_REPRESENTATION_CONTEXT(2)
PARAMETRIC_REPRESENTATION_CONTEXT() REPRESENTATION_CONTEXT('2D SPACE',''
  ) );
#5391 = ADVANCED_FACE('',(#5392,#5395),#5344,.F.);
#5392 = FACE_BOUND('',#5393,.F.);
#5393 = EDGE_LOOP('',(#5394));
#5394 = ORIENTED_EDGE('',*,*,#5329,.T.);
#5395 = FACE_BOUND('',#5396,.F.);
#5396 = EDGE_LOOP('',(#5397));
#5397 = ORIENTED_EDGE('',*,*,#5398,.F.);
#5398 = EDGE_CURVE('',#5399,#5399,#5401,.T.);
#5399 = VERTEX_POINT('',#5400);
#5400 = CARTESIAN_POINT('',(-60.5,-4.898587196589E-16,-140.));
#5401 = SURFACE_CURVE('',#5402,(#5407,#5414),.PCURVE_S1.);
#5402 = CIRCLE('',#5403,2.);
#5403 = AXIS2_PLACEMENT_3D('',#5404,#5405,#5406);
#5404 = CARTESIAN_POINT('',(-60.5,0.,-138.));
#5405 = DIRECTION('',(1.,0.,1.110223024625E-16));
#5406 = DIRECTION('',(1.110223024625E-16,0.,-1.));
#5407 = PCURVE('',#5344,#5408);
#5408 = DEFINITIONAL_REPRESENTATION('',(#5409),#5413);
#5409 = CIRCLE('',#5410,2.);
#5410 = AXIS2_PLACEMENT_2D('',#5411,#5412);
#5411 = CARTESIAN_POINT('',(0.,0.));
#5412 = DIRECTION('',(1.,0.));
#5413 = ( GEOMETRIC_REPRESENTATION_CONTEXT(2)
PARAMETRIC_REPRESENTATION_CONTEXT() REPRESENTATION_CONTEXT('2D SPACE',''
  ) );
#5414 = PCURVE('',#5415,#5420);
#5415 = CYLINDRICAL_SURFACE('',#5416,2.);
#5416 = AXIS2_PLACEMENT_3D('',#5417,#5418,#5419);
#5417 = CARTESIAN_POINT('',(-92.,0.,-138.));
#5418 = DIRECTION('',(1.,0.,1.110223024625E-16));
#5419 = DIRECTION('',(1.110223024625E-16,0.,-1.));
#5420 = DEFINITIONAL_REPRESENTATION('',(#5421),#5425);
#5421 = LINE('',#5422,#5423);
#5422 = CARTESIAN_POINT('',(0.,31.5));
#5423 = VECTOR('',#5424,1.);
#5424 = DIRECTION('',(1.,0.));
#5425 = ( GEOMETRIC_REPRESENTATION_CONTEXT(2)
PARAMETRIC_REPRESENTATION_CONTEXT() REPRESENTATION_CONTEXT('2D SPACE',''
  ) );
#5426 = ADVANCED_FACE('',(#5427),#5380,.T.);
#5427 = FACE_BOUND('',#5428,.T.);
#5428 = EDGE_LOOP('',(#5429,#5452,#5479,#5480));
#5429 = ORIENTED_EDGE('',*,*,#5430,.T.);
#5430 = EDGE_CURVE('',#5364,#5431,#5433,.T.);
#5431 = VERTEX_POINT('',#5432);
#5432 = CARTESIAN_POINT('',(76.,-4.898587196589E-16,-140.));
#5433 = SEAM_CURVE('',#5434,(#5438,#5445),.PCURVE_S1.);
#5434 = LINE('',#5435,#5436);
#5435 = CARTESIAN_POINT('',(44.,-4.898587196589E-16,-140.));
#5436 = VECTOR('',#5437,1.);
#5437 = DIRECTION('',(1.,0.,1.110223024625E-16));
#5438 = PCURVE('',#5380,#5439);
#5439 = DEFINITIONAL_REPRESENTATION('',(#5440),#5444);
#5440 = LINE('',#5441,#5442);
#5441 = CARTESIAN_POINT('',(6.28318530718,-0.));
#5442 = VECTOR('',#5443,1.);
#5443 = DIRECTION('',(0.,1.));
#5444 = ( GEOMETRIC_REPRESENTATION_CONTEXT(2)
PARAMETRIC_REPRESENTATION_CONTEXT() REPRESENTATION_CONTEXT('2D SPACE',''
  ) );
#5445 = PCURVE('',#5380,#5446);
#5446 = DEFINITIONAL_REPRESENTATION('',(#5447),#5451);
#5447 = LINE('',#5448,#5449);
#5448 = CARTESIAN_POINT('',(0.,-0.));
#5449 = VECTOR('',#5450,1.);
#5450 = DIRECTION('',(0.,1.));
#5451 = ( GEOMETRIC_REPRESENTATION_CONTEXT(2)
PARAMETRIC_REPRESENTATION_CONTEXT() REPRESENTATION_CONTEXT('2D SPACE',''
  ) );
#5452 = ORIENTED_EDGE('',*,*,#5453,.F.);
#5453 = EDGE_CURVE('',#5431,#5431,#5454,.T.);
#5454 = SURFACE_CURVE('',#5455,(#5460,#5467),.PCURVE_S1.);
#5455 = CIRCLE('',#5456,2.);
#5456 = AXIS2_PLACEMENT_3D('',#5457,#5458,#5459);
#5457 = CARTESIAN_POINT('',(76.,0.,-138.));
#5458 = DIRECTION('',(1.,-0.,1.110223024625E-16));
#5459 = DIRECTION('',(1.110223024625E-16,0.,-1.));
#5460 = PCURVE('',#5380,#5461);
#5461 = DEFINITIONAL_REPRESENTATION('',(#5462),#5466);
#5462 = LINE('',#5463,#5464);
#5463 = CARTESIAN_POINT('',(0.,32.));
#5464 = VECTOR('',#5465,1.);
#5465 = DIRECTION('',(1.,0.));
#5466 = ( GEOMETRIC_REPRESENTATION_CONTEXT(2)
PARAMETRIC_REPRESENTATION_CONTEXT() REPRESENTATION_CONTEXT('2D SPACE',''
  ) );
#5467 = PCURVE('',#5468,#5473);
#5468 = PLANE('',#5469);
#5469 = AXIS2_PLACEMENT_3D('',#5470,#5471,#5472);
#5470 = CARTESIAN_POINT('',(76.,0.,-138.));
#5471 = DIRECTION('',(1.,0.,1.110223024625E-16));
#5472 = DIRECTION('',(1.110223024625E-16,0.,-1.));
#5473 = DEFINITIONAL_REPRESENTATION('',(#5474),#5478);
#5474 = CIRCLE('',#5475,2.);
#5475 = AXIS2_PLACEMENT_2D('',#5476,#5477);
#5476 = CARTESIAN_POINT('',(0.,0.));
#5477 = DIRECTION('',(1.,0.));
#5478 = ( GEOMETRIC_REPRESENTATION_CONTEXT(2)
PARAMETRIC_REPRESENTATION_CONTEXT() REPRESENTATION_CONTEXT('2D SPACE',''
  ) );
#5479 = ORIENTED_EDGE('',*,*,#5430,.F.);
#5480 = ORIENTED_EDGE('',*,*,#5363,.T.);
#5481 = ADVANCED_FACE('',(#5482),#5415,.T.);
#5482 = FACE_BOUND('',#5483,.T.);
#5483 = EDGE_LOOP('',(#5484,#5485,#5508,#5535));
#5484 = ORIENTED_EDGE('',*,*,#5398,.F.);
#5485 = ORIENTED_EDGE('',*,*,#5486,.F.);
#5486 = EDGE_CURVE('',#5487,#5399,#5489,.T.);
#5487 = VERTEX_POINT('',#5488);
#5488 = CARTESIAN_POINT('',(-92.,-4.898587196589E-16,-140.));
#5489 = SEAM_CURVE('',#5490,(#5494,#5501),.PCURVE_S1.);
#5490 = LINE('',#5491,#5492);
#5491 = CARTESIAN_POINT('',(-92.,-4.898587196589E-16,-140.));
#5492 = VECTOR('',#5493,1.);
#5493 = DIRECTION('',(1.,0.,1.110223024625E-16));
#5494 = PCURVE('',#5415,#5495);
#5495 = DEFINITIONAL_REPRESENTATION('',(#5496),#5500);
#5496 = LINE('',#5497,#5498);
#5497 = CARTESIAN_POINT('',(6.28318530718,-0.));
#5498 = VECTOR('',#5499,1.);
#5499 = DIRECTION('',(0.,1.));
#5500 = ( GEOMETRIC_REPRESENTATION_CONTEXT(2)
PARAMETRIC_REPRESENTATION_CONTEXT() REPRESENTATION_CONTEXT('2D SPACE',''
  ) );
#5501 = PCURVE('',#5415,#5502);
#5502 = DEFINITIONAL_REPRESENTATION('',(#5503),#5507);
#5503 = LINE('',#5504,#5505);
#5504 = CARTESIAN_POINT('',(0.,-0.));
#5505 = VECTOR('',#5506,1.);
#5506 = DIRECTION('',(0.,1.));
#5507 = ( GEOMETRIC_REPRESENTATION_CONTEXT(2)
PARAMETRIC_REPRESENTATION_CONTEXT() REPRESENTATION_CONTEXT('2D SPACE',''
  ) );
#5508 = ORIENTED_EDGE('',*,*,#5509,.T.);
#5509 = EDGE_CURVE('',#5487,#5487,#5510,.T.);
#5510 = SURFACE_CURVE('',#5511,(#5516,#5523),.PCURVE_S1.);
#5511 = CIRCLE('',#5512,2.);
#5512 = AXIS2_PLACEMENT_3D('',#5513,#5514,#5515);
#5513 = CARTESIAN_POINT('',(-92.,0.,-138.));
#5514 = DIRECTION('',(1.,-0.,1.110223024625E-16));
#5515 = DIRECTION('',(1.110223024625E-16,0.,-1.));
#5516 = PCURVE('',#5415,#5517);
#5517 = DEFINITIONAL_REPRESENTATION('',(#5518),#5522);
#5518 = LINE('',#5519,#5520);
#5519 = CARTESIAN_POINT('',(0.,0.));
#5520 = VECTOR('',#5521,1.);
#5521 = DIRECTION('',(1.,0.));
#5522 = ( GEOMETRIC_REPRESENTATION_CONTEXT(2)
PARAMETRIC_REPRESENTATION_CONTEXT() REPRESENTATION_CONTEXT('2D SPACE',''
  ) );
#5523 = PCURVE('',#5524,#5529);
#5524 = PLANE('',#5525);
#5525 = AXIS2_PLACEMENT_3D('',#5526,#5527,#5528);
#5526 = CARTESIAN_POINT('',(-92.,0.,-138.));
#5527 = DIRECTION('',(1.,0.,1.110223024625E-16));
#5528 = DIRECTION('',(1.110223024625E-16,0.,-1.));
#5529 = DEFINITIONAL_REPRESENTATION('',(#5530),#5534);
#5530 = CIRCLE('',#5531,2.);
#5531 = AXIS2_PLACEMENT_2D('',#5532,#5533);
#5532 = CARTESIAN_POINT('',(0.,0.));
#5533 = DIRECTION('',(1.,0.));
#5534 = ( GEOMETRIC_REPRESENTATION_CONTEXT(2)
PARAMETRIC_REPRESENTATION_CONTEXT() REPRESENTATION_CONTEXT('2D SPACE',''
  ) );
#5535 = ORIENTED_EDGE('',*,*,#5486,.T.);
#5536 = ADVANCED_FACE('',(#5537),#5468,.T.);
#5537 = FACE_BOUND('',#5538,.T.);
#5538 = EDGE_LOOP('',(#5539));
#5539 = ORIENTED_EDGE('',*,*,#5453,.T.);
#5540 = ADVANCED_FACE('',(#5541),#5524,.F.);
#5541 = FACE_BOUND('',#5542,.T.);
#5542 = EDGE_LOOP('',(#5543));
#5543 = ORIENTED_EDGE('',*,*,#5509,.F.);
#5544 = ( GEOMETRIC_REPRESENTATION_CONTEXT(3)
GLOBAL_UNCERTAINTY_ASSIGNED_CONTEXT((#5548))
GLOBAL_UNIT_ASSIGNED_CONTEXT((#5545,#5546,#5547)) REPRESENTATION_CONTEXT
('Context #1','3D Context with UNIT and UNCERTAINTY') );
#5545 = ( LENGTH_UNIT() NAMED_UNIT(*) SI_UNIT(.MILLI.,.METRE.) );
#5546 = ( NAMED_UNIT(*) PLANE_ANGLE_UNIT() SI_UNIT($,.RADIAN.) );
#5547 = ( NAMED_UNIT(*) SI_UNIT($,.STERADIAN.) SOLID_ANGLE_UNIT() );
#5548 = UNCERTAINTY_MEASURE_WITH_UNIT(LENGTH_MEASURE(1.E-07),#5545,
  'distance_accuracy_value','confusion accuracy');
#5549 = CONTEXT_DEPENDENT_SHAPE_REPRESENTATION(#5550,#5552);
#5550 = ( REPRESENTATION_RELATIONSHIP('','',#5265,#10)
REPRESENTATION_RELATIONSHIP_WITH_TRANSFORMATION(#5551)
SHAPE_REPRESENTATION_RELATIONSHIP() );
#5551 = ITEM_DEFINED_TRANSFORMATION('','',#11,#35);
#5552 = PRODUCT_DEFINITION_SHAPE('Placement','Placement of an item',
  #5553);
#5553 = NEXT_ASSEMBLY_USAGE_OCCURRENCE('10','hps_inner_arc_tube','',#5,
  #5260,$);
#5554 = PRODUCT_RELATED_PRODUCT_CATEGORY('part',$,(#5262));
ENDSEC;
END-ISO-10303-21;
